2025-08-27 13:21:18,427 - INFO - Spacecraft charging simulator initialized
2025-08-27 13:21:18,427 - INFO - Generating training data...
2025-08-27 13:23:25,884 - INFO - Spacecraft charging simulator initialized
2025-08-27 13:23:25,884 - INFO - Generating training data...
2025-08-27 13:26:24,131 - INFO - Spacecraft charging simulator initialized
2025-08-27 13:26:24,131 - INFO - Generating training data...
2025-08-27 13:27:49,038 - INFO - Spacecraft charging simulator initialized
2025-08-27 13:27:49,040 - INFO - Generating training data...
2025-08-27 13:27:58,219 - INFO - Spacecraft charging simulator initialized
2025-08-27 13:27:58,228 - INFO - Generating training data...
2025-08-27 13:27:58,261 - WARNING - ODE solver failed: Required step size is less than spacing between numbers.
2025-08-27 13:27:58,284 - WARNING - ODE solver failed: Required step size is less than spacing between numbers.
2025-08-27 13:27:58,307 - WARNING - ODE solver failed: Required step size is less than spacing between numbers.
2025-08-27 13:27:58,330 - WARNING - ODE solver failed: Required step size is less than spacing between numbers.
2025-08-27 13:27:58,352 - WARNING - ODE solver failed: Required step size is less than spacing between numbers.
2025-08-27 13:27:58,375 - WARNING - ODE solver failed: Required step size is less than spacing between numbers.
2025-08-27 13:27:58,398 - WARNING - ODE solver failed: Required step size is less than spacing between numbers.
2025-08-27 13:27:58,421 - WARNING - ODE solver failed: Required step size is less than spacing between numbers.
2025-08-27 13:27:58,444 - WARNING - ODE solver failed: Required step size is less than spacing between numbers.
2025-08-27 13:27:58,467 - WARNING - ODE solver failed: Required step size is less than spacing between numbers.
2025-08-27 13:27:58,491 - WARNING - ODE solver failed: Required step size is less than spacing between numbers.
2025-08-27 13:27:58,518 - WARNING - ODE solver failed: Required step size is less than spacing between numbers.
2025-08-27 13:27:58,542 - WARNING - ODE solver failed: Required step size is less than spacing between numbers.
2025-08-27 13:27:58,565 - WARNING - ODE solver failed: Required step size is less than spacing between numbers.
2025-08-27 13:27:58,589 - WARNING - ODE solver failed: Required step size is less than spacing between numbers.
2025-08-27 13:27:58,613 - WARNING - ODE solver failed: Required step size is less than spacing between numbers.
2025-08-27 13:27:58,636 - WARNING - ODE solver failed: Required step size is less than spacing between numbers.
2025-08-27 13:27:58,659 - WARNING - ODE solver failed: Required step size is less than spacing between numbers.
2025-08-27 13:27:58,682 - WARNING - ODE solver failed: Required step size is less than spacing between numbers.
2025-08-27 13:27:58,705 - WARNING - ODE solver failed: Required step size is less than spacing between numbers.
2025-08-27 13:27:58,728 - WARNING - ODE solver failed: Required step size is less than spacing between numbers.
2025-08-27 13:27:58,751 - WARNING - ODE solver failed: Required step size is less than spacing between numbers.
2025-08-27 13:27:58,775 - WARNING - ODE solver failed: Required step size is less than spacing between numbers.
2025-08-27 13:27:58,798 - WARNING - ODE solver failed: Required step size is less than spacing between numbers.
2025-08-27 13:27:58,825 - WARNING - ODE solver failed: Required step size is less than spacing between numbers.
2025-08-27 13:27:58,847 - WARNING - ODE solver failed: Required step size is less than spacing between numbers.
2025-08-27 13:27:58,870 - WARNING - ODE solver failed: Required step size is less than spacing between numbers.
2025-08-27 13:27:58,892 - WARNING - ODE solver failed: Required step size is less than spacing between numbers.
2025-08-27 13:27:58,915 - WARNING - ODE solver failed: Required step size is less than spacing between numbers.
2025-08-27 13:27:58,940 - WARNING - ODE solver failed: Required step size is less than spacing between numbers.
2025-08-27 13:27:58,963 - WARNING - ODE solver failed: Required step size is less than spacing between numbers.
2025-08-27 13:27:58,989 - WARNING - ODE solver failed: Required step size is less than spacing between numbers.
2025-08-27 13:27:59,015 - WARNING - ODE solver failed: Required step size is less than spacing between numbers.
2025-08-27 13:27:59,039 - WARNING - ODE solver failed: Required step size is less than spacing between numbers.
2025-08-27 13:27:59,041 - INFO - Generated 100/1000 training scenarios
2025-08-27 13:27:59,063 - WARNING - ODE solver failed: Required step size is less than spacing between numbers.
2025-08-27 13:27:59,087 - WARNING - ODE solver failed: Required step size is less than spacing between numbers.
2025-08-27 13:27:59,110 - WARNING - ODE solver failed: Required step size is less than spacing between numbers.
2025-08-27 13:27:59,133 - WARNING - ODE solver failed: Required step size is less than spacing between numbers.
2025-08-27 13:27:59,156 - WARNING - ODE solver failed: Required step size is less than spacing between numbers.
2025-08-27 13:27:59,179 - WARNING - ODE solver failed: Required step size is less than spacing between numbers.
2025-08-27 13:27:59,201 - WARNING - ODE solver failed: Required step size is less than spacing between numbers.
2025-08-27 13:27:59,224 - WARNING - ODE solver failed: Required step size is less than spacing between numbers.
2025-08-27 13:27:59,247 - WARNING - ODE solver failed: Required step size is less than spacing between numbers.
2025-08-27 13:27:59,270 - WARNING - ODE solver failed: Required step size is less than spacing between numbers.
2025-08-27 13:27:59,292 - WARNING - ODE solver failed: Required step size is less than spacing between numbers.
2025-08-27 13:27:59,315 - WARNING - ODE solver failed: Required step size is less than spacing between numbers.
2025-08-27 13:27:59,339 - WARNING - ODE solver failed: Required step size is less than spacing between numbers.
2025-08-27 13:27:59,361 - WARNING - ODE solver failed: Required step size is less than spacing between numbers.
2025-08-27 13:27:59,385 - WARNING - ODE solver failed: Required step size is less than spacing between numbers.
2025-08-27 13:27:59,408 - WARNING - ODE solver failed: Required step size is less than spacing between numbers.
2025-08-27 13:27:59,432 - WARNING - ODE solver failed: Required step size is less than spacing between numbers.
2025-08-27 13:27:59,454 - WARNING - ODE solver failed: Required step size is less than spacing between numbers.
2025-08-27 13:27:59,477 - WARNING - ODE solver failed: Required step size is less than spacing between numbers.
2025-08-27 13:27:59,500 - WARNING - ODE solver failed: Required step size is less than spacing between numbers.
2025-08-27 13:27:59,523 - WARNING - ODE solver failed: Required step size is less than spacing between numbers.
2025-08-27 13:27:59,556 - WARNING - ODE solver failed: Required step size is less than spacing between numbers.
2025-08-27 13:27:59,578 - WARNING - ODE solver failed: Required step size is less than spacing between numbers.
2025-08-27 13:27:59,602 - WARNING - ODE solver failed: Required step size is less than spacing between numbers.
2025-08-27 13:27:59,625 - WARNING - ODE solver failed: Required step size is less than spacing between numbers.
2025-08-27 13:27:59,648 - WARNING - ODE solver failed: Required step size is less than spacing between numbers.
2025-08-27 13:27:59,671 - WARNING - ODE solver failed: Required step size is less than spacing between numbers.
2025-08-27 13:27:59,695 - WARNING - ODE solver failed: Required step size is less than spacing between numbers.
2025-08-27 13:27:59,718 - WARNING - ODE solver failed: Required step size is less than spacing between numbers.
2025-08-27 13:27:59,741 - WARNING - ODE solver failed: Required step size is less than spacing between numbers.
2025-08-27 13:27:59,764 - WARNING - ODE solver failed: Required step size is less than spacing between numbers.
2025-08-27 13:27:59,786 - WARNING - ODE solver failed: Required step size is less than spacing between numbers.
2025-08-27 13:27:59,808 - WARNING - ODE solver failed: Required step size is less than spacing between numbers.
2025-08-27 13:27:59,811 - INFO - Generated 200/1000 training scenarios
2025-08-27 13:27:59,833 - WARNING - ODE solver failed: Required step size is less than spacing between numbers.
2025-08-27 13:27:59,856 - WARNING - ODE solver failed: Required step size is less than spacing between numbers.
2025-08-27 13:27:59,879 - WARNING - ODE solver failed: Required step size is less than spacing between numbers.
2025-08-27 13:27:59,902 - WARNING - ODE solver failed: Required step size is less than spacing between numbers.
2025-08-27 13:27:59,924 - WARNING - ODE solver failed: Required step size is less than spacing between numbers.
2025-08-27 13:27:59,948 - WARNING - ODE solver failed: Required step size is less than spacing between numbers.
2025-08-27 13:27:59,972 - WARNING - ODE solver failed: Required step size is less than spacing between numbers.
2025-08-27 13:27:59,997 - WARNING - ODE solver failed: Required step size is less than spacing between numbers.
2025-08-27 13:28:00,021 - WARNING - ODE solver failed: Required step size is less than spacing between numbers.
2025-08-27 13:28:00,043 - WARNING - ODE solver failed: Required step size is less than spacing between numbers.
2025-08-27 13:28:00,065 - WARNING - ODE solver failed: Required step size is less than spacing between numbers.
2025-08-27 13:28:00,087 - WARNING - ODE solver failed: Required step size is less than spacing between numbers.
2025-08-27 13:28:00,111 - WARNING - ODE solver failed: Required step size is less than spacing between numbers.
2025-08-27 13:28:00,134 - WARNING - ODE solver failed: Required step size is less than spacing between numbers.
2025-08-27 13:28:00,157 - WARNING - ODE solver failed: Required step size is less than spacing between numbers.
2025-08-27 13:28:00,180 - WARNING - ODE solver failed: Required step size is less than spacing between numbers.
2025-08-27 13:28:00,203 - WARNING - ODE solver failed: Required step size is less than spacing between numbers.
2025-08-27 13:28:00,225 - WARNING - ODE solver failed: Required step size is less than spacing between numbers.
2025-08-27 13:28:00,248 - WARNING - ODE solver failed: Required step size is less than spacing between numbers.
2025-08-27 13:28:00,272 - WARNING - ODE solver failed: Required step size is less than spacing between numbers.
2025-08-27 13:28:00,294 - WARNING - ODE solver failed: Required step size is less than spacing between numbers.
2025-08-27 13:28:00,318 - WARNING - ODE solver failed: Required step size is less than spacing between numbers.
2025-08-27 13:28:00,341 - WARNING - ODE solver failed: Required step size is less than spacing between numbers.
2025-08-27 13:28:00,364 - WARNING - ODE solver failed: Required step size is less than spacing between numbers.
2025-08-27 13:28:00,388 - WARNING - ODE solver failed: Required step size is less than spacing between numbers.
2025-08-27 13:28:00,411 - WARNING - ODE solver failed: Required step size is less than spacing between numbers.
2025-08-27 13:28:00,435 - WARNING - ODE solver failed: Required step size is less than spacing between numbers.
2025-08-27 13:28:00,458 - WARNING - ODE solver failed: Required step size is less than spacing between numbers.
2025-08-27 13:28:00,481 - WARNING - ODE solver failed: Required step size is less than spacing between numbers.
2025-08-27 13:28:00,505 - WARNING - ODE solver failed: Required step size is less than spacing between numbers.
2025-08-27 13:28:00,529 - WARNING - ODE solver failed: Required step size is less than spacing between numbers.
2025-08-27 13:28:00,553 - WARNING - ODE solver failed: Required step size is less than spacing between numbers.
2025-08-27 13:28:00,576 - WARNING - ODE solver failed: Required step size is less than spacing between numbers.
2025-08-27 13:28:00,579 - INFO - Generated 300/1000 training scenarios
2025-08-27 13:28:00,599 - WARNING - ODE solver failed: Required step size is less than spacing between numbers.
2025-08-27 13:28:00,621 - WARNING - ODE solver failed: Required step size is less than spacing between numbers.
2025-08-27 13:28:00,645 - WARNING - ODE solver failed: Required step size is less than spacing between numbers.
2025-08-27 13:28:00,668 - WARNING - ODE solver failed: Required step size is less than spacing between numbers.
2025-08-27 13:28:00,691 - WARNING - ODE solver failed: Required step size is less than spacing between numbers.
2025-08-27 13:28:00,715 - WARNING - ODE solver failed: Required step size is less than spacing between numbers.
2025-08-27 13:28:00,737 - WARNING - ODE solver failed: Required step size is less than spacing between numbers.
2025-08-27 13:28:00,759 - WARNING - ODE solver failed: Required step size is less than spacing between numbers.
2025-08-27 13:28:00,781 - WARNING - ODE solver failed: Required step size is less than spacing between numbers.
2025-08-27 13:28:00,803 - WARNING - ODE solver failed: Required step size is less than spacing between numbers.
2025-08-27 13:28:00,829 - WARNING - ODE solver failed: Required step size is less than spacing between numbers.
2025-08-27 13:28:00,852 - WARNING - ODE solver failed: Required step size is less than spacing between numbers.
2025-08-27 13:28:00,875 - WARNING - ODE solver failed: Required step size is less than spacing between numbers.
2025-08-27 13:28:00,897 - WARNING - ODE solver failed: Required step size is less than spacing between numbers.
2025-08-27 13:28:00,920 - WARNING - ODE solver failed: Required step size is less than spacing between numbers.
2025-08-27 13:28:00,942 - WARNING - ODE solver failed: Required step size is less than spacing between numbers.
2025-08-27 13:28:00,965 - WARNING - ODE solver failed: Required step size is less than spacing between numbers.
2025-08-27 13:28:00,989 - WARNING - ODE solver failed: Required step size is less than spacing between numbers.
2025-08-27 13:28:01,011 - WARNING - ODE solver failed: Required step size is less than spacing between numbers.
2025-08-27 13:28:01,034 - WARNING - ODE solver failed: Required step size is less than spacing between numbers.
2025-08-27 13:28:01,058 - WARNING - ODE solver failed: Required step size is less than spacing between numbers.
2025-08-27 13:28:01,081 - WARNING - ODE solver failed: Required step size is less than spacing between numbers.
2025-08-27 13:28:01,103 - WARNING - ODE solver failed: Required step size is less than spacing between numbers.
2025-08-27 13:28:01,127 - WARNING - ODE solver failed: Required step size is less than spacing between numbers.
2025-08-27 13:28:01,150 - WARNING - ODE solver failed: Required step size is less than spacing between numbers.
2025-08-27 13:28:01,173 - WARNING - ODE solver failed: Required step size is less than spacing between numbers.
2025-08-27 13:28:01,196 - WARNING - ODE solver failed: Required step size is less than spacing between numbers.
2025-08-27 13:28:01,220 - WARNING - ODE solver failed: Required step size is less than spacing between numbers.
2025-08-27 13:28:01,243 - WARNING - ODE solver failed: Required step size is less than spacing between numbers.
2025-08-27 13:28:01,266 - WARNING - ODE solver failed: Required step size is less than spacing between numbers.
2025-08-27 13:28:01,290 - WARNING - ODE solver failed: Required step size is less than spacing between numbers.
2025-08-27 13:28:01,312 - WARNING - ODE solver failed: Required step size is less than spacing between numbers.
2025-08-27 13:28:01,335 - WARNING - ODE solver failed: Required step size is less than spacing between numbers.
2025-08-27 13:28:01,359 - WARNING - ODE solver failed: Required step size is less than spacing between numbers.
2025-08-27 13:28:01,360 - INFO - Generated 400/1000 training scenarios
2025-08-27 13:28:01,382 - WARNING - ODE solver failed: Required step size is less than spacing between numbers.
2025-08-27 13:28:01,405 - WARNING - ODE solver failed: Required step size is less than spacing between numbers.
2025-08-27 13:28:01,428 - WARNING - ODE solver failed: Required step size is less than spacing between numbers.
2025-08-27 13:28:01,451 - WARNING - ODE solver failed: Required step size is less than spacing between numbers.
2025-08-27 13:28:01,474 - WARNING - ODE solver failed: Required step size is less than spacing between numbers.
2025-08-27 13:28:01,496 - WARNING - ODE solver failed: Required step size is less than spacing between numbers.
2025-08-27 13:28:01,520 - WARNING - ODE solver failed: Required step size is less than spacing between numbers.
2025-08-27 13:28:01,542 - WARNING - ODE solver failed: Required step size is less than spacing between numbers.
2025-08-27 13:28:01,566 - WARNING - ODE solver failed: Required step size is less than spacing between numbers.
2025-08-27 13:28:01,591 - WARNING - ODE solver failed: Required step size is less than spacing between numbers.
2025-08-27 13:28:01,613 - WARNING - ODE solver failed: Required step size is less than spacing between numbers.
2025-08-27 13:28:01,636 - WARNING - ODE solver failed: Required step size is less than spacing between numbers.
2025-08-27 13:28:01,658 - WARNING - ODE solver failed: Required step size is less than spacing between numbers.
2025-08-27 13:28:01,680 - WARNING - ODE solver failed: Required step size is less than spacing between numbers.
2025-08-27 13:28:01,704 - WARNING - ODE solver failed: Required step size is less than spacing between numbers.
2025-08-27 13:28:01,728 - WARNING - ODE solver failed: Required step size is less than spacing between numbers.
2025-08-27 13:28:01,751 - WARNING - ODE solver failed: Required step size is less than spacing between numbers.
2025-08-27 13:28:01,774 - WARNING - ODE solver failed: Required step size is less than spacing between numbers.
2025-08-27 13:28:01,796 - WARNING - ODE solver failed: Required step size is less than spacing between numbers.
2025-08-27 13:28:01,821 - WARNING - ODE solver failed: Required step size is less than spacing between numbers.
2025-08-27 13:28:01,844 - WARNING - ODE solver failed: Required step size is less than spacing between numbers.
2025-08-27 13:28:01,867 - WARNING - ODE solver failed: Required step size is less than spacing between numbers.
2025-08-27 13:28:01,889 - WARNING - ODE solver failed: Required step size is less than spacing between numbers.
2025-08-27 13:28:01,912 - WARNING - ODE solver failed: Required step size is less than spacing between numbers.
2025-08-27 13:28:01,935 - WARNING - ODE solver failed: Required step size is less than spacing between numbers.
2025-08-27 13:28:01,959 - WARNING - ODE solver failed: Required step size is less than spacing between numbers.
2025-08-27 13:28:01,982 - WARNING - ODE solver failed: Required step size is less than spacing between numbers.
2025-08-27 13:28:02,006 - WARNING - ODE solver failed: Required step size is less than spacing between numbers.
2025-08-27 13:28:02,028 - WARNING - ODE solver failed: Required step size is less than spacing between numbers.
2025-08-27 13:28:02,052 - WARNING - ODE solver failed: Required step size is less than spacing between numbers.
2025-08-27 13:28:02,075 - WARNING - ODE solver failed: Required step size is less than spacing between numbers.
2025-08-27 13:28:02,098 - WARNING - ODE solver failed: Required step size is less than spacing between numbers.
2025-08-27 13:28:02,122 - WARNING - ODE solver failed: Required step size is less than spacing between numbers.
2025-08-27 13:28:02,125 - INFO - Generated 500/1000 training scenarios
2025-08-27 13:28:02,145 - WARNING - ODE solver failed: Required step size is less than spacing between numbers.
2025-08-27 13:28:02,168 - WARNING - ODE solver failed: Required step size is less than spacing between numbers.
2025-08-27 13:28:02,191 - WARNING - ODE solver failed: Required step size is less than spacing between numbers.
2025-08-27 13:28:02,214 - WARNING - ODE solver failed: Required step size is less than spacing between numbers.
2025-08-27 13:28:02,237 - WARNING - ODE solver failed: Required step size is less than spacing between numbers.
2025-08-27 13:28:02,259 - WARNING - ODE solver failed: Required step size is less than spacing between numbers.
2025-08-27 13:28:02,282 - WARNING - ODE solver failed: Required step size is less than spacing between numbers.
2025-08-27 13:28:02,306 - WARNING - ODE solver failed: Required step size is less than spacing between numbers.
2025-08-27 13:28:02,329 - WARNING - ODE solver failed: Required step size is less than spacing between numbers.
2025-08-27 13:28:02,353 - WARNING - ODE solver failed: Required step size is less than spacing between numbers.
2025-08-27 13:28:02,376 - WARNING - ODE solver failed: Required step size is less than spacing between numbers.
2025-08-27 13:28:02,398 - WARNING - ODE solver failed: Required step size is less than spacing between numbers.
2025-08-27 13:28:02,422 - WARNING - ODE solver failed: Required step size is less than spacing between numbers.
2025-08-27 13:28:02,444 - WARNING - ODE solver failed: Required step size is less than spacing between numbers.
2025-08-27 13:28:02,467 - WARNING - ODE solver failed: Required step size is less than spacing between numbers.
2025-08-27 13:28:02,491 - WARNING - ODE solver failed: Required step size is less than spacing between numbers.
2025-08-27 13:28:02,518 - WARNING - ODE solver failed: Required step size is less than spacing between numbers.
2025-08-27 13:28:02,544 - WARNING - ODE solver failed: Required step size is less than spacing between numbers.
2025-08-27 13:28:02,567 - WARNING - ODE solver failed: Required step size is less than spacing between numbers.
2025-08-27 13:28:02,590 - WARNING - ODE solver failed: Required step size is less than spacing between numbers.
2025-08-27 13:28:02,611 - WARNING - ODE solver failed: Required step size is less than spacing between numbers.
2025-08-27 13:28:02,635 - WARNING - ODE solver failed: Required step size is less than spacing between numbers.
2025-08-27 13:28:02,657 - WARNING - ODE solver failed: Required step size is less than spacing between numbers.
2025-08-27 13:28:02,680 - WARNING - ODE solver failed: Required step size is less than spacing between numbers.
2025-08-27 13:28:02,704 - WARNING - ODE solver failed: Required step size is less than spacing between numbers.
2025-08-27 13:28:02,727 - WARNING - ODE solver failed: Required step size is less than spacing between numbers.
2025-08-27 13:28:02,750 - WARNING - ODE solver failed: Required step size is less than spacing between numbers.
2025-08-27 13:28:02,773 - WARNING - ODE solver failed: Required step size is less than spacing between numbers.
2025-08-27 13:28:02,796 - WARNING - ODE solver failed: Required step size is less than spacing between numbers.
2025-08-27 13:28:02,820 - WARNING - ODE solver failed: Required step size is less than spacing between numbers.
2025-08-27 13:28:02,842 - WARNING - ODE solver failed: Required step size is less than spacing between numbers.
2025-08-27 13:28:02,865 - WARNING - ODE solver failed: Required step size is less than spacing between numbers.
2025-08-27 13:28:02,888 - WARNING - ODE solver failed: Required step size is less than spacing between numbers.
2025-08-27 13:28:02,891 - INFO - Generated 600/1000 training scenarios
2025-08-27 13:28:02,911 - WARNING - ODE solver failed: Required step size is less than spacing between numbers.
2025-08-27 13:28:02,934 - WARNING - ODE solver failed: Required step size is less than spacing between numbers.
2025-08-27 13:28:02,957 - WARNING - ODE solver failed: Required step size is less than spacing between numbers.
2025-08-27 13:28:02,980 - WARNING - ODE solver failed: Required step size is less than spacing between numbers.
2025-08-27 13:28:03,003 - WARNING - ODE solver failed: Required step size is less than spacing between numbers.
2025-08-27 13:28:03,025 - WARNING - ODE solver failed: Required step size is less than spacing between numbers.
2025-08-27 13:28:03,051 - WARNING - ODE solver failed: Required step size is less than spacing between numbers.
2025-08-27 13:28:03,074 - WARNING - ODE solver failed: Required step size is less than spacing between numbers.
2025-08-27 13:28:03,096 - WARNING - ODE solver failed: Required step size is less than spacing between numbers.
2025-08-27 13:28:03,118 - WARNING - ODE solver failed: Required step size is less than spacing between numbers.
2025-08-27 13:28:03,141 - WARNING - ODE solver failed: Required step size is less than spacing between numbers.
2025-08-27 13:28:03,164 - WARNING - ODE solver failed: Required step size is less than spacing between numbers.
2025-08-27 13:28:03,187 - WARNING - ODE solver failed: Required step size is less than spacing between numbers.
2025-08-27 13:28:03,211 - WARNING - ODE solver failed: Required step size is less than spacing between numbers.
2025-08-27 13:28:03,234 - WARNING - ODE solver failed: Required step size is less than spacing between numbers.
2025-08-27 13:28:03,256 - WARNING - ODE solver failed: Required step size is less than spacing between numbers.
2025-08-27 13:28:03,279 - WARNING - ODE solver failed: Required step size is less than spacing between numbers.
2025-08-27 13:28:03,304 - WARNING - ODE solver failed: Required step size is less than spacing between numbers.
2025-08-27 13:28:03,327 - WARNING - ODE solver failed: Required step size is less than spacing between numbers.
2025-08-27 13:28:03,350 - WARNING - ODE solver failed: Required step size is less than spacing between numbers.
2025-08-27 13:28:03,373 - WARNING - ODE solver failed: Required step size is less than spacing between numbers.
2025-08-27 13:28:03,395 - WARNING - ODE solver failed: Required step size is less than spacing between numbers.
2025-08-27 13:28:03,419 - WARNING - ODE solver failed: Required step size is less than spacing between numbers.
2025-08-27 13:28:03,442 - WARNING - ODE solver failed: Required step size is less than spacing between numbers.
2025-08-27 13:28:03,466 - WARNING - ODE solver failed: Required step size is less than spacing between numbers.
2025-08-27 13:28:03,489 - WARNING - ODE solver failed: Required step size is less than spacing between numbers.
2025-08-27 13:28:03,513 - WARNING - ODE solver failed: Required step size is less than spacing between numbers.
2025-08-27 13:28:03,536 - WARNING - ODE solver failed: Required step size is less than spacing between numbers.
2025-08-27 13:28:03,559 - WARNING - ODE solver failed: Required step size is less than spacing between numbers.
2025-08-27 13:28:03,581 - WARNING - ODE solver failed: Required step size is less than spacing between numbers.
2025-08-27 13:28:03,605 - WARNING - ODE solver failed: Required step size is less than spacing between numbers.
2025-08-27 13:28:03,628 - WARNING - ODE solver failed: Required step size is less than spacing between numbers.
2025-08-27 13:28:03,651 - WARNING - ODE solver failed: Required step size is less than spacing between numbers.
2025-08-27 13:28:03,674 - WARNING - ODE solver failed: Required step size is less than spacing between numbers.
2025-08-27 13:28:03,675 - INFO - Generated 700/1000 training scenarios
2025-08-27 13:28:03,697 - WARNING - ODE solver failed: Required step size is less than spacing between numbers.
2025-08-27 13:28:03,720 - WARNING - ODE solver failed: Required step size is less than spacing between numbers.
2025-08-27 13:28:03,743 - WARNING - ODE solver failed: Required step size is less than spacing between numbers.
2025-08-27 13:28:03,767 - WARNING - ODE solver failed: Required step size is less than spacing between numbers.
2025-08-27 13:28:03,789 - WARNING - ODE solver failed: Required step size is less than spacing between numbers.
2025-08-27 13:28:03,812 - WARNING - ODE solver failed: Required step size is less than spacing between numbers.
2025-08-27 13:28:03,837 - WARNING - ODE solver failed: Required step size is less than spacing between numbers.
2025-08-27 13:28:03,859 - WARNING - ODE solver failed: Required step size is less than spacing between numbers.
2025-08-27 13:28:03,882 - WARNING - ODE solver failed: Required step size is less than spacing between numbers.
2025-08-27 13:28:03,905 - WARNING - ODE solver failed: Required step size is less than spacing between numbers.
2025-08-27 13:28:03,928 - WARNING - ODE solver failed: Required step size is less than spacing between numbers.
2025-08-27 13:28:03,952 - WARNING - ODE solver failed: Required step size is less than spacing between numbers.
2025-08-27 13:28:03,974 - WARNING - ODE solver failed: Required step size is less than spacing between numbers.
2025-08-27 13:28:03,997 - WARNING - ODE solver failed: Required step size is less than spacing between numbers.
2025-08-27 13:28:04,019 - WARNING - ODE solver failed: Required step size is less than spacing between numbers.
2025-08-27 13:28:04,042 - WARNING - ODE solver failed: Required step size is less than spacing between numbers.
2025-08-27 13:28:04,066 - WARNING - ODE solver failed: Required step size is less than spacing between numbers.
2025-08-27 13:28:04,088 - WARNING - ODE solver failed: Required step size is less than spacing between numbers.
2025-08-27 13:28:04,111 - WARNING - ODE solver failed: Required step size is less than spacing between numbers.
2025-08-27 13:28:04,136 - WARNING - ODE solver failed: Required step size is less than spacing between numbers.
2025-08-27 13:28:04,159 - WARNING - ODE solver failed: Required step size is less than spacing between numbers.
2025-08-27 13:28:04,182 - WARNING - ODE solver failed: Required step size is less than spacing between numbers.
2025-08-27 13:28:04,205 - WARNING - ODE solver failed: Required step size is less than spacing between numbers.
2025-08-27 13:28:04,227 - WARNING - ODE solver failed: Required step size is less than spacing between numbers.
2025-08-27 13:28:04,250 - WARNING - ODE solver failed: Required step size is less than spacing between numbers.
2025-08-27 13:28:04,273 - WARNING - ODE solver failed: Required step size is less than spacing between numbers.
2025-08-27 13:28:04,295 - WARNING - ODE solver failed: Required step size is less than spacing between numbers.
2025-08-27 13:28:04,317 - WARNING - ODE solver failed: Required step size is less than spacing between numbers.
2025-08-27 13:28:04,340 - WARNING - ODE solver failed: Required step size is less than spacing between numbers.
2025-08-27 13:28:04,362 - WARNING - ODE solver failed: Required step size is less than spacing between numbers.
2025-08-27 13:28:04,387 - WARNING - ODE solver failed: Required step size is less than spacing between numbers.
2025-08-27 13:28:04,410 - WARNING - ODE solver failed: Required step size is less than spacing between numbers.
2025-08-27 13:28:04,432 - WARNING - ODE solver failed: Required step size is less than spacing between numbers.
2025-08-27 13:28:04,434 - INFO - Generated 800/1000 training scenarios
2025-08-27 13:28:04,455 - WARNING - ODE solver failed: Required step size is less than spacing between numbers.
2025-08-27 13:28:04,478 - WARNING - ODE solver failed: Required step size is less than spacing between numbers.
2025-08-27 13:28:04,502 - WARNING - ODE solver failed: Required step size is less than spacing between numbers.
2025-08-27 13:28:04,524 - WARNING - ODE solver failed: Required step size is less than spacing between numbers.
2025-08-27 13:28:04,547 - WARNING - ODE solver failed: Required step size is less than spacing between numbers.
2025-08-27 13:28:04,569 - WARNING - ODE solver failed: Required step size is less than spacing between numbers.
2025-08-27 13:28:04,592 - WARNING - ODE solver failed: Required step size is less than spacing between numbers.
2025-08-27 13:28:04,620 - WARNING - ODE solver failed: Required step size is less than spacing between numbers.
2025-08-27 13:28:04,643 - WARNING - ODE solver failed: Required step size is less than spacing between numbers.
2025-08-27 13:28:04,665 - WARNING - ODE solver failed: Required step size is less than spacing between numbers.
2025-08-27 13:28:04,688 - WARNING - ODE solver failed: Required step size is less than spacing between numbers.
2025-08-27 13:28:04,711 - WARNING - ODE solver failed: Required step size is less than spacing between numbers.
2025-08-27 13:28:04,735 - WARNING - ODE solver failed: Required step size is less than spacing between numbers.
2025-08-27 13:28:04,763 - WARNING - ODE solver failed: Required step size is less than spacing between numbers.
2025-08-27 13:28:04,786 - WARNING - ODE solver failed: Required step size is less than spacing between numbers.
2025-08-27 13:28:04,809 - WARNING - ODE solver failed: Required step size is less than spacing between numbers.
2025-08-27 13:28:04,832 - WARNING - ODE solver failed: Required step size is less than spacing between numbers.
2025-08-27 13:28:04,855 - WARNING - ODE solver failed: Required step size is less than spacing between numbers.
2025-08-27 13:28:04,878 - WARNING - ODE solver failed: Required step size is less than spacing between numbers.
2025-08-27 13:28:04,901 - WARNING - ODE solver failed: Required step size is less than spacing between numbers.
2025-08-27 13:28:04,923 - WARNING - ODE solver failed: Required step size is less than spacing between numbers.
2025-08-27 13:28:04,946 - WARNING - ODE solver failed: Required step size is less than spacing between numbers.
2025-08-27 13:28:04,968 - WARNING - ODE solver failed: Required step size is less than spacing between numbers.
2025-08-27 13:28:04,991 - WARNING - ODE solver failed: Required step size is less than spacing between numbers.
2025-08-27 13:28:05,014 - WARNING - ODE solver failed: Required step size is less than spacing between numbers.
2025-08-27 13:28:05,036 - WARNING - ODE solver failed: Required step size is less than spacing between numbers.
2025-08-27 13:28:05,059 - WARNING - ODE solver failed: Required step size is less than spacing between numbers.
2025-08-27 13:28:05,082 - WARNING - ODE solver failed: Required step size is less than spacing between numbers.
2025-08-27 13:28:05,105 - WARNING - ODE solver failed: Required step size is less than spacing between numbers.
2025-08-27 13:28:05,128 - WARNING - ODE solver failed: Required step size is less than spacing between numbers.
2025-08-27 13:28:05,151 - WARNING - ODE solver failed: Required step size is less than spacing between numbers.
2025-08-27 13:28:05,174 - WARNING - ODE solver failed: Required step size is less than spacing between numbers.
2025-08-27 13:28:05,197 - WARNING - ODE solver failed: Required step size is less than spacing between numbers.
2025-08-27 13:28:05,200 - INFO - Generated 900/1000 training scenarios
2025-08-27 13:28:05,221 - WARNING - ODE solver failed: Required step size is less than spacing between numbers.
2025-08-27 13:28:05,244 - WARNING - ODE solver failed: Required step size is less than spacing between numbers.
2025-08-27 13:28:05,266 - WARNING - ODE solver failed: Required step size is less than spacing between numbers.
2025-08-27 13:28:05,289 - WARNING - ODE solver failed: Required step size is less than spacing between numbers.
2025-08-27 13:28:05,312 - WARNING - ODE solver failed: Required step size is less than spacing between numbers.
2025-08-27 13:28:05,336 - WARNING - ODE solver failed: Required step size is less than spacing between numbers.
2025-08-27 13:28:05,359 - WARNING - ODE solver failed: Required step size is less than spacing between numbers.
2025-08-27 13:28:05,382 - WARNING - ODE solver failed: Required step size is less than spacing between numbers.
2025-08-27 13:28:05,405 - WARNING - ODE solver failed: Required step size is less than spacing between numbers.
2025-08-27 13:28:05,427 - WARNING - ODE solver failed: Required step size is less than spacing between numbers.
2025-08-27 13:28:05,450 - WARNING - ODE solver failed: Required step size is less than spacing between numbers.
2025-08-27 13:28:05,473 - WARNING - ODE solver failed: Required step size is less than spacing between numbers.
2025-08-27 13:28:05,495 - WARNING - ODE solver failed: Required step size is less than spacing between numbers.
2025-08-27 13:28:05,524 - WARNING - ODE solver failed: Required step size is less than spacing between numbers.
2025-08-27 13:28:05,548 - WARNING - ODE solver failed: Required step size is less than spacing between numbers.
2025-08-27 13:28:05,571 - WARNING - ODE solver failed: Required step size is less than spacing between numbers.
2025-08-27 13:28:05,594 - WARNING - ODE solver failed: Required step size is less than spacing between numbers.
2025-08-27 13:28:05,620 - WARNING - ODE solver failed: Required step size is less than spacing between numbers.
2025-08-27 13:28:05,642 - WARNING - ODE solver failed: Required step size is less than spacing between numbers.
2025-08-27 13:28:05,665 - WARNING - ODE solver failed: Required step size is less than spacing between numbers.
2025-08-27 13:28:05,689 - WARNING - ODE solver failed: Required step size is less than spacing between numbers.
2025-08-27 13:28:05,711 - WARNING - ODE solver failed: Required step size is less than spacing between numbers.
2025-08-27 13:28:05,736 - WARNING - ODE solver failed: Required step size is less than spacing between numbers.
2025-08-27 13:28:05,761 - WARNING - ODE solver failed: Required step size is less than spacing between numbers.
2025-08-27 13:28:05,783 - WARNING - ODE solver failed: Required step size is less than spacing between numbers.
2025-08-27 13:28:05,808 - WARNING - ODE solver failed: Required step size is less than spacing between numbers.
2025-08-27 13:28:05,831 - WARNING - ODE solver failed: Required step size is less than spacing between numbers.
2025-08-27 13:28:05,854 - WARNING - ODE solver failed: Required step size is less than spacing between numbers.
2025-08-27 13:28:05,877 - WARNING - ODE solver failed: Required step size is less than spacing between numbers.
2025-08-27 13:28:05,900 - WARNING - ODE solver failed: Required step size is less than spacing between numbers.
2025-08-27 13:28:05,922 - WARNING - ODE solver failed: Required step size is less than spacing between numbers.
2025-08-27 13:28:05,945 - WARNING - ODE solver failed: Required step size is less than spacing between numbers.
2025-08-27 13:28:05,968 - WARNING - ODE solver failed: Required step size is less than spacing between numbers.
2025-08-27 13:28:05,969 - INFO - Generated 1000/1000 training scenarios
2025-08-27 13:28:06,435 - INFO - Training data saved to data\train_data.csv (100000 samples)
2025-08-27 13:28:06,435 - INFO - Generating test data...
2025-08-27 13:28:06,460 - WARNING - ODE solver failed: Required step size is less than spacing between numbers.
2025-08-27 13:28:06,482 - WARNING - ODE solver failed: Required step size is less than spacing between numbers.
2025-08-27 13:28:06,505 - WARNING - ODE solver failed: Required step size is less than spacing between numbers.
2025-08-27 13:28:06,526 - WARNING - ODE solver failed: Required step size is less than spacing between numbers.
2025-08-27 13:28:06,549 - WARNING - ODE solver failed: Required step size is less than spacing between numbers.
2025-08-27 13:28:06,573 - WARNING - ODE solver failed: Required step size is less than spacing between numbers.
2025-08-27 13:28:06,595 - WARNING - ODE solver failed: Required step size is less than spacing between numbers.
2025-08-27 13:28:06,617 - WARNING - ODE solver failed: Required step size is less than spacing between numbers.
2025-08-27 13:28:06,639 - WARNING - ODE solver failed: Required step size is less than spacing between numbers.
2025-08-27 13:28:06,661 - WARNING - ODE solver failed: Required step size is less than spacing between numbers.
2025-08-27 13:28:06,684 - WARNING - ODE solver failed: Required step size is less than spacing between numbers.
2025-08-27 13:28:06,707 - WARNING - ODE solver failed: Required step size is less than spacing between numbers.
2025-08-27 13:28:06,730 - WARNING - ODE solver failed: Required step size is less than spacing between numbers.
2025-08-27 13:28:06,752 - WARNING - ODE solver failed: Required step size is less than spacing between numbers.
2025-08-27 13:28:06,775 - WARNING - ODE solver failed: Required step size is less than spacing between numbers.
2025-08-27 13:28:06,797 - WARNING - ODE solver failed: Required step size is less than spacing between numbers.
2025-08-27 13:28:06,821 - WARNING - ODE solver failed: Required step size is less than spacing between numbers.
2025-08-27 13:28:06,843 - WARNING - ODE solver failed: Required step size is less than spacing between numbers.
2025-08-27 13:28:06,865 - WARNING - ODE solver failed: Required step size is less than spacing between numbers.
2025-08-27 13:28:06,887 - WARNING - ODE solver failed: Required step size is less than spacing between numbers.
2025-08-27 13:28:06,908 - WARNING - ODE solver failed: Required step size is less than spacing between numbers.
2025-08-27 13:28:06,930 - WARNING - ODE solver failed: Required step size is less than spacing between numbers.
2025-08-27 13:28:06,953 - WARNING - ODE solver failed: Required step size is less than spacing between numbers.
2025-08-27 13:28:06,975 - WARNING - ODE solver failed: Required step size is less than spacing between numbers.
2025-08-27 13:28:06,997 - WARNING - ODE solver failed: Required step size is less than spacing between numbers.
2025-08-27 13:28:07,000 - INFO - Generated 50/200 test scenarios
2025-08-27 13:28:07,019 - WARNING - ODE solver failed: Required step size is less than spacing between numbers.
2025-08-27 13:28:07,042 - WARNING - ODE solver failed: Required step size is less than spacing between numbers.
2025-08-27 13:28:07,064 - WARNING - ODE solver failed: Required step size is less than spacing between numbers.
2025-08-27 13:28:07,087 - WARNING - ODE solver failed: Required step size is less than spacing between numbers.
2025-08-27 13:28:07,109 - WARNING - ODE solver failed: Required step size is less than spacing between numbers.
2025-08-27 13:28:07,131 - WARNING - ODE solver failed: Required step size is less than spacing between numbers.
2025-08-27 13:28:07,155 - WARNING - ODE solver failed: Required step size is less than spacing between numbers.
2025-08-27 13:28:07,177 - WARNING - ODE solver failed: Required step size is less than spacing between numbers.
2025-08-27 13:28:07,199 - WARNING - ODE solver failed: Required step size is less than spacing between numbers.
2025-08-27 13:28:07,222 - WARNING - ODE solver failed: Required step size is less than spacing between numbers.
2025-08-27 13:28:07,244 - WARNING - ODE solver failed: Required step size is less than spacing between numbers.
2025-08-27 13:28:07,267 - WARNING - ODE solver failed: Required step size is less than spacing between numbers.
2025-08-27 13:28:07,289 - WARNING - ODE solver failed: Required step size is less than spacing between numbers.
2025-08-27 13:28:07,312 - WARNING - ODE solver failed: Required step size is less than spacing between numbers.
2025-08-27 13:28:07,334 - WARNING - ODE solver failed: Required step size is less than spacing between numbers.
2025-08-27 13:28:07,357 - WARNING - ODE solver failed: Required step size is less than spacing between numbers.
2025-08-27 13:28:07,379 - WARNING - ODE solver failed: Required step size is less than spacing between numbers.
2025-08-27 13:28:07,401 - WARNING - ODE solver failed: Required step size is less than spacing between numbers.
2025-08-27 13:28:07,424 - WARNING - ODE solver failed: Required step size is less than spacing between numbers.
2025-08-27 13:28:07,447 - WARNING - ODE solver failed: Required step size is less than spacing between numbers.
2025-08-27 13:28:07,470 - WARNING - ODE solver failed: Required step size is less than spacing between numbers.
2025-08-27 13:28:07,493 - WARNING - ODE solver failed: Required step size is less than spacing between numbers.
2025-08-27 13:28:07,515 - WARNING - ODE solver failed: Required step size is less than spacing between numbers.
2025-08-27 13:28:07,537 - WARNING - ODE solver failed: Required step size is less than spacing between numbers.
2025-08-27 13:28:07,559 - WARNING - ODE solver failed: Required step size is less than spacing between numbers.
2025-08-27 13:28:07,561 - INFO - Generated 100/200 test scenarios
2025-08-27 13:28:07,584 - WARNING - ODE solver failed: Required step size is less than spacing between numbers.
2025-08-27 13:28:07,609 - WARNING - ODE solver failed: Required step size is less than spacing between numbers.
2025-08-27 13:28:07,632 - WARNING - ODE solver failed: Required step size is less than spacing between numbers.
2025-08-27 13:28:07,654 - WARNING - ODE solver failed: Required step size is less than spacing between numbers.
2025-08-27 13:28:07,677 - WARNING - ODE solver failed: Required step size is less than spacing between numbers.
2025-08-27 13:28:07,699 - WARNING - ODE solver failed: Required step size is less than spacing between numbers.
2025-08-27 13:28:07,721 - WARNING - ODE solver failed: Required step size is less than spacing between numbers.
2025-08-27 13:28:07,742 - WARNING - ODE solver failed: Required step size is less than spacing between numbers.
2025-08-27 13:28:07,764 - WARNING - ODE solver failed: Required step size is less than spacing between numbers.
2025-08-27 13:28:07,787 - WARNING - ODE solver failed: Required step size is less than spacing between numbers.
2025-08-27 13:28:07,810 - WARNING - ODE solver failed: Required step size is less than spacing between numbers.
2025-08-27 13:28:07,834 - WARNING - ODE solver failed: Required step size is less than spacing between numbers.
2025-08-27 13:28:07,856 - WARNING - ODE solver failed: Required step size is less than spacing between numbers.
2025-08-27 13:28:07,877 - WARNING - ODE solver failed: Required step size is less than spacing between numbers.
2025-08-27 13:28:07,899 - WARNING - ODE solver failed: Required step size is less than spacing between numbers.
2025-08-27 13:28:07,921 - WARNING - ODE solver failed: Required step size is less than spacing between numbers.
2025-08-27 13:28:07,944 - WARNING - ODE solver failed: Required step size is less than spacing between numbers.
2025-08-27 13:28:07,966 - WARNING - ODE solver failed: Required step size is less than spacing between numbers.
2025-08-27 13:28:07,988 - WARNING - ODE solver failed: Required step size is less than spacing between numbers.
2025-08-27 13:28:08,010 - WARNING - ODE solver failed: Required step size is less than spacing between numbers.
2025-08-27 13:28:08,034 - WARNING - ODE solver failed: Required step size is less than spacing between numbers.
2025-08-27 13:28:08,056 - WARNING - ODE solver failed: Required step size is less than spacing between numbers.
2025-08-27 13:28:08,078 - WARNING - ODE solver failed: Required step size is less than spacing between numbers.
2025-08-27 13:28:08,101 - WARNING - ODE solver failed: Required step size is less than spacing between numbers.
2025-08-27 13:28:08,123 - WARNING - ODE solver failed: Required step size is less than spacing between numbers.
2025-08-27 13:28:08,126 - INFO - Generated 150/200 test scenarios
2025-08-27 13:28:08,146 - WARNING - ODE solver failed: Required step size is less than spacing between numbers.
2025-08-27 13:28:08,168 - WARNING - ODE solver failed: Required step size is less than spacing between numbers.
2025-08-27 13:28:08,191 - WARNING - ODE solver failed: Required step size is less than spacing between numbers.
2025-08-27 13:28:08,213 - WARNING - ODE solver failed: Required step size is less than spacing between numbers.
2025-08-27 13:28:08,235 - WARNING - ODE solver failed: Required step size is less than spacing between numbers.
2025-08-27 13:28:08,257 - WARNING - ODE solver failed: Required step size is less than spacing between numbers.
2025-08-27 13:28:08,279 - WARNING - ODE solver failed: Required step size is less than spacing between numbers.
2025-08-27 13:28:08,302 - WARNING - ODE solver failed: Required step size is less than spacing between numbers.
2025-08-27 13:28:08,324 - WARNING - ODE solver failed: Required step size is less than spacing between numbers.
2025-08-27 13:28:08,347 - WARNING - ODE solver failed: Required step size is less than spacing between numbers.
2025-08-27 13:28:08,369 - WARNING - ODE solver failed: Required step size is less than spacing between numbers.
2025-08-27 13:28:08,391 - WARNING - ODE solver failed: Required step size is less than spacing between numbers.
2025-08-27 13:28:08,413 - WARNING - ODE solver failed: Required step size is less than spacing between numbers.
2025-08-27 13:28:08,436 - WARNING - ODE solver failed: Required step size is less than spacing between numbers.
2025-08-27 13:28:08,458 - WARNING - ODE solver failed: Required step size is less than spacing between numbers.
2025-08-27 13:28:08,480 - WARNING - ODE solver failed: Required step size is less than spacing between numbers.
2025-08-27 13:28:08,502 - WARNING - ODE solver failed: Required step size is less than spacing between numbers.
2025-08-27 13:28:08,525 - WARNING - ODE solver failed: Required step size is less than spacing between numbers.
2025-08-27 13:28:08,547 - WARNING - ODE solver failed: Required step size is less than spacing between numbers.
2025-08-27 13:28:08,570 - WARNING - ODE solver failed: Required step size is less than spacing between numbers.
2025-08-27 13:28:08,593 - WARNING - ODE solver failed: Required step size is less than spacing between numbers.
2025-08-27 13:28:08,615 - WARNING - ODE solver failed: Required step size is less than spacing between numbers.
2025-08-27 13:28:08,637 - WARNING - ODE solver failed: Required step size is less than spacing between numbers.
2025-08-27 13:28:08,659 - WARNING - ODE solver failed: Required step size is less than spacing between numbers.
2025-08-27 13:28:08,681 - WARNING - ODE solver failed: Required step size is less than spacing between numbers.
2025-08-27 13:28:08,684 - INFO - Generated 200/200 test scenarios
2025-08-27 13:28:08,770 - INFO - Test data saved to data\test_data.csv (20000 samples)
2025-08-27 13:28:08,770 - INFO - Generating special test scenarios...
2025-08-27 13:28:08,793 - WARNING - ODE solver failed: Required step size is less than spacing between numbers.
2025-08-27 13:28:08,818 - WARNING - ODE solver failed: Required step size is less than spacing between numbers.
2025-08-27 13:28:08,819 - WARNING - ODE solver error: list indices must be integers or slices, not str
2025-08-27 13:28:08,819 - ERROR - Error generating special scenario 2: list indices must be integers or slices, not str
2025-08-27 13:28:08,821 - INFO - Special test data saved to data\special_test_data.csv (200 samples)
2025-08-27 13:28:08,821 - INFO - Data generation completed successfully!
2025-08-27 13:39:29,819 - INFO - Spacecraft charging simulator initialized
2025-08-27 13:39:29,819 - INFO - Generating training data...
2025-08-27 13:39:29,884 - INFO - Generated 100/1000 training scenarios
2025-08-27 13:39:29,936 - INFO - Generated 200/1000 training scenarios
2025-08-27 13:39:29,988 - INFO - Generated 300/1000 training scenarios
2025-08-27 13:39:30,040 - INFO - Generated 400/1000 training scenarios
2025-08-27 13:39:30,092 - INFO - Generated 500/1000 training scenarios
2025-08-27 13:39:30,143 - INFO - Generated 600/1000 training scenarios
2025-08-27 13:39:30,196 - INFO - Generated 700/1000 training scenarios
2025-08-27 13:39:30,251 - INFO - Generated 800/1000 training scenarios
2025-08-27 13:39:30,308 - INFO - Generated 900/1000 training scenarios
2025-08-27 13:39:30,362 - INFO - Generated 1000/1000 training scenarios
2025-08-27 13:39:30,809 - INFO - Training data saved to data\train_data.csv (100000 samples)
2025-08-27 13:39:30,809 - INFO - Generating test data...
2025-08-27 13:39:30,839 - INFO - Generated 50/200 test scenarios
2025-08-27 13:39:30,865 - INFO - Generated 100/200 test scenarios
2025-08-27 13:39:30,889 - INFO - Generated 150/200 test scenarios
2025-08-27 13:39:30,914 - INFO - Generated 200/200 test scenarios
2025-08-27 13:39:31,000 - INFO - Test data saved to data\test_data.csv (20000 samples)
2025-08-27 13:39:31,000 - INFO - Generating special test scenarios...
2025-08-27 13:39:31,022 - WARNING - ODE solver failed: Required step size is less than spacing between numbers.
2025-08-27 13:39:31,043 - WARNING - ODE solver failed: Required step size is less than spacing between numbers.
2025-08-27 13:39:31,045 - WARNING - ODE solver error: list indices must be integers or slices, not str
2025-08-27 13:39:31,045 - ERROR - Error generating special scenario 2: list indices must be integers or slices, not str
2025-08-27 13:39:31,047 - INFO - Special test data saved to data\special_test_data.csv (200 samples)
2025-08-27 13:39:31,047 - INFO - Data generation completed successfully!
2025-08-27 13:43:32,369 - INFO - Spacecraft charging simulator initialized
2025-08-27 13:43:32,370 - INFO - Generating training data...
2025-08-27 13:43:32,496 - INFO - Generated 100/1000 training scenarios
2025-08-27 13:43:32,614 - INFO - Generated 200/1000 training scenarios
2025-08-27 13:43:32,728 - INFO - Generated 300/1000 training scenarios
2025-08-27 13:43:32,845 - INFO - Generated 400/1000 training scenarios
2025-08-27 13:43:32,956 - INFO - Generated 500/1000 training scenarios
2025-08-27 13:43:33,069 - INFO - Generated 600/1000 training scenarios
2025-08-27 13:43:33,184 - INFO - Generated 700/1000 training scenarios
2025-08-27 13:43:33,297 - INFO - Generated 800/1000 training scenarios
2025-08-27 13:43:33,420 - INFO - Generated 900/1000 training scenarios
2025-08-27 13:43:33,529 - INFO - Generated 1000/1000 training scenarios
2025-08-27 13:43:34,034 - INFO - Training data saved to data\train_data.csv (100000 samples)
2025-08-27 13:43:34,034 - INFO - Generating test data...
2025-08-27 13:43:34,092 - INFO - Generated 50/200 test scenarios
2025-08-27 13:43:34,148 - INFO - Generated 100/200 test scenarios
2025-08-27 13:43:34,203 - INFO - Generated 150/200 test scenarios
2025-08-27 13:43:34,260 - INFO - Generated 200/200 test scenarios
2025-08-27 13:43:34,359 - INFO - Test data saved to data\test_data.csv (20000 samples)
2025-08-27 13:43:34,359 - INFO - Generating special test scenarios...
2025-08-27 13:43:34,381 - WARNING - ODE solver failed: Required step size is less than spacing between numbers.
2025-08-27 13:43:34,402 - WARNING - ODE solver failed: Required step size is less than spacing between numbers.
2025-08-27 13:43:34,403 - WARNING - ODE solver error: list indices must be integers or slices, not str
2025-08-27 13:43:34,403 - ERROR - Error generating special scenario 2: list indices must be integers or slices, not str
2025-08-27 13:43:34,404 - INFO - Special test data saved to data\special_test_data.csv (200 samples)
2025-08-27 13:43:34,404 - INFO - Data generation completed successfully!
2025-08-27 13:44:11,549 - INFO - Spacecraft charging simulator initialized
2025-08-27 13:44:11,549 - INFO - Generating training data...
2025-08-27 13:44:11,581 - WARNING - ODE solver failed: Required step size is less than spacing between numbers.
2025-08-27 13:44:11,602 - WARNING - ODE solver failed: Required step size is less than spacing between numbers.
2025-08-27 13:44:11,624 - WARNING - ODE solver failed: Required step size is less than spacing between numbers.
2025-08-27 13:44:11,646 - WARNING - ODE solver failed: Required step size is less than spacing between numbers.
2025-08-27 13:44:11,668 - WARNING - ODE solver failed: Required step size is less than spacing between numbers.
2025-08-27 13:44:11,690 - WARNING - ODE solver failed: Required step size is less than spacing between numbers.
2025-08-27 13:44:11,711 - WARNING - ODE solver failed: Required step size is less than spacing between numbers.
2025-08-27 13:44:11,733 - WARNING - ODE solver failed: Required step size is less than spacing between numbers.
2025-08-27 13:44:11,755 - WARNING - ODE solver failed: Required step size is less than spacing between numbers.
2025-08-27 13:44:11,776 - WARNING - ODE solver failed: Required step size is less than spacing between numbers.
2025-08-27 13:44:11,797 - WARNING - ODE solver failed: Required step size is less than spacing between numbers.
2025-08-27 13:44:11,819 - WARNING - ODE solver failed: Required step size is less than spacing between numbers.
2025-08-27 13:44:11,840 - WARNING - ODE solver failed: Required step size is less than spacing between numbers.
2025-08-27 13:44:11,862 - WARNING - ODE solver failed: Required step size is less than spacing between numbers.
2025-08-27 13:44:11,885 - WARNING - ODE solver failed: Required step size is less than spacing between numbers.
2025-08-27 13:44:11,909 - WARNING - ODE solver failed: Required step size is less than spacing between numbers.
2025-08-27 13:44:11,931 - WARNING - ODE solver failed: Required step size is less than spacing between numbers.
2025-08-27 13:44:11,954 - WARNING - ODE solver failed: Required step size is less than spacing between numbers.
2025-08-27 13:44:11,976 - WARNING - ODE solver failed: Required step size is less than spacing between numbers.
2025-08-27 13:44:11,997 - WARNING - ODE solver failed: Required step size is less than spacing between numbers.
2025-08-27 13:44:12,019 - WARNING - ODE solver failed: Required step size is less than spacing between numbers.
2025-08-27 13:44:12,040 - WARNING - ODE solver failed: Required step size is less than spacing between numbers.
2025-08-27 13:44:12,061 - WARNING - ODE solver failed: Required step size is less than spacing between numbers.
2025-08-27 13:44:12,083 - WARNING - ODE solver failed: Required step size is less than spacing between numbers.
2025-08-27 13:44:12,104 - WARNING - ODE solver failed: Required step size is less than spacing between numbers.
2025-08-27 13:44:12,126 - WARNING - ODE solver failed: Required step size is less than spacing between numbers.
2025-08-27 13:44:12,148 - WARNING - ODE solver failed: Required step size is less than spacing between numbers.
2025-08-27 13:44:12,169 - WARNING - ODE solver failed: Required step size is less than spacing between numbers.
2025-08-27 13:44:12,190 - WARNING - ODE solver failed: Required step size is less than spacing between numbers.
2025-08-27 13:44:12,211 - WARNING - ODE solver failed: Required step size is less than spacing between numbers.
2025-08-27 13:44:12,232 - WARNING - ODE solver failed: Required step size is less than spacing between numbers.
2025-08-27 13:44:12,253 - WARNING - ODE solver failed: Required step size is less than spacing between numbers.
2025-08-27 13:44:12,276 - WARNING - ODE solver failed: Required step size is less than spacing between numbers.
2025-08-27 13:44:12,297 - WARNING - ODE solver failed: Required step size is less than spacing between numbers.
2025-08-27 13:44:12,318 - WARNING - ODE solver failed: Required step size is less than spacing between numbers.
2025-08-27 13:44:12,340 - WARNING - ODE solver failed: Required step size is less than spacing between numbers.
2025-08-27 13:44:12,361 - WARNING - ODE solver failed: Required step size is less than spacing between numbers.
2025-08-27 13:44:12,382 - WARNING - ODE solver failed: Required step size is less than spacing between numbers.
2025-08-27 13:44:12,403 - WARNING - ODE solver failed: Required step size is less than spacing between numbers.
2025-08-27 13:44:12,427 - WARNING - ODE solver failed: Required step size is less than spacing between numbers.
2025-08-27 13:44:12,448 - WARNING - ODE solver failed: Required step size is less than spacing between numbers.
2025-08-27 13:44:12,470 - WARNING - ODE solver failed: Required step size is less than spacing between numbers.
2025-08-27 13:44:12,491 - WARNING - ODE solver failed: Required step size is less than spacing between numbers.
2025-08-27 13:44:12,512 - WARNING - ODE solver failed: Required step size is less than spacing between numbers.
2025-08-27 13:44:12,534 - WARNING - ODE solver failed: Required step size is less than spacing between numbers.
2025-08-27 13:44:12,555 - WARNING - ODE solver failed: Required step size is less than spacing between numbers.
2025-08-27 13:44:12,577 - WARNING - ODE solver failed: Required step size is less than spacing between numbers.
2025-08-27 13:44:12,599 - WARNING - ODE solver failed: Required step size is less than spacing between numbers.
2025-08-27 13:44:12,621 - WARNING - ODE solver failed: Required step size is less than spacing between numbers.
2025-08-27 13:44:12,642 - WARNING - ODE solver failed: Required step size is less than spacing between numbers.
2025-08-27 13:44:12,664 - WARNING - ODE solver failed: Required step size is less than spacing between numbers.
2025-08-27 13:44:12,684 - WARNING - ODE solver failed: Required step size is less than spacing between numbers.
2025-08-27 13:44:12,706 - WARNING - ODE solver failed: Required step size is less than spacing between numbers.
2025-08-27 13:44:12,726 - WARNING - ODE solver failed: Required step size is less than spacing between numbers.
2025-08-27 13:44:12,748 - WARNING - ODE solver failed: Required step size is less than spacing between numbers.
2025-08-27 13:44:12,769 - WARNING - ODE solver failed: Required step size is less than spacing between numbers.
2025-08-27 13:44:12,791 - WARNING - ODE solver failed: Required step size is less than spacing between numbers.
2025-08-27 13:44:12,813 - WARNING - ODE solver failed: Required step size is less than spacing between numbers.
2025-08-27 13:44:12,836 - WARNING - ODE solver failed: Required step size is less than spacing between numbers.
2025-08-27 13:44:12,858 - WARNING - ODE solver failed: Required step size is less than spacing between numbers.
2025-08-27 13:44:12,880 - WARNING - ODE solver failed: Required step size is less than spacing between numbers.
2025-08-27 13:44:12,902 - WARNING - ODE solver failed: Required step size is less than spacing between numbers.
2025-08-27 13:44:12,922 - WARNING - ODE solver failed: Required step size is less than spacing between numbers.
2025-08-27 13:44:12,944 - WARNING - ODE solver failed: Required step size is less than spacing between numbers.
2025-08-27 13:44:12,965 - WARNING - ODE solver failed: Required step size is less than spacing between numbers.
2025-08-27 13:44:12,985 - WARNING - ODE solver failed: Required step size is less than spacing between numbers.
2025-08-27 13:44:13,006 - WARNING - ODE solver failed: Required step size is less than spacing between numbers.
2025-08-27 13:44:13,029 - WARNING - ODE solver failed: Required step size is less than spacing between numbers.
2025-08-27 13:44:13,051 - WARNING - ODE solver failed: Required step size is less than spacing between numbers.
2025-08-27 13:44:13,073 - WARNING - ODE solver failed: Required step size is less than spacing between numbers.
2025-08-27 13:44:13,096 - WARNING - ODE solver failed: Required step size is less than spacing between numbers.
2025-08-27 13:44:13,116 - WARNING - ODE solver failed: Required step size is less than spacing between numbers.
2025-08-27 13:44:13,139 - WARNING - ODE solver failed: Required step size is less than spacing between numbers.
2025-08-27 13:44:13,160 - WARNING - ODE solver failed: Required step size is less than spacing between numbers.
2025-08-27 13:44:13,181 - WARNING - ODE solver failed: Required step size is less than spacing between numbers.
2025-08-27 13:44:13,202 - WARNING - ODE solver failed: Required step size is less than spacing between numbers.
2025-08-27 13:44:13,224 - WARNING - ODE solver failed: Required step size is less than spacing between numbers.
2025-08-27 13:44:13,246 - WARNING - ODE solver failed: Required step size is less than spacing between numbers.
2025-08-27 13:44:13,267 - WARNING - ODE solver failed: Required step size is less than spacing between numbers.
2025-08-27 13:44:13,288 - WARNING - ODE solver failed: Required step size is less than spacing between numbers.
2025-08-27 13:44:13,311 - WARNING - ODE solver failed: Required step size is less than spacing between numbers.
2025-08-27 13:44:13,333 - WARNING - ODE solver failed: Required step size is less than spacing between numbers.
2025-08-27 13:44:13,353 - WARNING - ODE solver failed: Required step size is less than spacing between numbers.
2025-08-27 13:44:13,376 - WARNING - ODE solver failed: Required step size is less than spacing between numbers.
2025-08-27 13:44:13,397 - WARNING - ODE solver failed: Required step size is less than spacing between numbers.
2025-08-27 13:44:13,419 - WARNING - ODE solver failed: Required step size is less than spacing between numbers.
2025-08-27 13:44:13,440 - WARNING - ODE solver failed: Required step size is less than spacing between numbers.
2025-08-27 13:44:13,462 - WARNING - ODE solver failed: Required step size is less than spacing between numbers.
2025-08-27 13:44:13,483 - WARNING - ODE solver failed: Required step size is less than spacing between numbers.
2025-08-27 13:44:13,505 - WARNING - ODE solver failed: Required step size is less than spacing between numbers.
2025-08-27 13:44:13,527 - WARNING - ODE solver failed: Required step size is less than spacing between numbers.
2025-08-27 13:44:13,548 - WARNING - ODE solver failed: Required step size is less than spacing between numbers.
2025-08-27 13:44:13,569 - WARNING - ODE solver failed: Required step size is less than spacing between numbers.
2025-08-27 13:44:13,591 - WARNING - ODE solver failed: Required step size is less than spacing between numbers.
2025-08-27 13:44:13,613 - WARNING - ODE solver failed: Required step size is less than spacing between numbers.
2025-08-27 13:44:13,634 - WARNING - ODE solver failed: Required step size is less than spacing between numbers.
2025-08-27 13:44:13,658 - WARNING - ODE solver failed: Required step size is less than spacing between numbers.
2025-08-27 13:44:13,679 - WARNING - ODE solver failed: Required step size is less than spacing between numbers.
2025-08-27 13:44:13,702 - WARNING - ODE solver failed: Required step size is less than spacing between numbers.
2025-08-27 13:44:13,725 - WARNING - ODE solver failed: Required step size is less than spacing between numbers.
2025-08-27 13:44:13,726 - INFO - Generated 100/1000 training scenarios
2025-08-27 13:44:13,746 - WARNING - ODE solver failed: Required step size is less than spacing between numbers.
2025-08-27 13:44:13,768 - WARNING - ODE solver failed: Required step size is less than spacing between numbers.
2025-08-27 13:44:13,789 - WARNING - ODE solver failed: Required step size is less than spacing between numbers.
2025-08-27 13:44:13,812 - WARNING - ODE solver failed: Required step size is less than spacing between numbers.
2025-08-27 13:44:13,836 - WARNING - ODE solver failed: Required step size is less than spacing between numbers.
2025-08-27 13:44:13,858 - WARNING - ODE solver failed: Required step size is less than spacing between numbers.
2025-08-27 13:44:13,895 - WARNING - ODE solver failed: Required step size is less than spacing between numbers.
2025-08-27 13:44:13,917 - WARNING - ODE solver failed: Required step size is less than spacing between numbers.
2025-08-27 13:44:13,937 - WARNING - ODE solver failed: Required step size is less than spacing between numbers.
2025-08-27 13:44:13,957 - WARNING - ODE solver failed: Required step size is less than spacing between numbers.
2025-08-27 13:44:13,979 - WARNING - ODE solver failed: Required step size is less than spacing between numbers.
2025-08-27 13:44:14,002 - WARNING - ODE solver failed: Required step size is less than spacing between numbers.
2025-08-27 13:44:14,023 - WARNING - ODE solver failed: Required step size is less than spacing between numbers.
2025-08-27 13:44:14,044 - WARNING - ODE solver failed: Required step size is less than spacing between numbers.
2025-08-27 13:44:14,065 - WARNING - ODE solver failed: Required step size is less than spacing between numbers.
2025-08-27 13:44:14,087 - WARNING - ODE solver failed: Required step size is less than spacing between numbers.
2025-08-27 13:44:14,110 - WARNING - ODE solver failed: Required step size is less than spacing between numbers.
2025-08-27 13:44:14,132 - WARNING - ODE solver failed: Required step size is less than spacing between numbers.
2025-08-27 13:44:14,153 - WARNING - ODE solver failed: Required step size is less than spacing between numbers.
2025-08-27 13:44:14,176 - WARNING - ODE solver failed: Required step size is less than spacing between numbers.
2025-08-27 13:44:14,197 - WARNING - ODE solver failed: Required step size is less than spacing between numbers.
2025-08-27 13:44:14,218 - WARNING - ODE solver failed: Required step size is less than spacing between numbers.
2025-08-27 13:44:14,240 - WARNING - ODE solver failed: Required step size is less than spacing between numbers.
2025-08-27 13:44:14,263 - WARNING - ODE solver failed: Required step size is less than spacing between numbers.
2025-08-27 13:44:14,285 - WARNING - ODE solver failed: Required step size is less than spacing between numbers.
2025-08-27 13:44:14,307 - WARNING - ODE solver failed: Required step size is less than spacing between numbers.
2025-08-27 13:44:14,328 - WARNING - ODE solver failed: Required step size is less than spacing between numbers.
2025-08-27 13:44:14,349 - WARNING - ODE solver failed: Required step size is less than spacing between numbers.
2025-08-27 13:44:14,370 - WARNING - ODE solver failed: Required step size is less than spacing between numbers.
2025-08-27 13:44:14,392 - WARNING - ODE solver failed: Required step size is less than spacing between numbers.
2025-08-27 13:44:14,413 - WARNING - ODE solver failed: Required step size is less than spacing between numbers.
2025-08-27 13:44:14,435 - WARNING - ODE solver failed: Required step size is less than spacing between numbers.
2025-08-27 13:44:14,456 - WARNING - ODE solver failed: Required step size is less than spacing between numbers.
2025-08-27 13:44:14,478 - WARNING - ODE solver failed: Required step size is less than spacing between numbers.
2025-08-27 13:44:14,500 - WARNING - ODE solver failed: Required step size is less than spacing between numbers.
2025-08-27 13:44:14,522 - WARNING - ODE solver failed: Required step size is less than spacing between numbers.
2025-08-27 13:44:14,544 - WARNING - ODE solver failed: Required step size is less than spacing between numbers.
2025-08-27 13:44:14,566 - WARNING - ODE solver failed: Required step size is less than spacing between numbers.
2025-08-27 13:44:14,588 - WARNING - ODE solver failed: Required step size is less than spacing between numbers.
2025-08-27 13:44:14,609 - WARNING - ODE solver failed: Required step size is less than spacing between numbers.
2025-08-27 13:44:14,630 - WARNING - ODE solver failed: Required step size is less than spacing between numbers.
2025-08-27 13:44:14,654 - WARNING - ODE solver failed: Required step size is less than spacing between numbers.
2025-08-27 13:44:14,675 - WARNING - ODE solver failed: Required step size is less than spacing between numbers.
2025-08-27 13:44:14,695 - WARNING - ODE solver failed: Required step size is less than spacing between numbers.
2025-08-27 13:44:14,717 - WARNING - ODE solver failed: Required step size is less than spacing between numbers.
2025-08-27 13:44:14,738 - WARNING - ODE solver failed: Required step size is less than spacing between numbers.
2025-08-27 13:44:14,759 - WARNING - ODE solver failed: Required step size is less than spacing between numbers.
2025-08-27 13:44:14,782 - WARNING - ODE solver failed: Required step size is less than spacing between numbers.
2025-08-27 13:44:14,804 - WARNING - ODE solver failed: Required step size is less than spacing between numbers.
2025-08-27 13:44:14,827 - WARNING - ODE solver failed: Required step size is less than spacing between numbers.
2025-08-27 13:44:14,848 - WARNING - ODE solver failed: Required step size is less than spacing between numbers.
2025-08-27 13:44:14,870 - WARNING - ODE solver failed: Required step size is less than spacing between numbers.
2025-08-27 13:44:14,892 - WARNING - ODE solver failed: Required step size is less than spacing between numbers.
2025-08-27 13:44:14,912 - WARNING - ODE solver failed: Required step size is less than spacing between numbers.
2025-08-27 13:44:14,934 - WARNING - ODE solver failed: Required step size is less than spacing between numbers.
2025-08-27 13:44:14,955 - WARNING - ODE solver failed: Required step size is less than spacing between numbers.
2025-08-27 13:44:14,978 - WARNING - ODE solver failed: Required step size is less than spacing between numbers.
2025-08-27 13:44:15,000 - WARNING - ODE solver failed: Required step size is less than spacing between numbers.
2025-08-27 13:44:15,024 - WARNING - ODE solver failed: Required step size is less than spacing between numbers.
2025-08-27 13:44:15,050 - WARNING - ODE solver failed: Required step size is less than spacing between numbers.
2025-08-27 13:44:15,074 - WARNING - ODE solver failed: Required step size is less than spacing between numbers.
2025-08-27 13:44:15,095 - WARNING - ODE solver failed: Required step size is less than spacing between numbers.
2025-08-27 13:44:15,115 - WARNING - ODE solver failed: Required step size is less than spacing between numbers.
2025-08-27 13:44:15,137 - WARNING - ODE solver failed: Required step size is less than spacing between numbers.
2025-08-27 13:44:15,159 - WARNING - ODE solver failed: Required step size is less than spacing between numbers.
2025-08-27 13:44:15,180 - WARNING - ODE solver failed: Required step size is less than spacing between numbers.
2025-08-27 13:44:15,203 - WARNING - ODE solver failed: Required step size is less than spacing between numbers.
2025-08-27 13:44:15,225 - WARNING - ODE solver failed: Required step size is less than spacing between numbers.
2025-08-27 13:44:15,246 - WARNING - ODE solver failed: Required step size is less than spacing between numbers.
2025-08-27 13:44:15,267 - WARNING - ODE solver failed: Required step size is less than spacing between numbers.
2025-08-27 13:44:15,288 - WARNING - ODE solver failed: Required step size is less than spacing between numbers.
2025-08-27 13:44:15,309 - WARNING - ODE solver failed: Required step size is less than spacing between numbers.
2025-08-27 13:44:15,331 - WARNING - ODE solver failed: Required step size is less than spacing between numbers.
2025-08-27 13:44:15,353 - WARNING - ODE solver failed: Required step size is less than spacing between numbers.
2025-08-27 13:44:15,375 - WARNING - ODE solver failed: Required step size is less than spacing between numbers.
2025-08-27 13:44:15,397 - WARNING - ODE solver failed: Required step size is less than spacing between numbers.
2025-08-27 13:44:15,417 - WARNING - ODE solver failed: Required step size is less than spacing between numbers.
2025-08-27 13:44:15,439 - WARNING - ODE solver failed: Required step size is less than spacing between numbers.
2025-08-27 13:44:15,461 - WARNING - ODE solver failed: Required step size is less than spacing between numbers.
2025-08-27 13:44:15,483 - WARNING - ODE solver failed: Required step size is less than spacing between numbers.
2025-08-27 13:44:15,504 - WARNING - ODE solver failed: Required step size is less than spacing between numbers.
2025-08-27 13:44:15,526 - WARNING - ODE solver failed: Required step size is less than spacing between numbers.
2025-08-27 13:44:15,547 - WARNING - ODE solver failed: Required step size is less than spacing between numbers.
2025-08-27 13:44:15,571 - WARNING - ODE solver failed: Required step size is less than spacing between numbers.
2025-08-27 13:44:15,592 - WARNING - ODE solver failed: Required step size is less than spacing between numbers.
2025-08-27 13:44:15,613 - WARNING - ODE solver failed: Required step size is less than spacing between numbers.
2025-08-27 13:44:15,634 - WARNING - ODE solver failed: Required step size is less than spacing between numbers.
2025-08-27 13:44:15,656 - WARNING - ODE solver failed: Required step size is less than spacing between numbers.
2025-08-27 13:44:15,678 - WARNING - ODE solver failed: Required step size is less than spacing between numbers.
2025-08-27 13:44:15,700 - WARNING - ODE solver failed: Required step size is less than spacing between numbers.
2025-08-27 13:44:15,721 - WARNING - ODE solver failed: Required step size is less than spacing between numbers.
2025-08-27 13:44:15,742 - WARNING - ODE solver failed: Required step size is less than spacing between numbers.
2025-08-27 13:44:15,763 - WARNING - ODE solver failed: Required step size is less than spacing between numbers.
2025-08-27 13:44:15,784 - WARNING - ODE solver failed: Required step size is less than spacing between numbers.
2025-08-27 13:44:15,807 - WARNING - ODE solver failed: Required step size is less than spacing between numbers.
2025-08-27 13:44:15,833 - WARNING - ODE solver failed: Required step size is less than spacing between numbers.
2025-08-27 13:44:15,853 - WARNING - ODE solver failed: Required step size is less than spacing between numbers.
2025-08-27 13:44:15,875 - WARNING - ODE solver failed: Required step size is less than spacing between numbers.
2025-08-27 13:44:15,896 - WARNING - ODE solver failed: Required step size is less than spacing between numbers.
2025-08-27 13:44:15,917 - WARNING - ODE solver failed: Required step size is less than spacing between numbers.
2025-08-27 13:44:15,919 - INFO - Generated 200/1000 training scenarios
2025-08-27 13:44:15,940 - WARNING - ODE solver failed: Required step size is less than spacing between numbers.
2025-08-27 13:44:15,962 - WARNING - ODE solver failed: Required step size is less than spacing between numbers.
2025-08-27 13:44:15,983 - WARNING - ODE solver failed: Required step size is less than spacing between numbers.
2025-08-27 13:44:16,005 - WARNING - ODE solver failed: Required step size is less than spacing between numbers.
2025-08-27 13:44:16,026 - WARNING - ODE solver failed: Required step size is less than spacing between numbers.
2025-08-27 13:44:16,047 - WARNING - ODE solver failed: Required step size is less than spacing between numbers.
2025-08-27 13:44:16,068 - WARNING - ODE solver failed: Required step size is less than spacing between numbers.
2025-08-27 13:44:16,089 - WARNING - ODE solver failed: Required step size is less than spacing between numbers.
2025-08-27 13:44:16,110 - WARNING - ODE solver failed: Required step size is less than spacing between numbers.
2025-08-27 13:44:16,132 - WARNING - ODE solver failed: Required step size is less than spacing between numbers.
2025-08-27 13:44:16,154 - WARNING - ODE solver failed: Required step size is less than spacing between numbers.
2025-08-27 13:44:16,175 - WARNING - ODE solver failed: Required step size is less than spacing between numbers.
2025-08-27 13:44:16,197 - WARNING - ODE solver failed: Required step size is less than spacing between numbers.
2025-08-27 13:44:16,219 - WARNING - ODE solver failed: Required step size is less than spacing between numbers.
2025-08-27 13:44:16,241 - WARNING - ODE solver failed: Required step size is less than spacing between numbers.
2025-08-27 13:44:16,263 - WARNING - ODE solver failed: Required step size is less than spacing between numbers.
2025-08-27 13:44:16,284 - WARNING - ODE solver failed: Required step size is less than spacing between numbers.
2025-08-27 13:44:16,306 - WARNING - ODE solver failed: Required step size is less than spacing between numbers.
2025-08-27 13:44:16,326 - WARNING - ODE solver failed: Required step size is less than spacing between numbers.
2025-08-27 13:44:16,348 - WARNING - ODE solver failed: Required step size is less than spacing between numbers.
2025-08-27 13:44:16,370 - WARNING - ODE solver failed: Required step size is less than spacing between numbers.
2025-08-27 13:44:16,391 - WARNING - ODE solver failed: Required step size is less than spacing between numbers.
2025-08-27 13:44:16,412 - WARNING - ODE solver failed: Required step size is less than spacing between numbers.
2025-08-27 13:44:16,434 - WARNING - ODE solver failed: Required step size is less than spacing between numbers.
2025-08-27 13:44:16,456 - WARNING - ODE solver failed: Required step size is less than spacing between numbers.
2025-08-27 13:44:16,478 - WARNING - ODE solver failed: Required step size is less than spacing between numbers.
2025-08-27 13:44:16,499 - WARNING - ODE solver failed: Required step size is less than spacing between numbers.
2025-08-27 13:44:16,520 - WARNING - ODE solver failed: Required step size is less than spacing between numbers.
2025-08-27 13:44:16,542 - WARNING - ODE solver failed: Required step size is less than spacing between numbers.
2025-08-27 13:44:16,564 - WARNING - ODE solver failed: Required step size is less than spacing between numbers.
2025-08-27 13:44:16,586 - WARNING - ODE solver failed: Required step size is less than spacing between numbers.
2025-08-27 13:44:16,607 - WARNING - ODE solver failed: Required step size is less than spacing between numbers.
2025-08-27 13:44:16,629 - WARNING - ODE solver failed: Required step size is less than spacing between numbers.
2025-08-27 13:44:16,650 - WARNING - ODE solver failed: Required step size is less than spacing between numbers.
2025-08-27 13:44:16,674 - WARNING - ODE solver failed: Required step size is less than spacing between numbers.
2025-08-27 13:44:16,695 - WARNING - ODE solver failed: Required step size is less than spacing between numbers.
2025-08-27 13:44:16,717 - WARNING - ODE solver failed: Required step size is less than spacing between numbers.
2025-08-27 13:44:16,743 - WARNING - ODE solver failed: Required step size is less than spacing between numbers.
2025-08-27 13:44:16,765 - WARNING - ODE solver failed: Required step size is less than spacing between numbers.
2025-08-27 13:44:16,787 - WARNING - ODE solver failed: Required step size is less than spacing between numbers.
2025-08-27 13:44:16,810 - WARNING - ODE solver failed: Required step size is less than spacing between numbers.
2025-08-27 13:44:16,843 - WARNING - ODE solver failed: Required step size is less than spacing between numbers.
2025-08-27 13:44:16,872 - WARNING - ODE solver failed: Required step size is less than spacing between numbers.
2025-08-27 13:44:16,893 - WARNING - ODE solver failed: Required step size is less than spacing between numbers.
2025-08-27 13:44:16,914 - WARNING - ODE solver failed: Required step size is less than spacing between numbers.
2025-08-27 13:44:16,935 - WARNING - ODE solver failed: Required step size is less than spacing between numbers.
2025-08-27 13:44:16,956 - WARNING - ODE solver failed: Required step size is less than spacing between numbers.
2025-08-27 13:44:16,977 - WARNING - ODE solver failed: Required step size is less than spacing between numbers.
2025-08-27 13:44:16,998 - WARNING - ODE solver failed: Required step size is less than spacing between numbers.
2025-08-27 13:44:17,019 - WARNING - ODE solver failed: Required step size is less than spacing between numbers.
2025-08-27 13:44:17,041 - WARNING - ODE solver failed: Required step size is less than spacing between numbers.
2025-08-27 13:44:17,062 - WARNING - ODE solver failed: Required step size is less than spacing between numbers.
2025-08-27 13:44:17,083 - WARNING - ODE solver failed: Required step size is less than spacing between numbers.
2025-08-27 13:44:17,104 - WARNING - ODE solver failed: Required step size is less than spacing between numbers.
2025-08-27 13:44:17,126 - WARNING - ODE solver failed: Required step size is less than spacing between numbers.
2025-08-27 13:44:17,147 - WARNING - ODE solver failed: Required step size is less than spacing between numbers.
2025-08-27 13:44:17,169 - WARNING - ODE solver failed: Required step size is less than spacing between numbers.
2025-08-27 13:44:17,190 - WARNING - ODE solver failed: Required step size is less than spacing between numbers.
2025-08-27 13:44:17,212 - WARNING - ODE solver failed: Required step size is less than spacing between numbers.
2025-08-27 13:44:17,233 - WARNING - ODE solver failed: Required step size is less than spacing between numbers.
2025-08-27 13:44:17,254 - WARNING - ODE solver failed: Required step size is less than spacing between numbers.
2025-08-27 13:44:17,276 - WARNING - ODE solver failed: Required step size is less than spacing between numbers.
2025-08-27 13:44:17,299 - WARNING - ODE solver failed: Required step size is less than spacing between numbers.
2025-08-27 13:44:17,324 - WARNING - ODE solver failed: Required step size is less than spacing between numbers.
2025-08-27 13:44:17,346 - WARNING - ODE solver failed: Required step size is less than spacing between numbers.
2025-08-27 13:44:17,367 - WARNING - ODE solver failed: Required step size is less than spacing between numbers.
2025-08-27 13:44:17,388 - WARNING - ODE solver failed: Required step size is less than spacing between numbers.
2025-08-27 13:44:17,409 - WARNING - ODE solver failed: Required step size is less than spacing between numbers.
2025-08-27 13:44:17,430 - WARNING - ODE solver failed: Required step size is less than spacing between numbers.
2025-08-27 13:44:17,453 - WARNING - ODE solver failed: Required step size is less than spacing between numbers.
2025-08-27 13:44:17,474 - WARNING - ODE solver failed: Required step size is less than spacing between numbers.
2025-08-27 13:44:17,496 - WARNING - ODE solver failed: Required step size is less than spacing between numbers.
2025-08-27 13:44:17,519 - WARNING - ODE solver failed: Required step size is less than spacing between numbers.
2025-08-27 13:44:17,540 - WARNING - ODE solver failed: Required step size is less than spacing between numbers.
2025-08-27 13:44:17,562 - WARNING - ODE solver failed: Required step size is less than spacing between numbers.
2025-08-27 13:44:17,583 - WARNING - ODE solver failed: Required step size is less than spacing between numbers.
2025-08-27 13:44:17,603 - WARNING - ODE solver failed: Required step size is less than spacing between numbers.
2025-08-27 13:44:17,626 - WARNING - ODE solver failed: Required step size is less than spacing between numbers.
2025-08-27 13:44:17,648 - WARNING - ODE solver failed: Required step size is less than spacing between numbers.
2025-08-27 13:44:17,670 - WARNING - ODE solver failed: Required step size is less than spacing between numbers.
2025-08-27 13:44:17,692 - WARNING - ODE solver failed: Required step size is less than spacing between numbers.
2025-08-27 13:44:17,713 - WARNING - ODE solver failed: Required step size is less than spacing between numbers.
2025-08-27 13:44:17,734 - WARNING - ODE solver failed: Required step size is less than spacing between numbers.
2025-08-27 13:44:17,756 - WARNING - ODE solver failed: Required step size is less than spacing between numbers.
2025-08-27 13:44:17,779 - WARNING - ODE solver failed: Required step size is less than spacing between numbers.
2025-08-27 13:44:17,801 - WARNING - ODE solver failed: Required step size is less than spacing between numbers.
2025-08-27 13:44:17,824 - WARNING - ODE solver failed: Required step size is less than spacing between numbers.
2025-08-27 13:44:17,847 - WARNING - ODE solver failed: Required step size is less than spacing between numbers.
2025-08-27 13:44:17,868 - WARNING - ODE solver failed: Required step size is less than spacing between numbers.
2025-08-27 13:44:17,889 - WARNING - ODE solver failed: Required step size is less than spacing between numbers.
2025-08-27 13:44:17,910 - WARNING - ODE solver failed: Required step size is less than spacing between numbers.
2025-08-27 13:44:17,930 - WARNING - ODE solver failed: Required step size is less than spacing between numbers.
2025-08-27 13:44:17,954 - WARNING - ODE solver failed: Required step size is less than spacing between numbers.
2025-08-27 13:44:17,975 - WARNING - ODE solver failed: Required step size is less than spacing between numbers.
2025-08-27 13:44:17,996 - WARNING - ODE solver failed: Required step size is less than spacing between numbers.
2025-08-27 13:44:18,018 - WARNING - ODE solver failed: Required step size is less than spacing between numbers.
2025-08-27 13:44:18,039 - WARNING - ODE solver failed: Required step size is less than spacing between numbers.
2025-08-27 13:44:18,060 - WARNING - ODE solver failed: Required step size is less than spacing between numbers.
2025-08-27 13:44:18,081 - WARNING - ODE solver failed: Required step size is less than spacing between numbers.
2025-08-27 13:44:18,083 - INFO - Generated 300/1000 training scenarios
2025-08-27 13:44:18,107 - WARNING - ODE solver failed: Required step size is less than spacing between numbers.
2025-08-27 13:44:18,131 - WARNING - ODE solver failed: Required step size is less than spacing between numbers.
2025-08-27 13:44:18,151 - WARNING - ODE solver failed: Required step size is less than spacing between numbers.
2025-08-27 13:44:18,172 - WARNING - ODE solver failed: Required step size is less than spacing between numbers.
2025-08-27 13:44:18,193 - WARNING - ODE solver failed: Required step size is less than spacing between numbers.
2025-08-27 13:44:18,215 - WARNING - ODE solver failed: Required step size is less than spacing between numbers.
2025-08-27 13:44:18,237 - WARNING - ODE solver failed: Required step size is less than spacing between numbers.
2025-08-27 13:44:18,257 - WARNING - ODE solver failed: Required step size is less than spacing between numbers.
2025-08-27 13:44:18,279 - WARNING - ODE solver failed: Required step size is less than spacing between numbers.
2025-08-27 13:44:18,300 - WARNING - ODE solver failed: Required step size is less than spacing between numbers.
2025-08-27 13:44:18,322 - WARNING - ODE solver failed: Required step size is less than spacing between numbers.
2025-08-27 13:44:18,343 - WARNING - ODE solver failed: Required step size is less than spacing between numbers.
2025-08-27 13:44:18,365 - WARNING - ODE solver failed: Required step size is less than spacing between numbers.
2025-08-27 13:44:18,386 - WARNING - ODE solver failed: Required step size is less than spacing between numbers.
2025-08-27 13:44:18,408 - WARNING - ODE solver failed: Required step size is less than spacing between numbers.
2025-08-27 13:44:18,430 - WARNING - ODE solver failed: Required step size is less than spacing between numbers.
2025-08-27 13:44:18,451 - WARNING - ODE solver failed: Required step size is less than spacing between numbers.
2025-08-27 13:44:18,472 - WARNING - ODE solver failed: Required step size is less than spacing between numbers.
2025-08-27 13:44:18,494 - WARNING - ODE solver failed: Required step size is less than spacing between numbers.
2025-08-27 13:44:18,515 - WARNING - ODE solver failed: Required step size is less than spacing between numbers.
2025-08-27 13:44:18,537 - WARNING - ODE solver failed: Required step size is less than spacing between numbers.
2025-08-27 13:44:18,558 - WARNING - ODE solver failed: Required step size is less than spacing between numbers.
2025-08-27 13:44:18,582 - WARNING - ODE solver failed: Required step size is less than spacing between numbers.
2025-08-27 13:44:18,603 - WARNING - ODE solver failed: Required step size is less than spacing between numbers.
2025-08-27 13:44:18,624 - WARNING - ODE solver failed: Required step size is less than spacing between numbers.
2025-08-27 13:44:18,646 - WARNING - ODE solver failed: Required step size is less than spacing between numbers.
2025-08-27 13:44:18,668 - WARNING - ODE solver failed: Required step size is less than spacing between numbers.
2025-08-27 13:44:18,689 - WARNING - ODE solver failed: Required step size is less than spacing between numbers.
2025-08-27 13:44:18,711 - WARNING - ODE solver failed: Required step size is less than spacing between numbers.
2025-08-27 13:44:18,734 - WARNING - ODE solver failed: Required step size is less than spacing between numbers.
2025-08-27 13:44:18,756 - WARNING - ODE solver failed: Required step size is less than spacing between numbers.
2025-08-27 13:44:18,777 - WARNING - ODE solver failed: Required step size is less than spacing between numbers.
2025-08-27 13:44:18,798 - WARNING - ODE solver failed: Required step size is less than spacing between numbers.
2025-08-27 13:44:18,821 - WARNING - ODE solver failed: Required step size is less than spacing between numbers.
2025-08-27 13:44:18,843 - WARNING - ODE solver failed: Required step size is less than spacing between numbers.
2025-08-27 13:44:18,864 - WARNING - ODE solver failed: Required step size is less than spacing between numbers.
2025-08-27 13:44:18,884 - WARNING - ODE solver failed: Required step size is less than spacing between numbers.
2025-08-27 13:44:18,905 - WARNING - ODE solver failed: Required step size is less than spacing between numbers.
2025-08-27 13:44:18,926 - WARNING - ODE solver failed: Required step size is less than spacing between numbers.
2025-08-27 13:44:18,948 - WARNING - ODE solver failed: Required step size is less than spacing between numbers.
2025-08-27 13:44:18,968 - WARNING - ODE solver failed: Required step size is less than spacing between numbers.
2025-08-27 13:44:18,990 - WARNING - ODE solver failed: Required step size is less than spacing between numbers.
2025-08-27 13:44:19,011 - WARNING - ODE solver failed: Required step size is less than spacing between numbers.
2025-08-27 13:44:19,032 - WARNING - ODE solver failed: Required step size is less than spacing between numbers.
2025-08-27 13:44:19,055 - WARNING - ODE solver failed: Required step size is less than spacing between numbers.
2025-08-27 13:44:19,076 - WARNING - ODE solver failed: Required step size is less than spacing between numbers.
2025-08-27 13:44:19,097 - WARNING - ODE solver failed: Required step size is less than spacing between numbers.
2025-08-27 13:44:19,120 - WARNING - ODE solver failed: Required step size is less than spacing between numbers.
2025-08-27 13:44:19,142 - WARNING - ODE solver failed: Required step size is less than spacing between numbers.
2025-08-27 13:44:19,163 - WARNING - ODE solver failed: Required step size is less than spacing between numbers.
2025-08-27 13:44:19,185 - WARNING - ODE solver failed: Required step size is less than spacing between numbers.
2025-08-27 13:44:19,207 - WARNING - ODE solver failed: Required step size is less than spacing between numbers.
2025-08-27 13:44:19,228 - WARNING - ODE solver failed: Required step size is less than spacing between numbers.
2025-08-27 13:44:19,249 - WARNING - ODE solver failed: Required step size is less than spacing between numbers.
2025-08-27 13:44:19,270 - WARNING - ODE solver failed: Required step size is less than spacing between numbers.
2025-08-27 13:44:19,292 - WARNING - ODE solver failed: Required step size is less than spacing between numbers.
2025-08-27 13:44:19,313 - WARNING - ODE solver failed: Required step size is less than spacing between numbers.
2025-08-27 13:44:19,335 - WARNING - ODE solver failed: Required step size is less than spacing between numbers.
2025-08-27 13:44:19,357 - WARNING - ODE solver failed: Required step size is less than spacing between numbers.
2025-08-27 13:44:19,379 - WARNING - ODE solver failed: Required step size is less than spacing between numbers.
2025-08-27 13:44:19,400 - WARNING - ODE solver failed: Required step size is less than spacing between numbers.
2025-08-27 13:44:19,421 - WARNING - ODE solver failed: Required step size is less than spacing between numbers.
2025-08-27 13:44:19,442 - WARNING - ODE solver failed: Required step size is less than spacing between numbers.
2025-08-27 13:44:19,463 - WARNING - ODE solver failed: Required step size is less than spacing between numbers.
2025-08-27 13:44:19,485 - WARNING - ODE solver failed: Required step size is less than spacing between numbers.
2025-08-27 13:44:19,507 - WARNING - ODE solver failed: Required step size is less than spacing between numbers.
2025-08-27 13:44:19,529 - WARNING - ODE solver failed: Required step size is less than spacing between numbers.
2025-08-27 13:44:19,551 - WARNING - ODE solver failed: Required step size is less than spacing between numbers.
2025-08-27 13:44:19,573 - WARNING - ODE solver failed: Required step size is less than spacing between numbers.
2025-08-27 13:44:19,594 - WARNING - ODE solver failed: Required step size is less than spacing between numbers.
2025-08-27 13:44:19,615 - WARNING - ODE solver failed: Required step size is less than spacing between numbers.
2025-08-27 13:44:19,636 - WARNING - ODE solver failed: Required step size is less than spacing between numbers.
2025-08-27 13:44:19,657 - WARNING - ODE solver failed: Required step size is less than spacing between numbers.
2025-08-27 13:44:19,680 - WARNING - ODE solver failed: Required step size is less than spacing between numbers.
2025-08-27 13:44:19,700 - WARNING - ODE solver failed: Required step size is less than spacing between numbers.
2025-08-27 13:44:19,722 - WARNING - ODE solver failed: Required step size is less than spacing between numbers.
2025-08-27 13:44:19,744 - WARNING - ODE solver failed: Required step size is less than spacing between numbers.
2025-08-27 13:44:19,766 - WARNING - ODE solver failed: Required step size is less than spacing between numbers.
2025-08-27 13:44:19,787 - WARNING - ODE solver failed: Required step size is less than spacing between numbers.
2025-08-27 13:44:19,809 - WARNING - ODE solver failed: Required step size is less than spacing between numbers.
2025-08-27 13:44:19,830 - WARNING - ODE solver failed: Required step size is less than spacing between numbers.
2025-08-27 13:44:19,850 - WARNING - ODE solver failed: Required step size is less than spacing between numbers.
2025-08-27 13:44:19,872 - WARNING - ODE solver failed: Required step size is less than spacing between numbers.
2025-08-27 13:44:19,893 - WARNING - ODE solver failed: Required step size is less than spacing between numbers.
2025-08-27 13:44:19,915 - WARNING - ODE solver failed: Required step size is less than spacing between numbers.
2025-08-27 13:44:19,937 - WARNING - ODE solver failed: Required step size is less than spacing between numbers.
2025-08-27 13:44:19,958 - WARNING - ODE solver failed: Required step size is less than spacing between numbers.
2025-08-27 13:44:19,978 - WARNING - ODE solver failed: Required step size is less than spacing between numbers.
2025-08-27 13:44:20,000 - WARNING - ODE solver failed: Required step size is less than spacing between numbers.
2025-08-27 13:44:20,022 - WARNING - ODE solver failed: Required step size is less than spacing between numbers.
2025-08-27 13:44:20,044 - WARNING - ODE solver failed: Required step size is less than spacing between numbers.
2025-08-27 13:44:20,065 - WARNING - ODE solver failed: Required step size is less than spacing between numbers.
2025-08-27 13:44:20,086 - WARNING - ODE solver failed: Required step size is less than spacing between numbers.
2025-08-27 13:44:20,108 - WARNING - ODE solver failed: Required step size is less than spacing between numbers.
2025-08-27 13:44:20,131 - WARNING - ODE solver failed: Required step size is less than spacing between numbers.
2025-08-27 13:44:20,152 - WARNING - ODE solver failed: Required step size is less than spacing between numbers.
2025-08-27 13:44:20,173 - WARNING - ODE solver failed: Required step size is less than spacing between numbers.
2025-08-27 13:44:20,195 - WARNING - ODE solver failed: Required step size is less than spacing between numbers.
2025-08-27 13:44:20,217 - WARNING - ODE solver failed: Required step size is less than spacing between numbers.
2025-08-27 13:44:20,238 - WARNING - ODE solver failed: Required step size is less than spacing between numbers.
2025-08-27 13:44:20,240 - INFO - Generated 400/1000 training scenarios
2025-08-27 13:44:20,260 - WARNING - ODE solver failed: Required step size is less than spacing between numbers.
2025-08-27 13:44:20,281 - WARNING - ODE solver failed: Required step size is less than spacing between numbers.
2025-08-27 13:44:20,301 - WARNING - ODE solver failed: Required step size is less than spacing between numbers.
2025-08-27 13:44:20,324 - WARNING - ODE solver failed: Required step size is less than spacing between numbers.
2025-08-27 13:44:20,346 - WARNING - ODE solver failed: Required step size is less than spacing between numbers.
2025-08-27 13:44:20,367 - WARNING - ODE solver failed: Required step size is less than spacing between numbers.
2025-08-27 13:44:20,390 - WARNING - ODE solver failed: Required step size is less than spacing between numbers.
2025-08-27 13:44:20,412 - WARNING - ODE solver failed: Required step size is less than spacing between numbers.
2025-08-27 13:44:20,433 - WARNING - ODE solver failed: Required step size is less than spacing between numbers.
2025-08-27 13:44:20,454 - WARNING - ODE solver failed: Required step size is less than spacing between numbers.
2025-08-27 13:44:20,476 - WARNING - ODE solver failed: Required step size is less than spacing between numbers.
2025-08-27 13:44:20,498 - WARNING - ODE solver failed: Required step size is less than spacing between numbers.
2025-08-27 13:44:20,519 - WARNING - ODE solver failed: Required step size is less than spacing between numbers.
2025-08-27 13:44:20,540 - WARNING - ODE solver failed: Required step size is less than spacing between numbers.
2025-08-27 13:44:20,561 - WARNING - ODE solver failed: Required step size is less than spacing between numbers.
2025-08-27 13:44:20,582 - WARNING - ODE solver failed: Required step size is less than spacing between numbers.
2025-08-27 13:44:20,603 - WARNING - ODE solver failed: Required step size is less than spacing between numbers.
2025-08-27 13:44:20,624 - WARNING - ODE solver failed: Required step size is less than spacing between numbers.
2025-08-27 13:44:20,645 - WARNING - ODE solver failed: Required step size is less than spacing between numbers.
2025-08-27 13:44:20,667 - WARNING - ODE solver failed: Required step size is less than spacing between numbers.
2025-08-27 13:44:20,695 - WARNING - ODE solver failed: Required step size is less than spacing between numbers.
2025-08-27 13:44:20,718 - WARNING - ODE solver failed: Required step size is less than spacing between numbers.
2025-08-27 13:44:20,738 - WARNING - ODE solver failed: Required step size is less than spacing between numbers.
2025-08-27 13:44:20,759 - WARNING - ODE solver failed: Required step size is less than spacing between numbers.
2025-08-27 13:44:20,780 - WARNING - ODE solver failed: Required step size is less than spacing between numbers.
2025-08-27 13:44:20,802 - WARNING - ODE solver failed: Required step size is less than spacing between numbers.
2025-08-27 13:44:20,828 - WARNING - ODE solver failed: Required step size is less than spacing between numbers.
2025-08-27 13:44:20,849 - WARNING - ODE solver failed: Required step size is less than spacing between numbers.
2025-08-27 13:44:20,870 - WARNING - ODE solver failed: Required step size is less than spacing between numbers.
2025-08-27 13:44:20,892 - WARNING - ODE solver failed: Required step size is less than spacing between numbers.
2025-08-27 13:44:20,913 - WARNING - ODE solver failed: Required step size is less than spacing between numbers.
2025-08-27 13:44:20,934 - WARNING - ODE solver failed: Required step size is less than spacing between numbers.
2025-08-27 13:44:20,955 - WARNING - ODE solver failed: Required step size is less than spacing between numbers.
2025-08-27 13:44:20,975 - WARNING - ODE solver failed: Required step size is less than spacing between numbers.
2025-08-27 13:44:20,997 - WARNING - ODE solver failed: Required step size is less than spacing between numbers.
2025-08-27 13:44:21,018 - WARNING - ODE solver failed: Required step size is less than spacing between numbers.
2025-08-27 13:44:21,040 - WARNING - ODE solver failed: Required step size is less than spacing between numbers.
2025-08-27 13:44:21,061 - WARNING - ODE solver failed: Required step size is less than spacing between numbers.
2025-08-27 13:44:21,083 - WARNING - ODE solver failed: Required step size is less than spacing between numbers.
2025-08-27 13:44:21,105 - WARNING - ODE solver failed: Required step size is less than spacing between numbers.
2025-08-27 13:44:21,127 - WARNING - ODE solver failed: Required step size is less than spacing between numbers.
2025-08-27 13:44:21,150 - WARNING - ODE solver failed: Required step size is less than spacing between numbers.
2025-08-27 13:44:21,174 - WARNING - ODE solver failed: Required step size is less than spacing between numbers.
2025-08-27 13:44:21,195 - WARNING - ODE solver failed: Required step size is less than spacing between numbers.
2025-08-27 13:44:21,216 - WARNING - ODE solver failed: Required step size is less than spacing between numbers.
2025-08-27 13:44:21,236 - WARNING - ODE solver failed: Required step size is less than spacing between numbers.
2025-08-27 13:44:21,257 - WARNING - ODE solver failed: Required step size is less than spacing between numbers.
2025-08-27 13:44:21,278 - WARNING - ODE solver failed: Required step size is less than spacing between numbers.
2025-08-27 13:44:21,298 - WARNING - ODE solver failed: Required step size is less than spacing between numbers.
2025-08-27 13:44:21,319 - WARNING - ODE solver failed: Required step size is less than spacing between numbers.
2025-08-27 13:44:21,339 - WARNING - ODE solver failed: Required step size is less than spacing between numbers.
2025-08-27 13:44:21,361 - WARNING - ODE solver failed: Required step size is less than spacing between numbers.
2025-08-27 13:44:21,382 - WARNING - ODE solver failed: Required step size is less than spacing between numbers.
2025-08-27 13:44:21,403 - WARNING - ODE solver failed: Required step size is less than spacing between numbers.
2025-08-27 13:44:21,425 - WARNING - ODE solver failed: Required step size is less than spacing between numbers.
2025-08-27 13:44:21,447 - WARNING - ODE solver failed: Required step size is less than spacing between numbers.
2025-08-27 13:44:21,468 - WARNING - ODE solver failed: Required step size is less than spacing between numbers.
2025-08-27 13:44:21,489 - WARNING - ODE solver failed: Required step size is less than spacing between numbers.
2025-08-27 13:44:21,511 - WARNING - ODE solver failed: Required step size is less than spacing between numbers.
2025-08-27 13:44:21,532 - WARNING - ODE solver failed: Required step size is less than spacing between numbers.
2025-08-27 13:44:21,555 - WARNING - ODE solver failed: Required step size is less than spacing between numbers.
2025-08-27 13:44:21,576 - WARNING - ODE solver failed: Required step size is less than spacing between numbers.
2025-08-27 13:44:21,598 - WARNING - ODE solver failed: Required step size is less than spacing between numbers.
2025-08-27 13:44:21,619 - WARNING - ODE solver failed: Required step size is less than spacing between numbers.
2025-08-27 13:44:21,641 - WARNING - ODE solver failed: Required step size is less than spacing between numbers.
2025-08-27 13:44:21,662 - WARNING - ODE solver failed: Required step size is less than spacing between numbers.
2025-08-27 13:44:21,683 - WARNING - ODE solver failed: Required step size is less than spacing between numbers.
2025-08-27 13:44:21,704 - WARNING - ODE solver failed: Required step size is less than spacing between numbers.
2025-08-27 13:44:21,726 - WARNING - ODE solver failed: Required step size is less than spacing between numbers.
2025-08-27 13:44:21,747 - WARNING - ODE solver failed: Required step size is less than spacing between numbers.
2025-08-27 13:44:21,769 - WARNING - ODE solver failed: Required step size is less than spacing between numbers.
2025-08-27 13:44:21,790 - WARNING - ODE solver failed: Required step size is less than spacing between numbers.
2025-08-27 13:44:21,812 - WARNING - ODE solver failed: Required step size is less than spacing between numbers.
2025-08-27 13:44:21,834 - WARNING - ODE solver failed: Required step size is less than spacing between numbers.
2025-08-27 13:44:21,855 - WARNING - ODE solver failed: Required step size is less than spacing between numbers.
2025-08-27 13:44:21,880 - WARNING - ODE solver failed: Required step size is less than spacing between numbers.
2025-08-27 13:44:21,902 - WARNING - ODE solver failed: Required step size is less than spacing between numbers.
2025-08-27 13:44:21,928 - WARNING - ODE solver failed: Required step size is less than spacing between numbers.
2025-08-27 13:44:21,949 - WARNING - ODE solver failed: Required step size is less than spacing between numbers.
2025-08-27 13:44:21,970 - WARNING - ODE solver failed: Required step size is less than spacing between numbers.
2025-08-27 13:44:21,992 - WARNING - ODE solver failed: Required step size is less than spacing between numbers.
2025-08-27 13:44:22,013 - WARNING - ODE solver failed: Required step size is less than spacing between numbers.
2025-08-27 13:44:22,035 - WARNING - ODE solver failed: Required step size is less than spacing between numbers.
2025-08-27 13:44:22,056 - WARNING - ODE solver failed: Required step size is less than spacing between numbers.
2025-08-27 13:44:22,078 - WARNING - ODE solver failed: Required step size is less than spacing between numbers.
2025-08-27 13:44:22,100 - WARNING - ODE solver failed: Required step size is less than spacing between numbers.
2025-08-27 13:44:22,121 - WARNING - ODE solver failed: Required step size is less than spacing between numbers.
2025-08-27 13:44:22,143 - WARNING - ODE solver failed: Required step size is less than spacing between numbers.
2025-08-27 13:44:22,164 - WARNING - ODE solver failed: Required step size is less than spacing between numbers.
2025-08-27 13:44:22,186 - WARNING - ODE solver failed: Required step size is less than spacing between numbers.
2025-08-27 13:44:22,208 - WARNING - ODE solver failed: Required step size is less than spacing between numbers.
2025-08-27 13:44:22,230 - WARNING - ODE solver failed: Required step size is less than spacing between numbers.
2025-08-27 13:44:22,251 - WARNING - ODE solver failed: Required step size is less than spacing between numbers.
2025-08-27 13:44:22,272 - WARNING - ODE solver failed: Required step size is less than spacing between numbers.
2025-08-27 13:44:22,293 - WARNING - ODE solver failed: Required step size is less than spacing between numbers.
2025-08-27 13:44:22,314 - WARNING - ODE solver failed: Required step size is less than spacing between numbers.
2025-08-27 13:44:22,335 - WARNING - ODE solver failed: Required step size is less than spacing between numbers.
2025-08-27 13:44:22,356 - WARNING - ODE solver failed: Required step size is less than spacing between numbers.
2025-08-27 13:44:22,377 - WARNING - ODE solver failed: Required step size is less than spacing between numbers.
2025-08-27 13:44:22,378 - INFO - Generated 500/1000 training scenarios
2025-08-27 13:44:22,398 - WARNING - ODE solver failed: Required step size is less than spacing between numbers.
2025-08-27 13:44:22,419 - WARNING - ODE solver failed: Required step size is less than spacing between numbers.
2025-08-27 13:44:22,441 - WARNING - ODE solver failed: Required step size is less than spacing between numbers.
2025-08-27 13:44:22,462 - WARNING - ODE solver failed: Required step size is less than spacing between numbers.
2025-08-27 13:44:22,483 - WARNING - ODE solver failed: Required step size is less than spacing between numbers.
2025-08-27 13:44:22,505 - WARNING - ODE solver failed: Required step size is less than spacing between numbers.
2025-08-27 13:44:22,526 - WARNING - ODE solver failed: Required step size is less than spacing between numbers.
2025-08-27 13:44:22,548 - WARNING - ODE solver failed: Required step size is less than spacing between numbers.
2025-08-27 13:44:22,569 - WARNING - ODE solver failed: Required step size is less than spacing between numbers.
2025-08-27 13:44:22,590 - WARNING - ODE solver failed: Required step size is less than spacing between numbers.
2025-08-27 13:44:22,613 - WARNING - ODE solver failed: Required step size is less than spacing between numbers.
2025-08-27 13:44:22,635 - WARNING - ODE solver failed: Required step size is less than spacing between numbers.
2025-08-27 13:44:22,656 - WARNING - ODE solver failed: Required step size is less than spacing between numbers.
2025-08-27 13:44:22,677 - WARNING - ODE solver failed: Required step size is less than spacing between numbers.
2025-08-27 13:44:22,698 - WARNING - ODE solver failed: Required step size is less than spacing between numbers.
2025-08-27 13:44:22,719 - WARNING - ODE solver failed: Required step size is less than spacing between numbers.
2025-08-27 13:44:22,740 - WARNING - ODE solver failed: Required step size is less than spacing between numbers.
2025-08-27 13:44:22,761 - WARNING - ODE solver failed: Required step size is less than spacing between numbers.
2025-08-27 13:44:22,783 - WARNING - ODE solver failed: Required step size is less than spacing between numbers.
2025-08-27 13:44:22,805 - WARNING - ODE solver failed: Required step size is less than spacing between numbers.
2025-08-27 13:44:22,827 - WARNING - ODE solver failed: Required step size is less than spacing between numbers.
2025-08-27 13:44:22,848 - WARNING - ODE solver failed: Required step size is less than spacing between numbers.
2025-08-27 13:44:22,869 - WARNING - ODE solver failed: Required step size is less than spacing between numbers.
2025-08-27 13:44:22,890 - WARNING - ODE solver failed: Required step size is less than spacing between numbers.
2025-08-27 13:44:22,911 - WARNING - ODE solver failed: Required step size is less than spacing between numbers.
2025-08-27 13:44:22,932 - WARNING - ODE solver failed: Required step size is less than spacing between numbers.
2025-08-27 13:44:22,953 - WARNING - ODE solver failed: Required step size is less than spacing between numbers.
2025-08-27 13:44:22,975 - WARNING - ODE solver failed: Required step size is less than spacing between numbers.
2025-08-27 13:44:22,996 - WARNING - ODE solver failed: Required step size is less than spacing between numbers.
2025-08-27 13:44:23,018 - WARNING - ODE solver failed: Required step size is less than spacing between numbers.
2025-08-27 13:44:23,039 - WARNING - ODE solver failed: Required step size is less than spacing between numbers.
2025-08-27 13:44:23,060 - WARNING - ODE solver failed: Required step size is less than spacing between numbers.
2025-08-27 13:44:23,081 - WARNING - ODE solver failed: Required step size is less than spacing between numbers.
2025-08-27 13:44:23,103 - WARNING - ODE solver failed: Required step size is less than spacing between numbers.
2025-08-27 13:44:23,125 - WARNING - ODE solver failed: Required step size is less than spacing between numbers.
2025-08-27 13:44:23,146 - WARNING - ODE solver failed: Required step size is less than spacing between numbers.
2025-08-27 13:44:23,170 - WARNING - ODE solver failed: Required step size is less than spacing between numbers.
2025-08-27 13:44:23,191 - WARNING - ODE solver failed: Required step size is less than spacing between numbers.
2025-08-27 13:44:23,212 - WARNING - ODE solver failed: Required step size is less than spacing between numbers.
2025-08-27 13:44:23,233 - WARNING - ODE solver failed: Required step size is less than spacing between numbers.
2025-08-27 13:44:23,254 - WARNING - ODE solver failed: Required step size is less than spacing between numbers.
2025-08-27 13:44:23,276 - WARNING - ODE solver failed: Required step size is less than spacing between numbers.
2025-08-27 13:44:23,297 - WARNING - ODE solver failed: Required step size is less than spacing between numbers.
2025-08-27 13:44:23,319 - WARNING - ODE solver failed: Required step size is less than spacing between numbers.
2025-08-27 13:44:23,340 - WARNING - ODE solver failed: Required step size is less than spacing between numbers.
2025-08-27 13:44:23,362 - WARNING - ODE solver failed: Required step size is less than spacing between numbers.
2025-08-27 13:44:23,384 - WARNING - ODE solver failed: Required step size is less than spacing between numbers.
2025-08-27 13:44:23,405 - WARNING - ODE solver failed: Required step size is less than spacing between numbers.
2025-08-27 13:44:23,426 - WARNING - ODE solver failed: Required step size is less than spacing between numbers.
2025-08-27 13:44:23,447 - WARNING - ODE solver failed: Required step size is less than spacing between numbers.
2025-08-27 13:44:23,468 - WARNING - ODE solver failed: Required step size is less than spacing between numbers.
2025-08-27 13:44:23,490 - WARNING - ODE solver failed: Required step size is less than spacing between numbers.
2025-08-27 13:44:23,512 - WARNING - ODE solver failed: Required step size is less than spacing between numbers.
2025-08-27 13:44:23,533 - WARNING - ODE solver failed: Required step size is less than spacing between numbers.
2025-08-27 13:44:23,555 - WARNING - ODE solver failed: Required step size is less than spacing between numbers.
2025-08-27 13:44:23,578 - WARNING - ODE solver failed: Required step size is less than spacing between numbers.
2025-08-27 13:44:23,599 - WARNING - ODE solver failed: Required step size is less than spacing between numbers.
2025-08-27 13:44:23,621 - WARNING - ODE solver failed: Required step size is less than spacing between numbers.
2025-08-27 13:44:23,642 - WARNING - ODE solver failed: Required step size is less than spacing between numbers.
2025-08-27 13:44:23,663 - WARNING - ODE solver failed: Required step size is less than spacing between numbers.
2025-08-27 13:44:23,685 - WARNING - ODE solver failed: Required step size is less than spacing between numbers.
2025-08-27 13:44:23,707 - WARNING - ODE solver failed: Required step size is less than spacing between numbers.
2025-08-27 13:44:23,728 - WARNING - ODE solver failed: Required step size is less than spacing between numbers.
2025-08-27 13:44:23,749 - WARNING - ODE solver failed: Required step size is less than spacing between numbers.
2025-08-27 13:44:23,771 - WARNING - ODE solver failed: Required step size is less than spacing between numbers.
2025-08-27 13:44:23,792 - WARNING - ODE solver failed: Required step size is less than spacing between numbers.
2025-08-27 13:44:23,813 - WARNING - ODE solver failed: Required step size is less than spacing between numbers.
2025-08-27 13:44:23,837 - WARNING - ODE solver failed: Required step size is less than spacing between numbers.
2025-08-27 13:44:23,858 - WARNING - ODE solver failed: Required step size is less than spacing between numbers.
2025-08-27 13:44:23,880 - WARNING - ODE solver failed: Required step size is less than spacing between numbers.
2025-08-27 13:44:23,902 - WARNING - ODE solver failed: Required step size is less than spacing between numbers.
2025-08-27 13:44:23,923 - WARNING - ODE solver failed: Required step size is less than spacing between numbers.
2025-08-27 13:44:23,944 - WARNING - ODE solver failed: Required step size is less than spacing between numbers.
2025-08-27 13:44:23,965 - WARNING - ODE solver failed: Required step size is less than spacing between numbers.
2025-08-27 13:44:23,987 - WARNING - ODE solver failed: Required step size is less than spacing between numbers.
2025-08-27 13:44:24,009 - WARNING - ODE solver failed: Required step size is less than spacing between numbers.
2025-08-27 13:44:24,029 - WARNING - ODE solver failed: Required step size is less than spacing between numbers.
2025-08-27 13:44:24,050 - WARNING - ODE solver failed: Required step size is less than spacing between numbers.
2025-08-27 13:44:24,071 - WARNING - ODE solver failed: Required step size is less than spacing between numbers.
2025-08-27 13:44:24,092 - WARNING - ODE solver failed: Required step size is less than spacing between numbers.
2025-08-27 13:44:24,114 - WARNING - ODE solver failed: Required step size is less than spacing between numbers.
2025-08-27 13:44:24,134 - WARNING - ODE solver failed: Required step size is less than spacing between numbers.
2025-08-27 13:44:24,157 - WARNING - ODE solver failed: Required step size is less than spacing between numbers.
2025-08-27 13:44:24,180 - WARNING - ODE solver failed: Required step size is less than spacing between numbers.
2025-08-27 13:44:24,203 - WARNING - ODE solver failed: Required step size is less than spacing between numbers.
2025-08-27 13:44:24,226 - WARNING - ODE solver failed: Required step size is less than spacing between numbers.
2025-08-27 13:44:24,247 - WARNING - ODE solver failed: Required step size is less than spacing between numbers.
2025-08-27 13:44:24,267 - WARNING - ODE solver failed: Required step size is less than spacing between numbers.
2025-08-27 13:44:24,290 - WARNING - ODE solver failed: Required step size is less than spacing between numbers.
2025-08-27 13:44:24,312 - WARNING - ODE solver failed: Required step size is less than spacing between numbers.
2025-08-27 13:44:24,333 - WARNING - ODE solver failed: Required step size is less than spacing between numbers.
2025-08-27 13:44:24,353 - WARNING - ODE solver failed: Required step size is less than spacing between numbers.
2025-08-27 13:44:24,374 - WARNING - ODE solver failed: Required step size is less than spacing between numbers.
2025-08-27 13:44:24,396 - WARNING - ODE solver failed: Required step size is less than spacing between numbers.
2025-08-27 13:44:24,419 - WARNING - ODE solver failed: Required step size is less than spacing between numbers.
2025-08-27 13:44:24,440 - WARNING - ODE solver failed: Required step size is less than spacing between numbers.
2025-08-27 13:44:24,461 - WARNING - ODE solver failed: Required step size is less than spacing between numbers.
2025-08-27 13:44:24,483 - WARNING - ODE solver failed: Required step size is less than spacing between numbers.
2025-08-27 13:44:24,506 - WARNING - ODE solver failed: Required step size is less than spacing between numbers.
2025-08-27 13:44:24,528 - WARNING - ODE solver failed: Required step size is less than spacing between numbers.
2025-08-27 13:44:24,529 - INFO - Generated 600/1000 training scenarios
2025-08-27 13:44:24,550 - WARNING - ODE solver failed: Required step size is less than spacing between numbers.
2025-08-27 13:44:24,571 - WARNING - ODE solver failed: Required step size is less than spacing between numbers.
2025-08-27 13:44:24,593 - WARNING - ODE solver failed: Required step size is less than spacing between numbers.
2025-08-27 13:44:24,615 - WARNING - ODE solver failed: Required step size is less than spacing between numbers.
2025-08-27 13:44:24,635 - WARNING - ODE solver failed: Required step size is less than spacing between numbers.
2025-08-27 13:44:24,656 - WARNING - ODE solver failed: Required step size is less than spacing between numbers.
2025-08-27 13:44:24,677 - WARNING - ODE solver failed: Required step size is less than spacing between numbers.
2025-08-27 13:44:24,699 - WARNING - ODE solver failed: Required step size is less than spacing between numbers.
2025-08-27 13:44:24,720 - WARNING - ODE solver failed: Required step size is less than spacing between numbers.
2025-08-27 13:44:24,741 - WARNING - ODE solver failed: Required step size is less than spacing between numbers.
2025-08-27 13:44:24,762 - WARNING - ODE solver failed: Required step size is less than spacing between numbers.
2025-08-27 13:44:24,785 - WARNING - ODE solver failed: Required step size is less than spacing between numbers.
2025-08-27 13:44:24,806 - WARNING - ODE solver failed: Required step size is less than spacing between numbers.
2025-08-27 13:44:24,831 - WARNING - ODE solver failed: Required step size is less than spacing between numbers.
2025-08-27 13:44:24,852 - WARNING - ODE solver failed: Required step size is less than spacing between numbers.
2025-08-27 13:44:24,873 - WARNING - ODE solver failed: Required step size is less than spacing between numbers.
2025-08-27 13:44:24,893 - WARNING - ODE solver failed: Required step size is less than spacing between numbers.
2025-08-27 13:44:24,914 - WARNING - ODE solver failed: Required step size is less than spacing between numbers.
2025-08-27 13:44:24,935 - WARNING - ODE solver failed: Required step size is less than spacing between numbers.
2025-08-27 13:44:24,957 - WARNING - ODE solver failed: Required step size is less than spacing between numbers.
2025-08-27 13:44:24,978 - WARNING - ODE solver failed: Required step size is less than spacing between numbers.
2025-08-27 13:44:24,999 - WARNING - ODE solver failed: Required step size is less than spacing between numbers.
2025-08-27 13:44:25,020 - WARNING - ODE solver failed: Required step size is less than spacing between numbers.
2025-08-27 13:44:25,041 - WARNING - ODE solver failed: Required step size is less than spacing between numbers.
2025-08-27 13:44:25,063 - WARNING - ODE solver failed: Required step size is less than spacing between numbers.
2025-08-27 13:44:25,084 - WARNING - ODE solver failed: Required step size is less than spacing between numbers.
2025-08-27 13:44:25,106 - WARNING - ODE solver failed: Required step size is less than spacing between numbers.
2025-08-27 13:44:25,128 - WARNING - ODE solver failed: Required step size is less than spacing between numbers.
2025-08-27 13:44:25,148 - WARNING - ODE solver failed: Required step size is less than spacing between numbers.
2025-08-27 13:44:25,171 - WARNING - ODE solver failed: Required step size is less than spacing between numbers.
2025-08-27 13:44:25,192 - WARNING - ODE solver failed: Required step size is less than spacing between numbers.
2025-08-27 13:44:25,213 - WARNING - ODE solver failed: Required step size is less than spacing between numbers.
2025-08-27 13:44:25,234 - WARNING - ODE solver failed: Required step size is less than spacing between numbers.
2025-08-27 13:44:25,255 - WARNING - ODE solver failed: Required step size is less than spacing between numbers.
2025-08-27 13:44:25,276 - WARNING - ODE solver failed: Required step size is less than spacing between numbers.
2025-08-27 13:44:25,298 - WARNING - ODE solver failed: Required step size is less than spacing between numbers.
2025-08-27 13:44:25,319 - WARNING - ODE solver failed: Required step size is less than spacing between numbers.
2025-08-27 13:44:25,339 - WARNING - ODE solver failed: Required step size is less than spacing between numbers.
2025-08-27 13:44:25,361 - WARNING - ODE solver failed: Required step size is less than spacing between numbers.
2025-08-27 13:44:25,385 - WARNING - ODE solver failed: Required step size is less than spacing between numbers.
2025-08-27 13:44:25,406 - WARNING - ODE solver failed: Required step size is less than spacing between numbers.
2025-08-27 13:44:25,427 - WARNING - ODE solver failed: Required step size is less than spacing between numbers.
2025-08-27 13:44:25,449 - WARNING - ODE solver failed: Required step size is less than spacing between numbers.
2025-08-27 13:44:25,471 - WARNING - ODE solver failed: Required step size is less than spacing between numbers.
2025-08-27 13:44:25,493 - WARNING - ODE solver failed: Required step size is less than spacing between numbers.
2025-08-27 13:44:25,514 - WARNING - ODE solver failed: Required step size is less than spacing between numbers.
2025-08-27 13:44:25,535 - WARNING - ODE solver failed: Required step size is less than spacing between numbers.
2025-08-27 13:44:25,557 - WARNING - ODE solver failed: Required step size is less than spacing between numbers.
2025-08-27 13:44:25,578 - WARNING - ODE solver failed: Required step size is less than spacing between numbers.
2025-08-27 13:44:25,599 - WARNING - ODE solver failed: Required step size is less than spacing between numbers.
2025-08-27 13:44:25,620 - WARNING - ODE solver failed: Required step size is less than spacing between numbers.
2025-08-27 13:44:25,643 - WARNING - ODE solver failed: Required step size is less than spacing between numbers.
2025-08-27 13:44:25,665 - WARNING - ODE solver failed: Required step size is less than spacing between numbers.
2025-08-27 13:44:25,686 - WARNING - ODE solver failed: Required step size is less than spacing between numbers.
2025-08-27 13:44:25,707 - WARNING - ODE solver failed: Required step size is less than spacing between numbers.
2025-08-27 13:44:25,730 - WARNING - ODE solver failed: Required step size is less than spacing between numbers.
2025-08-27 13:44:25,751 - WARNING - ODE solver failed: Required step size is less than spacing between numbers.
2025-08-27 13:44:25,772 - WARNING - ODE solver failed: Required step size is less than spacing between numbers.
2025-08-27 13:44:25,793 - WARNING - ODE solver failed: Required step size is less than spacing between numbers.
2025-08-27 13:44:25,816 - WARNING - ODE solver failed: Required step size is less than spacing between numbers.
2025-08-27 13:44:25,838 - WARNING - ODE solver failed: Required step size is less than spacing between numbers.
2025-08-27 13:44:25,858 - WARNING - ODE solver failed: Required step size is less than spacing between numbers.
2025-08-27 13:44:25,879 - WARNING - ODE solver failed: Required step size is less than spacing between numbers.
2025-08-27 13:44:25,901 - WARNING - ODE solver failed: Required step size is less than spacing between numbers.
2025-08-27 13:44:25,922 - WARNING - ODE solver failed: Required step size is less than spacing between numbers.
2025-08-27 13:44:25,944 - WARNING - ODE solver failed: Required step size is less than spacing between numbers.
2025-08-27 13:44:25,967 - WARNING - ODE solver failed: Required step size is less than spacing between numbers.
2025-08-27 13:44:25,993 - WARNING - ODE solver failed: Required step size is less than spacing between numbers.
2025-08-27 13:44:26,022 - WARNING - ODE solver failed: Required step size is less than spacing between numbers.
2025-08-27 13:44:26,044 - WARNING - ODE solver failed: Required step size is less than spacing between numbers.
2025-08-27 13:44:26,066 - WARNING - ODE solver failed: Required step size is less than spacing between numbers.
2025-08-27 13:44:26,087 - WARNING - ODE solver failed: Required step size is less than spacing between numbers.
2025-08-27 13:44:26,109 - WARNING - ODE solver failed: Required step size is less than spacing between numbers.
2025-08-27 13:44:26,132 - WARNING - ODE solver failed: Required step size is less than spacing between numbers.
2025-08-27 13:44:26,153 - WARNING - ODE solver failed: Required step size is less than spacing between numbers.
2025-08-27 13:44:26,174 - WARNING - ODE solver failed: Required step size is less than spacing between numbers.
2025-08-27 13:44:26,195 - WARNING - ODE solver failed: Required step size is less than spacing between numbers.
2025-08-27 13:44:26,218 - WARNING - ODE solver failed: Required step size is less than spacing between numbers.
2025-08-27 13:44:26,239 - WARNING - ODE solver failed: Required step size is less than spacing between numbers.
2025-08-27 13:44:26,261 - WARNING - ODE solver failed: Required step size is less than spacing between numbers.
2025-08-27 13:44:26,282 - WARNING - ODE solver failed: Required step size is less than spacing between numbers.
2025-08-27 13:44:26,303 - WARNING - ODE solver failed: Required step size is less than spacing between numbers.
2025-08-27 13:44:26,325 - WARNING - ODE solver failed: Required step size is less than spacing between numbers.
2025-08-27 13:44:26,347 - WARNING - ODE solver failed: Required step size is less than spacing between numbers.
2025-08-27 13:44:26,369 - WARNING - ODE solver failed: Required step size is less than spacing between numbers.
2025-08-27 13:44:26,390 - WARNING - ODE solver failed: Required step size is less than spacing between numbers.
2025-08-27 13:44:26,412 - WARNING - ODE solver failed: Required step size is less than spacing between numbers.
2025-08-27 13:44:26,433 - WARNING - ODE solver failed: Required step size is less than spacing between numbers.
2025-08-27 13:44:26,455 - WARNING - ODE solver failed: Required step size is less than spacing between numbers.
2025-08-27 13:44:26,476 - WARNING - ODE solver failed: Required step size is less than spacing between numbers.
2025-08-27 13:44:26,498 - WARNING - ODE solver failed: Required step size is less than spacing between numbers.
2025-08-27 13:44:26,519 - WARNING - ODE solver failed: Required step size is less than spacing between numbers.
2025-08-27 13:44:26,540 - WARNING - ODE solver failed: Required step size is less than spacing between numbers.
2025-08-27 13:44:26,562 - WARNING - ODE solver failed: Required step size is less than spacing between numbers.
2025-08-27 13:44:26,583 - WARNING - ODE solver failed: Required step size is less than spacing between numbers.
2025-08-27 13:44:26,605 - WARNING - ODE solver failed: Required step size is less than spacing between numbers.
2025-08-27 13:44:26,626 - WARNING - ODE solver failed: Required step size is less than spacing between numbers.
2025-08-27 13:44:26,647 - WARNING - ODE solver failed: Required step size is less than spacing between numbers.
2025-08-27 13:44:26,668 - WARNING - ODE solver failed: Required step size is less than spacing between numbers.
2025-08-27 13:44:26,689 - WARNING - ODE solver failed: Required step size is less than spacing between numbers.
2025-08-27 13:44:26,690 - INFO - Generated 700/1000 training scenarios
2025-08-27 13:44:26,711 - WARNING - ODE solver failed: Required step size is less than spacing between numbers.
2025-08-27 13:44:26,732 - WARNING - ODE solver failed: Required step size is less than spacing between numbers.
2025-08-27 13:44:26,753 - WARNING - ODE solver failed: Required step size is less than spacing between numbers.
2025-08-27 13:44:26,775 - WARNING - ODE solver failed: Required step size is less than spacing between numbers.
2025-08-27 13:44:26,796 - WARNING - ODE solver failed: Required step size is less than spacing between numbers.
2025-08-27 13:44:26,819 - WARNING - ODE solver failed: Required step size is less than spacing between numbers.
2025-08-27 13:44:26,844 - WARNING - ODE solver failed: Required step size is less than spacing between numbers.
2025-08-27 13:44:26,866 - WARNING - ODE solver failed: Required step size is less than spacing between numbers.
2025-08-27 13:44:26,889 - WARNING - ODE solver failed: Required step size is less than spacing between numbers.
2025-08-27 13:44:26,911 - WARNING - ODE solver failed: Required step size is less than spacing between numbers.
2025-08-27 13:44:26,933 - WARNING - ODE solver failed: Required step size is less than spacing between numbers.
2025-08-27 13:44:26,954 - WARNING - ODE solver failed: Required step size is less than spacing between numbers.
2025-08-27 13:44:26,975 - WARNING - ODE solver failed: Required step size is less than spacing between numbers.
2025-08-27 13:44:26,996 - WARNING - ODE solver failed: Required step size is less than spacing between numbers.
2025-08-27 13:44:27,018 - WARNING - ODE solver failed: Required step size is less than spacing between numbers.
2025-08-27 13:44:27,040 - WARNING - ODE solver failed: Required step size is less than spacing between numbers.
2025-08-27 13:44:27,061 - WARNING - ODE solver failed: Required step size is less than spacing between numbers.
2025-08-27 13:44:27,084 - WARNING - ODE solver failed: Required step size is less than spacing between numbers.
2025-08-27 13:44:27,105 - WARNING - ODE solver failed: Required step size is less than spacing between numbers.
2025-08-27 13:44:27,127 - WARNING - ODE solver failed: Required step size is less than spacing between numbers.
2025-08-27 13:44:27,149 - WARNING - ODE solver failed: Required step size is less than spacing between numbers.
2025-08-27 13:44:27,171 - WARNING - ODE solver failed: Required step size is less than spacing between numbers.
2025-08-27 13:44:27,192 - WARNING - ODE solver failed: Required step size is less than spacing between numbers.
2025-08-27 13:44:27,213 - WARNING - ODE solver failed: Required step size is less than spacing between numbers.
2025-08-27 13:44:27,236 - WARNING - ODE solver failed: Required step size is less than spacing between numbers.
2025-08-27 13:44:27,260 - WARNING - ODE solver failed: Required step size is less than spacing between numbers.
2025-08-27 13:44:27,281 - WARNING - ODE solver failed: Required step size is less than spacing between numbers.
2025-08-27 13:44:27,302 - WARNING - ODE solver failed: Required step size is less than spacing between numbers.
2025-08-27 13:44:27,323 - WARNING - ODE solver failed: Required step size is less than spacing between numbers.
2025-08-27 13:44:27,344 - WARNING - ODE solver failed: Required step size is less than spacing between numbers.
2025-08-27 13:44:27,364 - WARNING - ODE solver failed: Required step size is less than spacing between numbers.
2025-08-27 13:44:27,385 - WARNING - ODE solver failed: Required step size is less than spacing between numbers.
2025-08-27 13:44:27,407 - WARNING - ODE solver failed: Required step size is less than spacing between numbers.
2025-08-27 13:44:27,429 - WARNING - ODE solver failed: Required step size is less than spacing between numbers.
2025-08-27 13:44:27,451 - WARNING - ODE solver failed: Required step size is less than spacing between numbers.
2025-08-27 13:44:27,472 - WARNING - ODE solver failed: Required step size is less than spacing between numbers.
2025-08-27 13:44:27,495 - WARNING - ODE solver failed: Required step size is less than spacing between numbers.
2025-08-27 13:44:27,518 - WARNING - ODE solver failed: Required step size is less than spacing between numbers.
2025-08-27 13:44:27,539 - WARNING - ODE solver failed: Required step size is less than spacing between numbers.
2025-08-27 13:44:27,562 - WARNING - ODE solver failed: Required step size is less than spacing between numbers.
2025-08-27 13:44:27,584 - WARNING - ODE solver failed: Required step size is less than spacing between numbers.
2025-08-27 13:44:27,606 - WARNING - ODE solver failed: Required step size is less than spacing between numbers.
2025-08-27 13:44:27,627 - WARNING - ODE solver failed: Required step size is less than spacing between numbers.
2025-08-27 13:44:27,649 - WARNING - ODE solver failed: Required step size is less than spacing between numbers.
2025-08-27 13:44:27,671 - WARNING - ODE solver failed: Required step size is less than spacing between numbers.
2025-08-27 13:44:27,692 - WARNING - ODE solver failed: Required step size is less than spacing between numbers.
2025-08-27 13:44:27,714 - WARNING - ODE solver failed: Required step size is less than spacing between numbers.
2025-08-27 13:44:27,735 - WARNING - ODE solver failed: Required step size is less than spacing between numbers.
2025-08-27 13:44:27,756 - WARNING - ODE solver failed: Required step size is less than spacing between numbers.
2025-08-27 13:44:27,779 - WARNING - ODE solver failed: Required step size is less than spacing between numbers.
2025-08-27 13:44:27,801 - WARNING - ODE solver failed: Required step size is less than spacing between numbers.
2025-08-27 13:44:27,824 - WARNING - ODE solver failed: Required step size is less than spacing between numbers.
2025-08-27 13:44:27,845 - WARNING - ODE solver failed: Required step size is less than spacing between numbers.
2025-08-27 13:44:27,867 - WARNING - ODE solver failed: Required step size is less than spacing between numbers.
2025-08-27 13:44:27,888 - WARNING - ODE solver failed: Required step size is less than spacing between numbers.
2025-08-27 13:44:27,909 - WARNING - ODE solver failed: Required step size is less than spacing between numbers.
2025-08-27 13:44:27,930 - WARNING - ODE solver failed: Required step size is less than spacing between numbers.
2025-08-27 13:44:27,952 - WARNING - ODE solver failed: Required step size is less than spacing between numbers.
2025-08-27 13:44:27,973 - WARNING - ODE solver failed: Required step size is less than spacing between numbers.
2025-08-27 13:44:27,995 - WARNING - ODE solver failed: Required step size is less than spacing between numbers.
2025-08-27 13:44:28,016 - WARNING - ODE solver failed: Required step size is less than spacing between numbers.
2025-08-27 13:44:28,037 - WARNING - ODE solver failed: Required step size is less than spacing between numbers.
2025-08-27 13:44:28,058 - WARNING - ODE solver failed: Required step size is less than spacing between numbers.
2025-08-27 13:44:28,080 - WARNING - ODE solver failed: Required step size is less than spacing between numbers.
2025-08-27 13:44:28,101 - WARNING - ODE solver failed: Required step size is less than spacing between numbers.
2025-08-27 13:44:28,124 - WARNING - ODE solver failed: Required step size is less than spacing between numbers.
2025-08-27 13:44:28,145 - WARNING - ODE solver failed: Required step size is less than spacing between numbers.
2025-08-27 13:44:28,166 - WARNING - ODE solver failed: Required step size is less than spacing between numbers.
2025-08-27 13:44:28,187 - WARNING - ODE solver failed: Required step size is less than spacing between numbers.
2025-08-27 13:44:28,208 - WARNING - ODE solver failed: Required step size is less than spacing between numbers.
2025-08-27 13:44:28,230 - WARNING - ODE solver failed: Required step size is less than spacing between numbers.
2025-08-27 13:44:28,251 - WARNING - ODE solver failed: Required step size is less than spacing between numbers.
2025-08-27 13:44:28,273 - WARNING - ODE solver failed: Required step size is less than spacing between numbers.
2025-08-27 13:44:28,294 - WARNING - ODE solver failed: Required step size is less than spacing between numbers.
2025-08-27 13:44:28,317 - WARNING - ODE solver failed: Required step size is less than spacing between numbers.
2025-08-27 13:44:28,340 - WARNING - ODE solver failed: Required step size is less than spacing between numbers.
2025-08-27 13:44:28,361 - WARNING - ODE solver failed: Required step size is less than spacing between numbers.
2025-08-27 13:44:28,382 - WARNING - ODE solver failed: Required step size is less than spacing between numbers.
2025-08-27 13:44:28,404 - WARNING - ODE solver failed: Required step size is less than spacing between numbers.
2025-08-27 13:44:28,425 - WARNING - ODE solver failed: Required step size is less than spacing between numbers.
2025-08-27 13:44:28,449 - WARNING - ODE solver failed: Required step size is less than spacing between numbers.
2025-08-27 13:44:28,470 - WARNING - ODE solver failed: Required step size is less than spacing between numbers.
2025-08-27 13:44:28,492 - WARNING - ODE solver failed: Required step size is less than spacing between numbers.
2025-08-27 13:44:28,512 - WARNING - ODE solver failed: Required step size is less than spacing between numbers.
2025-08-27 13:44:28,533 - WARNING - ODE solver failed: Required step size is less than spacing between numbers.
2025-08-27 13:44:28,554 - WARNING - ODE solver failed: Required step size is less than spacing between numbers.
2025-08-27 13:44:28,576 - WARNING - ODE solver failed: Required step size is less than spacing between numbers.
2025-08-27 13:44:28,598 - WARNING - ODE solver failed: Required step size is less than spacing between numbers.
2025-08-27 13:44:28,619 - WARNING - ODE solver failed: Required step size is less than spacing between numbers.
2025-08-27 13:44:28,640 - WARNING - ODE solver failed: Required step size is less than spacing between numbers.
2025-08-27 13:44:28,662 - WARNING - ODE solver failed: Required step size is less than spacing between numbers.
2025-08-27 13:44:28,683 - WARNING - ODE solver failed: Required step size is less than spacing between numbers.
2025-08-27 13:44:28,705 - WARNING - ODE solver failed: Required step size is less than spacing between numbers.
2025-08-27 13:44:28,726 - WARNING - ODE solver failed: Required step size is less than spacing between numbers.
2025-08-27 13:44:28,747 - WARNING - ODE solver failed: Required step size is less than spacing between numbers.
2025-08-27 13:44:28,768 - WARNING - ODE solver failed: Required step size is less than spacing between numbers.
2025-08-27 13:44:28,790 - WARNING - ODE solver failed: Required step size is less than spacing between numbers.
2025-08-27 13:44:28,812 - WARNING - ODE solver failed: Required step size is less than spacing between numbers.
2025-08-27 13:44:28,833 - WARNING - ODE solver failed: Required step size is less than spacing between numbers.
2025-08-27 13:44:28,854 - WARNING - ODE solver failed: Required step size is less than spacing between numbers.
2025-08-27 13:44:28,856 - INFO - Generated 800/1000 training scenarios
2025-08-27 13:44:28,875 - WARNING - ODE solver failed: Required step size is less than spacing between numbers.
2025-08-27 13:44:28,897 - WARNING - ODE solver failed: Required step size is less than spacing between numbers.
2025-08-27 13:44:28,918 - WARNING - ODE solver failed: Required step size is less than spacing between numbers.
2025-08-27 13:44:28,940 - WARNING - ODE solver failed: Required step size is less than spacing between numbers.
2025-08-27 13:44:28,963 - WARNING - ODE solver failed: Required step size is less than spacing between numbers.
2025-08-27 13:44:28,984 - WARNING - ODE solver failed: Required step size is less than spacing between numbers.
2025-08-27 13:44:29,007 - WARNING - ODE solver failed: Required step size is less than spacing between numbers.
2025-08-27 13:44:29,028 - WARNING - ODE solver failed: Required step size is less than spacing between numbers.
2025-08-27 13:44:29,051 - WARNING - ODE solver failed: Required step size is less than spacing between numbers.
2025-08-27 13:44:29,072 - WARNING - ODE solver failed: Required step size is less than spacing between numbers.
2025-08-27 13:44:29,093 - WARNING - ODE solver failed: Required step size is less than spacing between numbers.
2025-08-27 13:44:29,114 - WARNING - ODE solver failed: Required step size is less than spacing between numbers.
2025-08-27 13:44:29,135 - WARNING - ODE solver failed: Required step size is less than spacing between numbers.
2025-08-27 13:44:29,157 - WARNING - ODE solver failed: Required step size is less than spacing between numbers.
2025-08-27 13:44:29,179 - WARNING - ODE solver failed: Required step size is less than spacing between numbers.
2025-08-27 13:44:29,201 - WARNING - ODE solver failed: Required step size is less than spacing between numbers.
2025-08-27 13:44:29,222 - WARNING - ODE solver failed: Required step size is less than spacing between numbers.
2025-08-27 13:44:29,244 - WARNING - ODE solver failed: Required step size is less than spacing between numbers.
2025-08-27 13:44:29,265 - WARNING - ODE solver failed: Required step size is less than spacing between numbers.
2025-08-27 13:44:29,285 - WARNING - ODE solver failed: Required step size is less than spacing between numbers.
2025-08-27 13:44:29,306 - WARNING - ODE solver failed: Required step size is less than spacing between numbers.
2025-08-27 13:44:29,327 - WARNING - ODE solver failed: Required step size is less than spacing between numbers.
2025-08-27 13:44:29,348 - WARNING - ODE solver failed: Required step size is less than spacing between numbers.
2025-08-27 13:44:29,370 - WARNING - ODE solver failed: Required step size is less than spacing between numbers.
2025-08-27 13:44:29,392 - WARNING - ODE solver failed: Required step size is less than spacing between numbers.
2025-08-27 13:44:29,412 - WARNING - ODE solver failed: Required step size is less than spacing between numbers.
2025-08-27 13:44:29,434 - WARNING - ODE solver failed: Required step size is less than spacing between numbers.
2025-08-27 13:44:29,456 - WARNING - ODE solver failed: Required step size is less than spacing between numbers.
2025-08-27 13:44:29,478 - WARNING - ODE solver failed: Required step size is less than spacing between numbers.
2025-08-27 13:44:29,499 - WARNING - ODE solver failed: Required step size is less than spacing between numbers.
2025-08-27 13:44:29,520 - WARNING - ODE solver failed: Required step size is less than spacing between numbers.
2025-08-27 13:44:29,542 - WARNING - ODE solver failed: Required step size is less than spacing between numbers.
2025-08-27 13:44:29,563 - WARNING - ODE solver failed: Required step size is less than spacing between numbers.
2025-08-27 13:44:29,584 - WARNING - ODE solver failed: Required step size is less than spacing between numbers.
2025-08-27 13:44:29,605 - WARNING - ODE solver failed: Required step size is less than spacing between numbers.
2025-08-27 13:44:29,626 - WARNING - ODE solver failed: Required step size is less than spacing between numbers.
2025-08-27 13:44:29,648 - WARNING - ODE solver failed: Required step size is less than spacing between numbers.
2025-08-27 13:44:29,668 - WARNING - ODE solver failed: Required step size is less than spacing between numbers.
2025-08-27 13:44:29,690 - WARNING - ODE solver failed: Required step size is less than spacing between numbers.
2025-08-27 13:44:29,711 - WARNING - ODE solver failed: Required step size is less than spacing between numbers.
2025-08-27 13:44:29,733 - WARNING - ODE solver failed: Required step size is less than spacing between numbers.
2025-08-27 13:44:29,754 - WARNING - ODE solver failed: Required step size is less than spacing between numbers.
2025-08-27 13:44:29,774 - WARNING - ODE solver failed: Required step size is less than spacing between numbers.
2025-08-27 13:44:29,796 - WARNING - ODE solver failed: Required step size is less than spacing between numbers.
2025-08-27 13:44:29,818 - WARNING - ODE solver failed: Required step size is less than spacing between numbers.
2025-08-27 13:44:29,839 - WARNING - ODE solver failed: Required step size is less than spacing between numbers.
2025-08-27 13:44:29,860 - WARNING - ODE solver failed: Required step size is less than spacing between numbers.
2025-08-27 13:44:29,881 - WARNING - ODE solver failed: Required step size is less than spacing between numbers.
2025-08-27 13:44:29,901 - WARNING - ODE solver failed: Required step size is less than spacing between numbers.
2025-08-27 13:44:29,923 - WARNING - ODE solver failed: Required step size is less than spacing between numbers.
2025-08-27 13:44:29,944 - WARNING - ODE solver failed: Required step size is less than spacing between numbers.
2025-08-27 13:44:29,965 - WARNING - ODE solver failed: Required step size is less than spacing between numbers.
2025-08-27 13:44:29,986 - WARNING - ODE solver failed: Required step size is less than spacing between numbers.
2025-08-27 13:44:30,007 - WARNING - ODE solver failed: Required step size is less than spacing between numbers.
2025-08-27 13:44:30,029 - WARNING - ODE solver failed: Required step size is less than spacing between numbers.
2025-08-27 13:44:30,051 - WARNING - ODE solver failed: Required step size is less than spacing between numbers.
2025-08-27 13:44:30,073 - WARNING - ODE solver failed: Required step size is less than spacing between numbers.
2025-08-27 13:44:30,094 - WARNING - ODE solver failed: Required step size is less than spacing between numbers.
2025-08-27 13:44:30,116 - WARNING - ODE solver failed: Required step size is less than spacing between numbers.
2025-08-27 13:44:30,138 - WARNING - ODE solver failed: Required step size is less than spacing between numbers.
2025-08-27 13:44:30,162 - WARNING - ODE solver failed: Required step size is less than spacing between numbers.
2025-08-27 13:44:30,185 - WARNING - ODE solver failed: Required step size is less than spacing between numbers.
2025-08-27 13:44:30,206 - WARNING - ODE solver failed: Required step size is less than spacing between numbers.
2025-08-27 13:44:30,227 - WARNING - ODE solver failed: Required step size is less than spacing between numbers.
2025-08-27 13:44:30,247 - WARNING - ODE solver failed: Required step size is less than spacing between numbers.
2025-08-27 13:44:30,270 - WARNING - ODE solver failed: Required step size is less than spacing between numbers.
2025-08-27 13:44:30,295 - WARNING - ODE solver failed: Required step size is less than spacing between numbers.
2025-08-27 13:44:30,317 - WARNING - ODE solver failed: Required step size is less than spacing between numbers.
2025-08-27 13:44:30,337 - WARNING - ODE solver failed: Required step size is less than spacing between numbers.
2025-08-27 13:44:30,358 - WARNING - ODE solver failed: Required step size is less than spacing between numbers.
2025-08-27 13:44:30,379 - WARNING - ODE solver failed: Required step size is less than spacing between numbers.
2025-08-27 13:44:30,400 - WARNING - ODE solver failed: Required step size is less than spacing between numbers.
2025-08-27 13:44:30,421 - WARNING - ODE solver failed: Required step size is less than spacing between numbers.
2025-08-27 13:44:30,442 - WARNING - ODE solver failed: Required step size is less than spacing between numbers.
2025-08-27 13:44:30,463 - WARNING - ODE solver failed: Required step size is less than spacing between numbers.
2025-08-27 13:44:30,485 - WARNING - ODE solver failed: Required step size is less than spacing between numbers.
2025-08-27 13:44:30,507 - WARNING - ODE solver failed: Required step size is less than spacing between numbers.
2025-08-27 13:44:30,530 - WARNING - ODE solver failed: Required step size is less than spacing between numbers.
2025-08-27 13:44:30,550 - WARNING - ODE solver failed: Required step size is less than spacing between numbers.
2025-08-27 13:44:30,571 - WARNING - ODE solver failed: Required step size is less than spacing between numbers.
2025-08-27 13:44:30,592 - WARNING - ODE solver failed: Required step size is less than spacing between numbers.
2025-08-27 13:44:30,612 - WARNING - ODE solver failed: Required step size is less than spacing between numbers.
2025-08-27 13:44:30,635 - WARNING - ODE solver failed: Required step size is less than spacing between numbers.
2025-08-27 13:44:30,656 - WARNING - ODE solver failed: Required step size is less than spacing between numbers.
2025-08-27 13:44:30,677 - WARNING - ODE solver failed: Required step size is less than spacing between numbers.
2025-08-27 13:44:30,711 - WARNING - ODE solver failed: Required step size is less than spacing between numbers.
2025-08-27 13:44:30,733 - WARNING - ODE solver failed: Required step size is less than spacing between numbers.
2025-08-27 13:44:30,754 - WARNING - ODE solver failed: Required step size is less than spacing between numbers.
2025-08-27 13:44:30,776 - WARNING - ODE solver failed: Required step size is less than spacing between numbers.
2025-08-27 13:44:30,797 - WARNING - ODE solver failed: Required step size is less than spacing between numbers.
2025-08-27 13:44:30,820 - WARNING - ODE solver failed: Required step size is less than spacing between numbers.
2025-08-27 13:44:30,842 - WARNING - ODE solver failed: Required step size is less than spacing between numbers.
2025-08-27 13:44:30,863 - WARNING - ODE solver failed: Required step size is less than spacing between numbers.
2025-08-27 13:44:30,884 - WARNING - ODE solver failed: Required step size is less than spacing between numbers.
2025-08-27 13:44:30,904 - WARNING - ODE solver failed: Required step size is less than spacing between numbers.
2025-08-27 13:44:30,926 - WARNING - ODE solver failed: Required step size is less than spacing between numbers.
2025-08-27 13:44:30,947 - WARNING - ODE solver failed: Required step size is less than spacing between numbers.
2025-08-27 13:44:30,969 - WARNING - ODE solver failed: Required step size is less than spacing between numbers.
2025-08-27 13:44:30,991 - WARNING - ODE solver failed: Required step size is less than spacing between numbers.
2025-08-27 13:44:31,013 - WARNING - ODE solver failed: Required step size is less than spacing between numbers.
2025-08-27 13:44:31,015 - INFO - Generated 900/1000 training scenarios
2025-08-27 13:44:31,035 - WARNING - ODE solver failed: Required step size is less than spacing between numbers.
2025-08-27 13:44:31,056 - WARNING - ODE solver failed: Required step size is less than spacing between numbers.
2025-08-27 13:44:31,076 - WARNING - ODE solver failed: Required step size is less than spacing between numbers.
2025-08-27 13:44:31,098 - WARNING - ODE solver failed: Required step size is less than spacing between numbers.
2025-08-27 13:44:31,120 - WARNING - ODE solver failed: Required step size is less than spacing between numbers.
2025-08-27 13:44:31,142 - WARNING - ODE solver failed: Required step size is less than spacing between numbers.
2025-08-27 13:44:31,163 - WARNING - ODE solver failed: Required step size is less than spacing between numbers.
2025-08-27 13:44:31,185 - WARNING - ODE solver failed: Required step size is less than spacing between numbers.
2025-08-27 13:44:31,206 - WARNING - ODE solver failed: Required step size is less than spacing between numbers.
2025-08-27 13:44:31,228 - WARNING - ODE solver failed: Required step size is less than spacing between numbers.
2025-08-27 13:44:31,250 - WARNING - ODE solver failed: Required step size is less than spacing between numbers.
2025-08-27 13:44:31,271 - WARNING - ODE solver failed: Required step size is less than spacing between numbers.
2025-08-27 13:44:31,292 - WARNING - ODE solver failed: Required step size is less than spacing between numbers.
2025-08-27 13:44:31,313 - WARNING - ODE solver failed: Required step size is less than spacing between numbers.
2025-08-27 13:44:31,335 - WARNING - ODE solver failed: Required step size is less than spacing between numbers.
2025-08-27 13:44:31,357 - WARNING - ODE solver failed: Required step size is less than spacing between numbers.
2025-08-27 13:44:31,379 - WARNING - ODE solver failed: Required step size is less than spacing between numbers.
2025-08-27 13:44:31,400 - WARNING - ODE solver failed: Required step size is less than spacing between numbers.
2025-08-27 13:44:31,420 - WARNING - ODE solver failed: Required step size is less than spacing between numbers.
2025-08-27 13:44:31,441 - WARNING - ODE solver failed: Required step size is less than spacing between numbers.
2025-08-27 13:44:31,471 - WARNING - ODE solver failed: Required step size is less than spacing between numbers.
2025-08-27 13:44:31,496 - WARNING - ODE solver failed: Required step size is less than spacing between numbers.
2025-08-27 13:44:31,518 - WARNING - ODE solver failed: Required step size is less than spacing between numbers.
2025-08-27 13:44:31,539 - WARNING - ODE solver failed: Required step size is less than spacing between numbers.
2025-08-27 13:44:31,560 - WARNING - ODE solver failed: Required step size is less than spacing between numbers.
2025-08-27 13:44:31,581 - WARNING - ODE solver failed: Required step size is less than spacing between numbers.
2025-08-27 13:44:31,604 - WARNING - ODE solver failed: Required step size is less than spacing between numbers.
2025-08-27 13:44:31,626 - WARNING - ODE solver failed: Required step size is less than spacing between numbers.
2025-08-27 13:44:31,647 - WARNING - ODE solver failed: Required step size is less than spacing between numbers.
2025-08-27 13:44:31,668 - WARNING - ODE solver failed: Required step size is less than spacing between numbers.
2025-08-27 13:44:31,691 - WARNING - ODE solver failed: Required step size is less than spacing between numbers.
2025-08-27 13:44:31,712 - WARNING - ODE solver failed: Required step size is less than spacing between numbers.
2025-08-27 13:44:31,734 - WARNING - ODE solver failed: Required step size is less than spacing between numbers.
2025-08-27 13:44:31,754 - WARNING - ODE solver failed: Required step size is less than spacing between numbers.
2025-08-27 13:44:31,775 - WARNING - ODE solver failed: Required step size is less than spacing between numbers.
2025-08-27 13:44:31,796 - WARNING - ODE solver failed: Required step size is less than spacing between numbers.
2025-08-27 13:44:31,819 - WARNING - ODE solver failed: Required step size is less than spacing between numbers.
2025-08-27 13:44:31,841 - WARNING - ODE solver failed: Required step size is less than spacing between numbers.
2025-08-27 13:44:31,861 - WARNING - ODE solver failed: Required step size is less than spacing between numbers.
2025-08-27 13:44:31,882 - WARNING - ODE solver failed: Required step size is less than spacing between numbers.
2025-08-27 13:44:31,904 - WARNING - ODE solver failed: Required step size is less than spacing between numbers.
2025-08-27 13:44:31,926 - WARNING - ODE solver failed: Required step size is less than spacing between numbers.
2025-08-27 13:44:31,948 - WARNING - ODE solver failed: Required step size is less than spacing between numbers.
2025-08-27 13:44:31,969 - WARNING - ODE solver failed: Required step size is less than spacing between numbers.
2025-08-27 13:44:31,989 - WARNING - ODE solver failed: Required step size is less than spacing between numbers.
2025-08-27 13:44:32,011 - WARNING - ODE solver failed: Required step size is less than spacing between numbers.
2025-08-27 13:44:32,032 - WARNING - ODE solver failed: Required step size is less than spacing between numbers.
2025-08-27 13:44:32,053 - WARNING - ODE solver failed: Required step size is less than spacing between numbers.
2025-08-27 13:44:32,075 - WARNING - ODE solver failed: Required step size is less than spacing between numbers.
2025-08-27 13:44:32,096 - WARNING - ODE solver failed: Required step size is less than spacing between numbers.
2025-08-27 13:44:32,117 - WARNING - ODE solver failed: Required step size is less than spacing between numbers.
2025-08-27 13:44:32,138 - WARNING - ODE solver failed: Required step size is less than spacing between numbers.
2025-08-27 13:44:32,160 - WARNING - ODE solver failed: Required step size is less than spacing between numbers.
2025-08-27 13:44:32,181 - WARNING - ODE solver failed: Required step size is less than spacing between numbers.
2025-08-27 13:44:32,203 - WARNING - ODE solver failed: Required step size is less than spacing between numbers.
2025-08-27 13:44:32,225 - WARNING - ODE solver failed: Required step size is less than spacing between numbers.
2025-08-27 13:44:32,247 - WARNING - ODE solver failed: Required step size is less than spacing between numbers.
2025-08-27 13:44:32,268 - WARNING - ODE solver failed: Required step size is less than spacing between numbers.
2025-08-27 13:44:32,289 - WARNING - ODE solver failed: Required step size is less than spacing between numbers.
2025-08-27 13:44:32,311 - WARNING - ODE solver failed: Required step size is less than spacing between numbers.
2025-08-27 13:44:32,332 - WARNING - ODE solver failed: Required step size is less than spacing between numbers.
2025-08-27 13:44:32,353 - WARNING - ODE solver failed: Required step size is less than spacing between numbers.
2025-08-27 13:44:32,375 - WARNING - ODE solver failed: Required step size is less than spacing between numbers.
2025-08-27 13:44:32,398 - WARNING - ODE solver failed: Required step size is less than spacing between numbers.
2025-08-27 13:44:32,419 - WARNING - ODE solver failed: Required step size is less than spacing between numbers.
2025-08-27 13:44:32,440 - WARNING - ODE solver failed: Required step size is less than spacing between numbers.
2025-08-27 13:44:32,461 - WARNING - ODE solver failed: Required step size is less than spacing between numbers.
2025-08-27 13:44:32,483 - WARNING - ODE solver failed: Required step size is less than spacing between numbers.
2025-08-27 13:44:32,505 - WARNING - ODE solver failed: Required step size is less than spacing between numbers.
2025-08-27 13:44:32,526 - WARNING - ODE solver failed: Required step size is less than spacing between numbers.
2025-08-27 13:44:32,547 - WARNING - ODE solver failed: Required step size is less than spacing between numbers.
2025-08-27 13:44:32,569 - WARNING - ODE solver failed: Required step size is less than spacing between numbers.
2025-08-27 13:44:32,590 - WARNING - ODE solver failed: Required step size is less than spacing between numbers.
2025-08-27 13:44:32,613 - WARNING - ODE solver failed: Required step size is less than spacing between numbers.
2025-08-27 13:44:32,633 - WARNING - ODE solver failed: Required step size is less than spacing between numbers.
2025-08-27 13:44:32,654 - WARNING - ODE solver failed: Required step size is less than spacing between numbers.
2025-08-27 13:44:32,675 - WARNING - ODE solver failed: Required step size is less than spacing between numbers.
2025-08-27 13:44:32,698 - WARNING - ODE solver failed: Required step size is less than spacing between numbers.
2025-08-27 13:44:32,719 - WARNING - ODE solver failed: Required step size is less than spacing between numbers.
2025-08-27 13:44:32,741 - WARNING - ODE solver failed: Required step size is less than spacing between numbers.
2025-08-27 13:44:32,762 - WARNING - ODE solver failed: Required step size is less than spacing between numbers.
2025-08-27 13:44:32,783 - WARNING - ODE solver failed: Required step size is less than spacing between numbers.
2025-08-27 13:44:32,805 - WARNING - ODE solver failed: Required step size is less than spacing between numbers.
2025-08-27 13:44:32,828 - WARNING - ODE solver failed: Required step size is less than spacing between numbers.
2025-08-27 13:44:32,849 - WARNING - ODE solver failed: Required step size is less than spacing between numbers.
2025-08-27 13:44:32,870 - WARNING - ODE solver failed: Required step size is less than spacing between numbers.
2025-08-27 13:44:32,892 - WARNING - ODE solver failed: Required step size is less than spacing between numbers.
2025-08-27 13:44:32,913 - WARNING - ODE solver failed: Required step size is less than spacing between numbers.
2025-08-27 13:44:32,934 - WARNING - ODE solver failed: Required step size is less than spacing between numbers.
2025-08-27 13:44:32,957 - WARNING - ODE solver failed: Required step size is less than spacing between numbers.
2025-08-27 13:44:32,978 - WARNING - ODE solver failed: Required step size is less than spacing between numbers.
2025-08-27 13:44:32,999 - WARNING - ODE solver failed: Required step size is less than spacing between numbers.
2025-08-27 13:44:33,020 - WARNING - ODE solver failed: Required step size is less than spacing between numbers.
2025-08-27 13:44:33,041 - WARNING - ODE solver failed: Required step size is less than spacing between numbers.
2025-08-27 13:44:33,062 - WARNING - ODE solver failed: Required step size is less than spacing between numbers.
2025-08-27 13:44:33,084 - WARNING - ODE solver failed: Required step size is less than spacing between numbers.
2025-08-27 13:44:33,105 - WARNING - ODE solver failed: Required step size is less than spacing between numbers.
2025-08-27 13:44:33,127 - WARNING - ODE solver failed: Required step size is less than spacing between numbers.
2025-08-27 13:44:33,147 - WARNING - ODE solver failed: Required step size is less than spacing between numbers.
2025-08-27 13:44:33,169 - WARNING - ODE solver failed: Required step size is less than spacing between numbers.
2025-08-27 13:44:33,170 - INFO - Generated 1000/1000 training scenarios
2025-08-27 13:44:33,662 - INFO - Training data saved to data\train_data.csv (100000 samples)
2025-08-27 13:44:33,663 - INFO - Generating test data...
2025-08-27 13:44:33,686 - WARNING - ODE solver failed: Required step size is less than spacing between numbers.
2025-08-27 13:44:33,708 - WARNING - ODE solver failed: Required step size is less than spacing between numbers.
2025-08-27 13:44:33,728 - WARNING - ODE solver failed: Required step size is less than spacing between numbers.
2025-08-27 13:44:33,750 - WARNING - ODE solver failed: Required step size is less than spacing between numbers.
2025-08-27 13:44:33,774 - WARNING - ODE solver failed: Required step size is less than spacing between numbers.
2025-08-27 13:44:33,796 - WARNING - ODE solver failed: Required step size is less than spacing between numbers.
2025-08-27 13:44:33,818 - WARNING - ODE solver failed: Required step size is less than spacing between numbers.
2025-08-27 13:44:33,839 - WARNING - ODE solver failed: Required step size is less than spacing between numbers.
2025-08-27 13:44:33,861 - WARNING - ODE solver failed: Required step size is less than spacing between numbers.
2025-08-27 13:44:33,882 - WARNING - ODE solver failed: Required step size is less than spacing between numbers.
2025-08-27 13:44:33,903 - WARNING - ODE solver failed: Required step size is less than spacing between numbers.
2025-08-27 13:44:33,924 - WARNING - ODE solver failed: Required step size is less than spacing between numbers.
2025-08-27 13:44:33,945 - WARNING - ODE solver failed: Required step size is less than spacing between numbers.
2025-08-27 13:44:33,966 - WARNING - ODE solver failed: Required step size is less than spacing between numbers.
2025-08-27 13:44:33,988 - WARNING - ODE solver failed: Required step size is less than spacing between numbers.
2025-08-27 13:44:34,010 - WARNING - ODE solver failed: Required step size is less than spacing between numbers.
2025-08-27 13:44:34,032 - WARNING - ODE solver failed: Required step size is less than spacing between numbers.
2025-08-27 13:44:34,053 - WARNING - ODE solver failed: Required step size is less than spacing between numbers.
2025-08-27 13:44:34,074 - WARNING - ODE solver failed: Required step size is less than spacing between numbers.
2025-08-27 13:44:34,096 - WARNING - ODE solver failed: Required step size is less than spacing between numbers.
2025-08-27 13:44:34,117 - WARNING - ODE solver failed: Required step size is less than spacing between numbers.
2025-08-27 13:44:34,138 - WARNING - ODE solver failed: Required step size is less than spacing between numbers.
2025-08-27 13:44:34,158 - WARNING - ODE solver failed: Required step size is less than spacing between numbers.
2025-08-27 13:44:34,180 - WARNING - ODE solver failed: Required step size is less than spacing between numbers.
2025-08-27 13:44:34,209 - WARNING - ODE solver failed: Required step size is less than spacing between numbers.
2025-08-27 13:44:34,232 - WARNING - ODE solver failed: Required step size is less than spacing between numbers.
2025-08-27 13:44:34,253 - WARNING - ODE solver failed: Required step size is less than spacing between numbers.
2025-08-27 13:44:34,275 - WARNING - ODE solver failed: Required step size is less than spacing between numbers.
2025-08-27 13:44:34,296 - WARNING - ODE solver failed: Required step size is less than spacing between numbers.
2025-08-27 13:44:34,316 - WARNING - ODE solver failed: Required step size is less than spacing between numbers.
2025-08-27 13:44:34,341 - WARNING - ODE solver failed: Required step size is less than spacing between numbers.
2025-08-27 13:44:34,363 - WARNING - ODE solver failed: Required step size is less than spacing between numbers.
2025-08-27 13:44:34,383 - WARNING - ODE solver failed: Required step size is less than spacing between numbers.
2025-08-27 13:44:34,404 - WARNING - ODE solver failed: Required step size is less than spacing between numbers.
2025-08-27 13:44:34,427 - WARNING - ODE solver failed: Required step size is less than spacing between numbers.
2025-08-27 13:44:34,448 - WARNING - ODE solver failed: Required step size is less than spacing between numbers.
2025-08-27 13:44:34,469 - WARNING - ODE solver failed: Required step size is less than spacing between numbers.
2025-08-27 13:44:34,490 - WARNING - ODE solver failed: Required step size is less than spacing between numbers.
2025-08-27 13:44:34,512 - WARNING - ODE solver failed: Required step size is less than spacing between numbers.
2025-08-27 13:44:34,532 - WARNING - ODE solver failed: Required step size is less than spacing between numbers.
2025-08-27 13:44:34,554 - WARNING - ODE solver failed: Required step size is less than spacing between numbers.
2025-08-27 13:44:34,576 - WARNING - ODE solver failed: Required step size is less than spacing between numbers.
2025-08-27 13:44:34,596 - WARNING - ODE solver failed: Required step size is less than spacing between numbers.
2025-08-27 13:44:34,618 - WARNING - ODE solver failed: Required step size is less than spacing between numbers.
2025-08-27 13:44:34,642 - WARNING - ODE solver failed: Required step size is less than spacing between numbers.
2025-08-27 13:44:34,663 - WARNING - ODE solver failed: Required step size is less than spacing between numbers.
2025-08-27 13:44:34,683 - WARNING - ODE solver failed: Required step size is less than spacing between numbers.
2025-08-27 13:44:34,705 - WARNING - ODE solver failed: Required step size is less than spacing between numbers.
2025-08-27 13:44:34,726 - WARNING - ODE solver failed: Required step size is less than spacing between numbers.
2025-08-27 13:44:34,748 - WARNING - ODE solver failed: Required step size is less than spacing between numbers.
2025-08-27 13:44:34,749 - INFO - Generated 50/200 test scenarios
2025-08-27 13:44:34,769 - WARNING - ODE solver failed: Required step size is less than spacing between numbers.
2025-08-27 13:44:34,790 - WARNING - ODE solver failed: Required step size is less than spacing between numbers.
2025-08-27 13:44:34,812 - WARNING - ODE solver failed: Required step size is less than spacing between numbers.
2025-08-27 13:44:34,835 - WARNING - ODE solver failed: Required step size is less than spacing between numbers.
2025-08-27 13:44:34,856 - WARNING - ODE solver failed: Required step size is less than spacing between numbers.
2025-08-27 13:44:34,878 - WARNING - ODE solver failed: Required step size is less than spacing between numbers.
2025-08-27 13:44:34,900 - WARNING - ODE solver failed: Required step size is less than spacing between numbers.
2025-08-27 13:44:34,922 - WARNING - ODE solver failed: Required step size is less than spacing between numbers.
2025-08-27 13:44:34,944 - WARNING - ODE solver failed: Required step size is less than spacing between numbers.
2025-08-27 13:44:34,964 - WARNING - ODE solver failed: Required step size is less than spacing between numbers.
2025-08-27 13:44:34,985 - WARNING - ODE solver failed: Required step size is less than spacing between numbers.
2025-08-27 13:44:35,007 - WARNING - ODE solver failed: Required step size is less than spacing between numbers.
2025-08-27 13:44:35,028 - WARNING - ODE solver failed: Required step size is less than spacing between numbers.
2025-08-27 13:44:35,050 - WARNING - ODE solver failed: Required step size is less than spacing between numbers.
2025-08-27 13:44:35,071 - WARNING - ODE solver failed: Required step size is less than spacing between numbers.
2025-08-27 13:44:35,094 - WARNING - ODE solver failed: Required step size is less than spacing between numbers.
2025-08-27 13:44:35,116 - WARNING - ODE solver failed: Required step size is less than spacing between numbers.
2025-08-27 13:44:35,139 - WARNING - ODE solver failed: Required step size is less than spacing between numbers.
2025-08-27 13:44:35,161 - WARNING - ODE solver failed: Required step size is less than spacing between numbers.
2025-08-27 13:44:35,183 - WARNING - ODE solver failed: Required step size is less than spacing between numbers.
2025-08-27 13:44:35,203 - WARNING - ODE solver failed: Required step size is less than spacing between numbers.
2025-08-27 13:44:35,227 - WARNING - ODE solver failed: Required step size is less than spacing between numbers.
2025-08-27 13:44:35,249 - WARNING - ODE solver failed: Required step size is less than spacing between numbers.
2025-08-27 13:44:35,271 - WARNING - ODE solver failed: Required step size is less than spacing between numbers.
2025-08-27 13:44:35,293 - WARNING - ODE solver failed: Required step size is less than spacing between numbers.
2025-08-27 13:44:35,314 - WARNING - ODE solver failed: Required step size is less than spacing between numbers.
2025-08-27 13:44:35,335 - WARNING - ODE solver failed: Required step size is less than spacing between numbers.
2025-08-27 13:44:35,357 - WARNING - ODE solver failed: Required step size is less than spacing between numbers.
2025-08-27 13:44:35,378 - WARNING - ODE solver failed: Required step size is less than spacing between numbers.
2025-08-27 13:44:35,398 - WARNING - ODE solver failed: Required step size is less than spacing between numbers.
2025-08-27 13:44:35,419 - WARNING - ODE solver failed: Required step size is less than spacing between numbers.
2025-08-27 13:44:35,441 - WARNING - ODE solver failed: Required step size is less than spacing between numbers.
2025-08-27 13:44:35,462 - WARNING - ODE solver failed: Required step size is less than spacing between numbers.
2025-08-27 13:44:35,484 - WARNING - ODE solver failed: Required step size is less than spacing between numbers.
2025-08-27 13:44:35,506 - WARNING - ODE solver failed: Required step size is less than spacing between numbers.
2025-08-27 13:44:35,531 - WARNING - ODE solver failed: Required step size is less than spacing between numbers.
2025-08-27 13:44:35,553 - WARNING - ODE solver failed: Required step size is less than spacing between numbers.
2025-08-27 13:44:35,574 - WARNING - ODE solver failed: Required step size is less than spacing between numbers.
2025-08-27 13:44:35,595 - WARNING - ODE solver failed: Required step size is less than spacing between numbers.
2025-08-27 13:44:35,617 - WARNING - ODE solver failed: Required step size is less than spacing between numbers.
2025-08-27 13:44:35,637 - WARNING - ODE solver failed: Required step size is less than spacing between numbers.
2025-08-27 13:44:35,659 - WARNING - ODE solver failed: Required step size is less than spacing between numbers.
2025-08-27 13:44:35,682 - WARNING - ODE solver failed: Required step size is less than spacing between numbers.
2025-08-27 13:44:35,703 - WARNING - ODE solver failed: Required step size is less than spacing between numbers.
2025-08-27 13:44:35,725 - WARNING - ODE solver failed: Required step size is less than spacing between numbers.
2025-08-27 13:44:35,747 - WARNING - ODE solver failed: Required step size is less than spacing between numbers.
2025-08-27 13:44:35,767 - WARNING - ODE solver failed: Required step size is less than spacing between numbers.
2025-08-27 13:44:35,790 - WARNING - ODE solver failed: Required step size is less than spacing between numbers.
2025-08-27 13:44:35,811 - WARNING - ODE solver failed: Required step size is less than spacing between numbers.
2025-08-27 13:44:35,833 - WARNING - ODE solver failed: Required step size is less than spacing between numbers.
2025-08-27 13:44:35,834 - INFO - Generated 100/200 test scenarios
2025-08-27 13:44:35,854 - WARNING - ODE solver failed: Required step size is less than spacing between numbers.
2025-08-27 13:44:35,875 - WARNING - ODE solver failed: Required step size is less than spacing between numbers.
2025-08-27 13:44:35,896 - WARNING - ODE solver failed: Required step size is less than spacing between numbers.
2025-08-27 13:44:35,917 - WARNING - ODE solver failed: Required step size is less than spacing between numbers.
2025-08-27 13:44:35,938 - WARNING - ODE solver failed: Required step size is less than spacing between numbers.
2025-08-27 13:44:35,959 - WARNING - ODE solver failed: Required step size is less than spacing between numbers.
2025-08-27 13:44:35,981 - WARNING - ODE solver failed: Required step size is less than spacing between numbers.
2025-08-27 13:44:36,003 - WARNING - ODE solver failed: Required step size is less than spacing between numbers.
2025-08-27 13:44:36,024 - WARNING - ODE solver failed: Required step size is less than spacing between numbers.
2025-08-27 13:44:36,045 - WARNING - ODE solver failed: Required step size is less than spacing between numbers.
2025-08-27 13:44:36,066 - WARNING - ODE solver failed: Required step size is less than spacing between numbers.
2025-08-27 13:44:36,088 - WARNING - ODE solver failed: Required step size is less than spacing between numbers.
2025-08-27 13:44:36,110 - WARNING - ODE solver failed: Required step size is less than spacing between numbers.
2025-08-27 13:44:36,131 - WARNING - ODE solver failed: Required step size is less than spacing between numbers.
2025-08-27 13:44:36,152 - WARNING - ODE solver failed: Required step size is less than spacing between numbers.
2025-08-27 13:44:36,173 - WARNING - ODE solver failed: Required step size is less than spacing between numbers.
2025-08-27 13:44:36,194 - WARNING - ODE solver failed: Required step size is less than spacing between numbers.
2025-08-27 13:44:36,216 - WARNING - ODE solver failed: Required step size is less than spacing between numbers.
2025-08-27 13:44:36,239 - WARNING - ODE solver failed: Required step size is less than spacing between numbers.
2025-08-27 13:44:36,261 - WARNING - ODE solver failed: Required step size is less than spacing between numbers.
2025-08-27 13:44:36,282 - WARNING - ODE solver failed: Required step size is less than spacing between numbers.
2025-08-27 13:44:36,302 - WARNING - ODE solver failed: Required step size is less than spacing between numbers.
2025-08-27 13:44:36,324 - WARNING - ODE solver failed: Required step size is less than spacing between numbers.
2025-08-27 13:44:36,346 - WARNING - ODE solver failed: Required step size is less than spacing between numbers.
2025-08-27 13:44:36,369 - WARNING - ODE solver failed: Required step size is less than spacing between numbers.
2025-08-27 13:44:36,391 - WARNING - ODE solver failed: Required step size is less than spacing between numbers.
2025-08-27 13:44:36,411 - WARNING - ODE solver failed: Required step size is less than spacing between numbers.
2025-08-27 13:44:36,432 - WARNING - ODE solver failed: Required step size is less than spacing between numbers.
2025-08-27 13:44:36,454 - WARNING - ODE solver failed: Required step size is less than spacing between numbers.
2025-08-27 13:44:36,474 - WARNING - ODE solver failed: Required step size is less than spacing between numbers.
2025-08-27 13:44:36,496 - WARNING - ODE solver failed: Required step size is less than spacing between numbers.
2025-08-27 13:44:36,518 - WARNING - ODE solver failed: Required step size is less than spacing between numbers.
2025-08-27 13:44:36,539 - WARNING - ODE solver failed: Required step size is less than spacing between numbers.
2025-08-27 13:44:36,561 - WARNING - ODE solver failed: Required step size is less than spacing between numbers.
2025-08-27 13:44:36,582 - WARNING - ODE solver failed: Required step size is less than spacing between numbers.
2025-08-27 13:44:36,604 - WARNING - ODE solver failed: Required step size is less than spacing between numbers.
2025-08-27 13:44:36,625 - WARNING - ODE solver failed: Required step size is less than spacing between numbers.
2025-08-27 13:44:36,646 - WARNING - ODE solver failed: Required step size is less than spacing between numbers.
2025-08-27 13:44:36,667 - WARNING - ODE solver failed: Required step size is less than spacing between numbers.
2025-08-27 13:44:36,689 - WARNING - ODE solver failed: Required step size is less than spacing between numbers.
2025-08-27 13:44:36,710 - WARNING - ODE solver failed: Required step size is less than spacing between numbers.
2025-08-27 13:44:36,731 - WARNING - ODE solver failed: Required step size is less than spacing between numbers.
2025-08-27 13:44:36,752 - WARNING - ODE solver failed: Required step size is less than spacing between numbers.
2025-08-27 13:44:36,773 - WARNING - ODE solver failed: Required step size is less than spacing between numbers.
2025-08-27 13:44:36,794 - WARNING - ODE solver failed: Required step size is less than spacing between numbers.
2025-08-27 13:44:36,816 - WARNING - ODE solver failed: Required step size is less than spacing between numbers.
2025-08-27 13:44:36,838 - WARNING - ODE solver failed: Required step size is less than spacing between numbers.
2025-08-27 13:44:36,860 - WARNING - ODE solver failed: Required step size is less than spacing between numbers.
2025-08-27 13:44:36,881 - WARNING - ODE solver failed: Required step size is less than spacing between numbers.
2025-08-27 13:44:36,903 - WARNING - ODE solver failed: Required step size is less than spacing between numbers.
2025-08-27 13:44:36,904 - INFO - Generated 150/200 test scenarios
2025-08-27 13:44:36,926 - WARNING - ODE solver failed: Required step size is less than spacing between numbers.
2025-08-27 13:44:36,949 - WARNING - ODE solver failed: Required step size is less than spacing between numbers.
2025-08-27 13:44:36,972 - WARNING - ODE solver failed: Required step size is less than spacing between numbers.
2025-08-27 13:44:36,994 - WARNING - ODE solver failed: Required step size is less than spacing between numbers.
2025-08-27 13:44:37,016 - WARNING - ODE solver failed: Required step size is less than spacing between numbers.
2025-08-27 13:44:37,037 - WARNING - ODE solver failed: Required step size is less than spacing between numbers.
2025-08-27 13:44:37,058 - WARNING - ODE solver failed: Required step size is less than spacing between numbers.
2025-08-27 13:44:37,079 - WARNING - ODE solver failed: Required step size is less than spacing between numbers.
2025-08-27 13:44:37,100 - WARNING - ODE solver failed: Required step size is less than spacing between numbers.
2025-08-27 13:44:37,121 - WARNING - ODE solver failed: Required step size is less than spacing between numbers.
2025-08-27 13:44:37,143 - WARNING - ODE solver failed: Required step size is less than spacing between numbers.
2025-08-27 13:44:37,164 - WARNING - ODE solver failed: Required step size is less than spacing between numbers.
2025-08-27 13:44:37,197 - WARNING - ODE solver failed: Required step size is less than spacing between numbers.
2025-08-27 13:44:37,219 - WARNING - ODE solver failed: Required step size is less than spacing between numbers.
2025-08-27 13:44:37,239 - WARNING - ODE solver failed: Required step size is less than spacing between numbers.
2025-08-27 13:44:37,266 - WARNING - ODE solver failed: Required step size is less than spacing between numbers.
2025-08-27 13:44:37,290 - WARNING - ODE solver failed: Required step size is less than spacing between numbers.
2025-08-27 13:44:37,313 - WARNING - ODE solver failed: Required step size is less than spacing between numbers.
2025-08-27 13:44:37,335 - WARNING - ODE solver failed: Required step size is less than spacing between numbers.
2025-08-27 13:44:37,356 - WARNING - ODE solver failed: Required step size is less than spacing between numbers.
2025-08-27 13:44:37,377 - WARNING - ODE solver failed: Required step size is less than spacing between numbers.
2025-08-27 13:44:37,398 - WARNING - ODE solver failed: Required step size is less than spacing between numbers.
2025-08-27 13:44:37,419 - WARNING - ODE solver failed: Required step size is less than spacing between numbers.
2025-08-27 13:44:37,440 - WARNING - ODE solver failed: Required step size is less than spacing between numbers.
2025-08-27 13:44:37,461 - WARNING - ODE solver failed: Required step size is less than spacing between numbers.
2025-08-27 13:44:37,482 - WARNING - ODE solver failed: Required step size is less than spacing between numbers.
2025-08-27 13:44:37,503 - WARNING - ODE solver failed: Required step size is less than spacing between numbers.
2025-08-27 13:44:37,524 - WARNING - ODE solver failed: Required step size is less than spacing between numbers.
2025-08-27 13:44:37,546 - WARNING - ODE solver failed: Required step size is less than spacing between numbers.
2025-08-27 13:44:37,567 - WARNING - ODE solver failed: Required step size is less than spacing between numbers.
2025-08-27 13:44:37,588 - WARNING - ODE solver failed: Required step size is less than spacing between numbers.
2025-08-27 13:44:37,612 - WARNING - ODE solver failed: Required step size is less than spacing between numbers.
2025-08-27 13:44:37,634 - WARNING - ODE solver failed: Required step size is less than spacing between numbers.
2025-08-27 13:44:37,656 - WARNING - ODE solver failed: Required step size is less than spacing between numbers.
2025-08-27 13:44:37,680 - WARNING - ODE solver failed: Required step size is less than spacing between numbers.
2025-08-27 13:44:37,702 - WARNING - ODE solver failed: Required step size is less than spacing between numbers.
2025-08-27 13:44:37,724 - WARNING - ODE solver failed: Required step size is less than spacing between numbers.
2025-08-27 13:44:37,744 - WARNING - ODE solver failed: Required step size is less than spacing between numbers.
2025-08-27 13:44:37,765 - WARNING - ODE solver failed: Required step size is less than spacing between numbers.
2025-08-27 13:44:37,785 - WARNING - ODE solver failed: Required step size is less than spacing between numbers.
2025-08-27 13:44:37,806 - WARNING - ODE solver failed: Required step size is less than spacing between numbers.
2025-08-27 13:44:37,830 - WARNING - ODE solver failed: Required step size is less than spacing between numbers.
2025-08-27 13:44:37,851 - WARNING - ODE solver failed: Required step size is less than spacing between numbers.
2025-08-27 13:44:37,871 - WARNING - ODE solver failed: Required step size is less than spacing between numbers.
2025-08-27 13:44:37,893 - WARNING - ODE solver failed: Required step size is less than spacing between numbers.
2025-08-27 13:44:37,915 - WARNING - ODE solver failed: Required step size is less than spacing between numbers.
2025-08-27 13:44:37,936 - WARNING - ODE solver failed: Required step size is less than spacing between numbers.
2025-08-27 13:44:37,958 - WARNING - ODE solver failed: Required step size is less than spacing between numbers.
2025-08-27 13:44:37,980 - WARNING - ODE solver failed: Required step size is less than spacing between numbers.
2025-08-27 13:44:38,002 - WARNING - ODE solver failed: Required step size is less than spacing between numbers.
2025-08-27 13:44:38,003 - INFO - Generated 200/200 test scenarios
2025-08-27 13:44:38,101 - INFO - Test data saved to data\test_data.csv (20000 samples)
2025-08-27 13:44:38,101 - INFO - Generating special test scenarios...
2025-08-27 13:44:38,123 - WARNING - ODE solver failed: Required step size is less than spacing between numbers.
2025-08-27 13:44:38,144 - WARNING - ODE solver failed: Required step size is less than spacing between numbers.
2025-08-27 13:44:38,145 - WARNING - ODE solver error: list indices must be integers or slices, not str
2025-08-27 13:44:38,145 - ERROR - Error generating special scenario 2: list indices must be integers or slices, not str
2025-08-27 13:44:38,147 - INFO - Special test data saved to data\special_test_data.csv (200 samples)
2025-08-27 13:44:38,147 - INFO - Data generation completed successfully!
