2025-08-27 14:53:05,984 - INFO - Using GPU: cuda:0
2025-08-27 14:53:06,085 - WARNING - Found NaN values in outputs, filling with zeros
2025-08-27 14:53:06,088 - INFO - Loaded 100000 samples from data\train_data.csv
2025-08-27 14:53:06,124 - WARNING - Found NaN values in outputs, filling with zeros
2025-08-27 14:53:06,125 - INFO - Loaded 20000 samples from data\test_data.csv
2025-08-27 14:57:22,839 - INFO - Using GPU: cuda:0
2025-08-27 14:57:22,909 - WARNING - Found NaN values in outputs, filling with zeros
2025-08-27 14:57:22,912 - INFO - Loaded 100000 samples from data\train_data.csv
2025-08-27 14:57:22,929 - WARNING - Found NaN values in outputs, filling with zeros
2025-08-27 14:57:22,930 - INFO - Loaded 20000 samples from data\test_data.csv
2025-08-27 14:58:12,651 - INFO - Using GPU: cuda:0
2025-08-27 14:58:12,718 - WARNING - Found NaN values in outputs, filling with zeros
2025-08-27 14:58:12,721 - INFO - Loaded 100000 samples from data\train_data.csv
2025-08-27 14:58:12,738 - WARNING - Found NaN values in outputs, filling with zeros
2025-08-27 14:58:12,739 - INFO - Loaded 20000 samples from data\test_data.csv
2025-08-27 14:58:12,877 - INFO - Loaded datasets: train=100000, test=20000, physics=10000
2025-08-27 14:59:25,957 - INFO - Using GPU: cuda:0
2025-08-27 14:59:26,025 - WARNING - Found NaN values in outputs, filling with zeros
2025-08-27 14:59:26,028 - INFO - Loaded 100000 samples from data\train_data.csv
2025-08-27 14:59:26,045 - WARNING - Found NaN values in outputs, filling with zeros
2025-08-27 14:59:26,045 - INFO - Loaded 20000 samples from data\test_data.csv
2025-08-27 14:59:26,183 - INFO - Loaded datasets: train=100000, test=20000, physics=10000
2025-08-27 14:59:26,257 - INFO - PINN trainer initialized on device: cuda:0
2025-08-27 14:59:26,259 - INFO - Starting Adam optimization phase...
2025-08-27 14:59:26,259 - ERROR - Training failed with error: '<=' not supported between instances of 'float' and 'str'
2025-08-27 14:59:26,259 - INFO - Training completed in 0.00 seconds
2025-08-27 14:59:26,259 - INFO - Final best loss: inf
2025-08-27 15:00:17,359 - INFO - Using GPU: cuda:0
2025-08-27 15:00:17,428 - WARNING - Found NaN values in outputs, filling with zeros
2025-08-27 15:00:17,431 - INFO - Loaded 100000 samples from data\train_data.csv
2025-08-27 15:00:17,448 - WARNING - Found NaN values in outputs, filling with zeros
2025-08-27 15:00:17,449 - INFO - Loaded 20000 samples from data\test_data.csv
2025-08-27 15:00:17,590 - INFO - Loaded datasets: train=100000, test=20000, physics=10000
2025-08-27 15:00:17,666 - INFO - PINN trainer initialized on device: cuda:0
2025-08-27 15:00:17,667 - INFO - Starting Adam optimization phase...
2025-08-27 15:00:18,493 - ERROR - Error in Adam iteration 0: only integer tensors of a single element can be converted to an index
2025-08-27 15:00:18,550 - ERROR - Error in Adam iteration 1: only integer tensors of a single element can be converted to an index
2025-08-27 15:00:18,563 - ERROR - Error in Adam iteration 2: only integer tensors of a single element can be converted to an index
2025-08-27 15:00:18,572 - ERROR - Error in Adam iteration 3: only integer tensors of a single element can be converted to an index
2025-08-27 15:00:18,590 - ERROR - Error in Adam iteration 4: only integer tensors of a single element can be converted to an index
2025-08-27 15:00:18,601 - ERROR - Error in Adam iteration 5: only integer tensors of a single element can be converted to an index
2025-08-27 15:00:18,615 - ERROR - Error in Adam iteration 6: only integer tensors of a single element can be converted to an index
2025-08-27 15:00:18,629 - ERROR - Error in Adam iteration 7: only integer tensors of a single element can be converted to an index
2025-08-27 15:00:18,639 - ERROR - Error in Adam iteration 8: only integer tensors of a single element can be converted to an index
2025-08-27 15:00:18,647 - ERROR - Error in Adam iteration 9: only integer tensors of a single element can be converted to an index
2025-08-27 15:00:18,658 - ERROR - Error in Adam iteration 10: only integer tensors of a single element can be converted to an index
2025-08-27 15:00:18,668 - ERROR - Error in Adam iteration 11: only integer tensors of a single element can be converted to an index
2025-08-27 15:00:18,679 - ERROR - Error in Adam iteration 12: only integer tensors of a single element can be converted to an index
2025-08-27 15:00:18,691 - ERROR - Error in Adam iteration 13: only integer tensors of a single element can be converted to an index
2025-08-27 15:00:18,704 - ERROR - Error in Adam iteration 14: only integer tensors of a single element can be converted to an index
2025-08-27 15:00:18,713 - ERROR - Error in Adam iteration 15: only integer tensors of a single element can be converted to an index
2025-08-27 15:00:18,723 - ERROR - Error in Adam iteration 16: only integer tensors of a single element can be converted to an index
2025-08-27 15:00:18,733 - ERROR - Error in Adam iteration 17: only integer tensors of a single element can be converted to an index
2025-08-27 15:00:18,743 - ERROR - Error in Adam iteration 18: only integer tensors of a single element can be converted to an index
2025-08-27 15:00:18,751 - ERROR - Error in Adam iteration 19: only integer tensors of a single element can be converted to an index
2025-08-27 15:00:18,768 - ERROR - Error in Adam iteration 20: only integer tensors of a single element can be converted to an index
2025-08-27 15:00:18,779 - ERROR - Error in Adam iteration 21: only integer tensors of a single element can be converted to an index
2025-08-27 15:00:18,796 - ERROR - Error in Adam iteration 22: only integer tensors of a single element can be converted to an index
2025-08-27 15:00:18,806 - ERROR - Error in Adam iteration 23: only integer tensors of a single element can be converted to an index
2025-08-27 15:00:18,816 - ERROR - Error in Adam iteration 24: only integer tensors of a single element can be converted to an index
2025-08-27 15:00:18,826 - ERROR - Error in Adam iteration 25: only integer tensors of a single element can be converted to an index
2025-08-27 15:00:18,836 - ERROR - Error in Adam iteration 26: only integer tensors of a single element can be converted to an index
2025-08-27 15:00:18,848 - ERROR - Error in Adam iteration 27: only integer tensors of a single element can be converted to an index
2025-08-27 15:00:18,856 - ERROR - Error in Adam iteration 28: only integer tensors of a single element can be converted to an index
2025-08-27 15:00:18,864 - ERROR - Error in Adam iteration 29: only integer tensors of a single element can be converted to an index
2025-08-27 15:00:18,874 - ERROR - Error in Adam iteration 30: only integer tensors of a single element can be converted to an index
2025-08-27 15:00:18,890 - ERROR - Error in Adam iteration 31: only integer tensors of a single element can be converted to an index
2025-08-27 15:00:18,898 - ERROR - Error in Adam iteration 32: only integer tensors of a single element can be converted to an index
2025-08-27 15:00:18,909 - ERROR - Error in Adam iteration 33: only integer tensors of a single element can be converted to an index
2025-08-27 15:00:18,918 - ERROR - Error in Adam iteration 34: only integer tensors of a single element can be converted to an index
2025-08-27 15:00:18,929 - ERROR - Error in Adam iteration 35: only integer tensors of a single element can be converted to an index
2025-08-27 15:00:18,940 - ERROR - Error in Adam iteration 36: only integer tensors of a single element can be converted to an index
2025-08-27 15:00:18,956 - ERROR - Error in Adam iteration 37: only integer tensors of a single element can be converted to an index
2025-08-27 15:00:18,974 - ERROR - Error in Adam iteration 38: only integer tensors of a single element can be converted to an index
2025-08-27 15:00:18,984 - ERROR - Error in Adam iteration 39: only integer tensors of a single element can be converted to an index
2025-08-27 15:00:18,996 - ERROR - Error in Adam iteration 40: only integer tensors of a single element can be converted to an index
2025-08-27 15:00:19,008 - ERROR - Error in Adam iteration 41: only integer tensors of a single element can be converted to an index
2025-08-27 15:00:19,019 - ERROR - Error in Adam iteration 42: only integer tensors of a single element can be converted to an index
2025-08-27 15:00:19,037 - ERROR - Error in Adam iteration 43: only integer tensors of a single element can be converted to an index
2025-08-27 15:00:19,048 - ERROR - Error in Adam iteration 44: only integer tensors of a single element can be converted to an index
2025-08-27 15:00:19,066 - ERROR - Error in Adam iteration 45: only integer tensors of a single element can be converted to an index
2025-08-27 15:00:19,077 - ERROR - Error in Adam iteration 46: only integer tensors of a single element can be converted to an index
2025-08-27 15:00:19,093 - ERROR - Error in Adam iteration 47: only integer tensors of a single element can be converted to an index
2025-08-27 15:00:19,111 - ERROR - Error in Adam iteration 48: only integer tensors of a single element can be converted to an index
2025-08-27 15:00:19,120 - ERROR - Error in Adam iteration 49: only integer tensors of a single element can be converted to an index
2025-08-27 15:00:19,130 - ERROR - Error in Adam iteration 50: only integer tensors of a single element can be converted to an index
2025-08-27 15:00:19,139 - ERROR - Error in Adam iteration 51: only integer tensors of a single element can be converted to an index
2025-08-27 15:00:19,157 - ERROR - Error in Adam iteration 52: only integer tensors of a single element can be converted to an index
2025-08-27 15:00:19,168 - ERROR - Error in Adam iteration 53: only integer tensors of a single element can be converted to an index
2025-08-27 15:00:19,182 - ERROR - Error in Adam iteration 54: only integer tensors of a single element can be converted to an index
2025-08-27 15:00:19,195 - ERROR - Error in Adam iteration 55: only integer tensors of a single element can be converted to an index
2025-08-27 15:00:19,203 - ERROR - Error in Adam iteration 56: only integer tensors of a single element can be converted to an index
2025-08-27 15:00:19,213 - ERROR - Error in Adam iteration 57: only integer tensors of a single element can be converted to an index
2025-08-27 15:00:19,223 - ERROR - Error in Adam iteration 58: only integer tensors of a single element can be converted to an index
2025-08-27 15:00:19,234 - ERROR - Error in Adam iteration 59: only integer tensors of a single element can be converted to an index
2025-08-27 15:00:19,246 - ERROR - Error in Adam iteration 60: only integer tensors of a single element can be converted to an index
2025-08-27 15:00:19,257 - ERROR - Error in Adam iteration 61: only integer tensors of a single element can be converted to an index
2025-08-27 15:00:19,266 - ERROR - Error in Adam iteration 62: only integer tensors of a single element can be converted to an index
2025-08-27 15:00:19,276 - ERROR - Error in Adam iteration 63: only integer tensors of a single element can be converted to an index
2025-08-27 15:00:19,286 - ERROR - Error in Adam iteration 64: only integer tensors of a single element can be converted to an index
2025-08-27 15:00:19,297 - ERROR - Error in Adam iteration 65: only integer tensors of a single element can be converted to an index
2025-08-27 15:00:19,305 - ERROR - Error in Adam iteration 66: only integer tensors of a single element can be converted to an index
2025-08-27 15:00:19,315 - ERROR - Error in Adam iteration 67: only integer tensors of a single element can be converted to an index
2025-08-27 15:00:19,333 - ERROR - Error in Adam iteration 68: only integer tensors of a single element can be converted to an index
2025-08-27 15:00:19,342 - ERROR - Error in Adam iteration 69: only integer tensors of a single element can be converted to an index
2025-08-27 15:00:19,354 - ERROR - Error in Adam iteration 70: only integer tensors of a single element can be converted to an index
2025-08-27 15:00:19,366 - ERROR - Error in Adam iteration 71: only integer tensors of a single element can be converted to an index
2025-08-27 15:00:19,376 - ERROR - Error in Adam iteration 72: only integer tensors of a single element can be converted to an index
2025-08-27 15:00:19,386 - ERROR - Error in Adam iteration 73: only integer tensors of a single element can be converted to an index
2025-08-27 15:00:19,398 - ERROR - Error in Adam iteration 74: only integer tensors of a single element can be converted to an index
2025-08-27 15:00:19,407 - ERROR - Error in Adam iteration 75: only integer tensors of a single element can be converted to an index
2025-08-27 15:00:19,418 - ERROR - Error in Adam iteration 76: only integer tensors of a single element can be converted to an index
2025-08-27 15:00:19,435 - ERROR - Error in Adam iteration 77: only integer tensors of a single element can be converted to an index
2025-08-27 15:00:19,445 - ERROR - Error in Adam iteration 78: only integer tensors of a single element can be converted to an index
2025-08-27 15:00:19,462 - ERROR - Error in Adam iteration 79: only integer tensors of a single element can be converted to an index
2025-08-27 15:00:19,470 - ERROR - Error in Adam iteration 80: only integer tensors of a single element can be converted to an index
2025-08-27 15:00:19,479 - ERROR - Error in Adam iteration 81: only integer tensors of a single element can be converted to an index
2025-08-27 15:00:19,494 - ERROR - Error in Adam iteration 82: only integer tensors of a single element can be converted to an index
2025-08-27 15:00:19,507 - ERROR - Error in Adam iteration 83: only integer tensors of a single element can be converted to an index
2025-08-27 15:00:19,517 - ERROR - Error in Adam iteration 84: only integer tensors of a single element can be converted to an index
2025-08-27 15:00:19,527 - ERROR - Error in Adam iteration 85: only integer tensors of a single element can be converted to an index
2025-08-27 15:00:19,537 - ERROR - Error in Adam iteration 86: only integer tensors of a single element can be converted to an index
2025-08-27 15:00:19,554 - ERROR - Error in Adam iteration 87: only integer tensors of a single element can be converted to an index
2025-08-27 15:00:19,567 - ERROR - Error in Adam iteration 88: only integer tensors of a single element can be converted to an index
2025-08-27 15:00:19,578 - ERROR - Error in Adam iteration 89: only integer tensors of a single element can be converted to an index
2025-08-27 15:00:19,586 - ERROR - Error in Adam iteration 90: only integer tensors of a single element can be converted to an index
2025-08-27 15:00:19,596 - ERROR - Error in Adam iteration 91: only integer tensors of a single element can be converted to an index
2025-08-27 15:00:19,607 - ERROR - Error in Adam iteration 92: only integer tensors of a single element can be converted to an index
2025-08-27 15:00:19,626 - ERROR - Error in Adam iteration 93: only integer tensors of a single element can be converted to an index
2025-08-27 15:00:19,644 - ERROR - Error in Adam iteration 94: only integer tensors of a single element can be converted to an index
2025-08-27 15:00:19,653 - ERROR - Error in Adam iteration 95: only integer tensors of a single element can be converted to an index
2025-08-27 15:00:19,664 - ERROR - Error in Adam iteration 96: only integer tensors of a single element can be converted to an index
2025-08-27 15:00:19,682 - ERROR - Error in Adam iteration 97: only integer tensors of a single element can be converted to an index
2025-08-27 15:00:19,691 - ERROR - Error in Adam iteration 98: only integer tensors of a single element can be converted to an index
2025-08-27 15:00:19,700 - ERROR - Error in Adam iteration 99: only integer tensors of a single element can be converted to an index
2025-08-27 15:00:19,714 - ERROR - Error in Adam iteration 100: only integer tensors of a single element can be converted to an index
2025-08-27 15:00:19,731 - ERROR - Error in Adam iteration 101: only integer tensors of a single element can be converted to an index
2025-08-27 15:00:19,747 - ERROR - Error in Adam iteration 102: only integer tensors of a single element can be converted to an index
2025-08-27 15:00:19,759 - ERROR - Error in Adam iteration 103: only integer tensors of a single element can be converted to an index
2025-08-27 15:00:19,774 - ERROR - Error in Adam iteration 104: only integer tensors of a single element can be converted to an index
2025-08-27 15:00:19,795 - ERROR - Error in Adam iteration 105: only integer tensors of a single element can be converted to an index
2025-08-27 15:00:19,806 - ERROR - Error in Adam iteration 106: only integer tensors of a single element can be converted to an index
2025-08-27 15:00:19,823 - ERROR - Error in Adam iteration 107: only integer tensors of a single element can be converted to an index
2025-08-27 15:00:19,834 - ERROR - Error in Adam iteration 108: only integer tensors of a single element can be converted to an index
2025-08-27 15:00:19,844 - ERROR - Error in Adam iteration 109: only integer tensors of a single element can be converted to an index
2025-08-27 15:00:19,853 - ERROR - Error in Adam iteration 110: only integer tensors of a single element can be converted to an index
2025-08-27 15:00:19,865 - ERROR - Error in Adam iteration 111: only integer tensors of a single element can be converted to an index
2025-08-27 15:00:19,876 - ERROR - Error in Adam iteration 112: only integer tensors of a single element can be converted to an index
2025-08-27 15:00:19,892 - ERROR - Error in Adam iteration 113: only integer tensors of a single element can be converted to an index
2025-08-27 15:00:19,901 - ERROR - Error in Adam iteration 114: only integer tensors of a single element can be converted to an index
2025-08-27 15:00:19,910 - ERROR - Error in Adam iteration 115: only integer tensors of a single element can be converted to an index
2025-08-27 15:00:19,918 - ERROR - Error in Adam iteration 116: only integer tensors of a single element can be converted to an index
2025-08-27 15:00:19,928 - ERROR - Error in Adam iteration 117: only integer tensors of a single element can be converted to an index
2025-08-27 15:00:19,937 - ERROR - Error in Adam iteration 118: only integer tensors of a single element can be converted to an index
2025-08-27 15:00:19,953 - ERROR - Error in Adam iteration 119: only integer tensors of a single element can be converted to an index
2025-08-27 15:00:19,961 - ERROR - Error in Adam iteration 120: only integer tensors of a single element can be converted to an index
2025-08-27 15:00:19,973 - ERROR - Error in Adam iteration 121: only integer tensors of a single element can be converted to an index
2025-08-27 15:00:19,989 - ERROR - Error in Adam iteration 122: only integer tensors of a single element can be converted to an index
2025-08-27 15:00:20,004 - ERROR - Error in Adam iteration 123: only integer tensors of a single element can be converted to an index
2025-08-27 15:00:20,020 - ERROR - Error in Adam iteration 124: only integer tensors of a single element can be converted to an index
2025-08-27 15:00:20,031 - ERROR - Error in Adam iteration 125: only integer tensors of a single element can be converted to an index
2025-08-27 15:00:20,039 - ERROR - Error in Adam iteration 126: only integer tensors of a single element can be converted to an index
2025-08-27 15:00:20,055 - ERROR - Error in Adam iteration 127: only integer tensors of a single element can be converted to an index
2025-08-27 15:00:20,065 - ERROR - Error in Adam iteration 128: only integer tensors of a single element can be converted to an index
2025-08-27 15:00:20,075 - ERROR - Error in Adam iteration 129: only integer tensors of a single element can be converted to an index
2025-08-27 15:00:20,084 - ERROR - Error in Adam iteration 130: only integer tensors of a single element can be converted to an index
2025-08-27 15:00:20,094 - ERROR - Error in Adam iteration 131: only integer tensors of a single element can be converted to an index
2025-08-27 15:00:20,106 - ERROR - Error in Adam iteration 132: only integer tensors of a single element can be converted to an index
2025-08-27 15:00:20,114 - ERROR - Error in Adam iteration 133: only integer tensors of a single element can be converted to an index
2025-08-27 15:00:20,122 - ERROR - Error in Adam iteration 134: only integer tensors of a single element can be converted to an index
2025-08-27 15:00:20,131 - ERROR - Error in Adam iteration 135: only integer tensors of a single element can be converted to an index
2025-08-27 15:00:20,143 - ERROR - Error in Adam iteration 136: only integer tensors of a single element can be converted to an index
2025-08-27 15:00:20,151 - ERROR - Error in Adam iteration 137: only integer tensors of a single element can be converted to an index
2025-08-27 15:00:20,159 - ERROR - Error in Adam iteration 138: only integer tensors of a single element can be converted to an index
2025-08-27 15:00:20,170 - ERROR - Error in Adam iteration 139: only integer tensors of a single element can be converted to an index
2025-08-27 15:00:20,182 - ERROR - Error in Adam iteration 140: only integer tensors of a single element can be converted to an index
2025-08-27 15:00:20,193 - ERROR - Error in Adam iteration 141: only integer tensors of a single element can be converted to an index
2025-08-27 15:00:20,200 - ERROR - Error in Adam iteration 142: only integer tensors of a single element can be converted to an index
2025-08-27 15:00:20,208 - ERROR - Error in Adam iteration 143: only integer tensors of a single element can be converted to an index
2025-08-27 15:00:20,217 - ERROR - Error in Adam iteration 144: only integer tensors of a single element can be converted to an index
2025-08-27 15:00:20,225 - ERROR - Error in Adam iteration 145: only integer tensors of a single element can be converted to an index
2025-08-27 15:00:20,235 - ERROR - Error in Adam iteration 146: only integer tensors of a single element can be converted to an index
2025-08-27 15:00:20,252 - ERROR - Error in Adam iteration 147: only integer tensors of a single element can be converted to an index
2025-08-27 15:00:20,260 - ERROR - Error in Adam iteration 148: only integer tensors of a single element can be converted to an index
2025-08-27 15:00:20,271 - ERROR - Error in Adam iteration 149: only integer tensors of a single element can be converted to an index
2025-08-27 15:00:20,287 - ERROR - Error in Adam iteration 150: only integer tensors of a single element can be converted to an index
2025-08-27 15:00:20,297 - ERROR - Error in Adam iteration 151: only integer tensors of a single element can be converted to an index
2025-08-27 15:00:20,308 - ERROR - Error in Adam iteration 152: only integer tensors of a single element can be converted to an index
2025-08-27 15:00:20,318 - ERROR - Error in Adam iteration 153: only integer tensors of a single element can be converted to an index
2025-08-27 15:00:20,328 - ERROR - Error in Adam iteration 154: only integer tensors of a single element can be converted to an index
2025-08-27 15:00:20,340 - ERROR - Error in Adam iteration 155: only integer tensors of a single element can be converted to an index
2025-08-27 15:00:20,348 - ERROR - Error in Adam iteration 156: only integer tensors of a single element can be converted to an index
2025-08-27 15:00:20,363 - ERROR - Error in Adam iteration 157: only integer tensors of a single element can be converted to an index
2025-08-27 15:00:20,372 - ERROR - Error in Adam iteration 158: only integer tensors of a single element can be converted to an index
2025-08-27 15:00:20,382 - ERROR - Error in Adam iteration 159: only integer tensors of a single element can be converted to an index
2025-08-27 15:00:20,393 - ERROR - Error in Adam iteration 160: only integer tensors of a single element can be converted to an index
2025-08-27 15:00:20,402 - ERROR - Error in Adam iteration 161: only integer tensors of a single element can be converted to an index
2025-08-27 15:00:20,418 - ERROR - Error in Adam iteration 162: only integer tensors of a single element can be converted to an index
2025-08-27 15:00:20,427 - ERROR - Error in Adam iteration 163: only integer tensors of a single element can be converted to an index
2025-08-27 15:00:20,438 - ERROR - Error in Adam iteration 164: only integer tensors of a single element can be converted to an index
2025-08-27 15:00:20,455 - ERROR - Error in Adam iteration 165: only integer tensors of a single element can be converted to an index
2025-08-27 15:00:20,465 - ERROR - Error in Adam iteration 166: only integer tensors of a single element can be converted to an index
2025-08-27 15:00:20,474 - ERROR - Error in Adam iteration 167: only integer tensors of a single element can be converted to an index
2025-08-27 15:00:20,483 - ERROR - Error in Adam iteration 168: only integer tensors of a single element can be converted to an index
2025-08-27 15:00:20,492 - ERROR - Error in Adam iteration 169: only integer tensors of a single element can be converted to an index
2025-08-27 15:00:20,504 - ERROR - Error in Adam iteration 170: only integer tensors of a single element can be converted to an index
2025-08-27 15:00:20,520 - ERROR - Error in Adam iteration 171: only integer tensors of a single element can be converted to an index
2025-08-27 15:00:20,534 - ERROR - Error in Adam iteration 172: only integer tensors of a single element can be converted to an index
2025-08-27 15:00:20,546 - ERROR - Error in Adam iteration 173: only integer tensors of a single element can be converted to an index
2025-08-27 15:00:20,556 - ERROR - Error in Adam iteration 174: only integer tensors of a single element can be converted to an index
2025-08-27 15:00:20,565 - ERROR - Error in Adam iteration 175: only integer tensors of a single element can be converted to an index
2025-08-27 15:00:20,573 - ERROR - Error in Adam iteration 176: only integer tensors of a single element can be converted to an index
2025-08-27 15:00:20,584 - ERROR - Error in Adam iteration 177: only integer tensors of a single element can be converted to an index
2025-08-27 15:00:20,600 - ERROR - Error in Adam iteration 178: only integer tensors of a single element can be converted to an index
2025-08-27 15:00:20,614 - ERROR - Error in Adam iteration 179: only integer tensors of a single element can be converted to an index
2025-08-27 15:00:20,626 - ERROR - Error in Adam iteration 180: only integer tensors of a single element can be converted to an index
2025-08-27 15:00:20,634 - ERROR - Error in Adam iteration 181: only integer tensors of a single element can be converted to an index
2025-08-27 15:00:20,644 - ERROR - Error in Adam iteration 182: only integer tensors of a single element can be converted to an index
2025-08-27 15:00:20,653 - ERROR - Error in Adam iteration 183: only integer tensors of a single element can be converted to an index
2025-08-27 15:00:20,669 - ERROR - Error in Adam iteration 184: only integer tensors of a single element can be converted to an index
2025-08-27 15:00:20,685 - ERROR - Error in Adam iteration 185: only integer tensors of a single element can be converted to an index
2025-08-27 15:00:20,692 - ERROR - Error in Adam iteration 186: only integer tensors of a single element can be converted to an index
2025-08-27 15:00:20,701 - ERROR - Error in Adam iteration 187: only integer tensors of a single element can be converted to an index
2025-08-27 15:00:20,711 - ERROR - Error in Adam iteration 188: only integer tensors of a single element can be converted to an index
2025-08-27 15:00:20,720 - ERROR - Error in Adam iteration 189: only integer tensors of a single element can be converted to an index
2025-08-27 15:00:20,730 - ERROR - Error in Adam iteration 190: only integer tensors of a single element can be converted to an index
2025-08-27 15:00:20,742 - ERROR - Error in Adam iteration 191: only integer tensors of a single element can be converted to an index
2025-08-27 15:00:20,752 - ERROR - Error in Adam iteration 192: only integer tensors of a single element can be converted to an index
2025-08-27 15:00:20,763 - ERROR - Error in Adam iteration 193: only integer tensors of a single element can be converted to an index
2025-08-27 15:00:20,771 - ERROR - Error in Adam iteration 194: only integer tensors of a single element can be converted to an index
2025-08-27 15:00:20,780 - ERROR - Error in Adam iteration 195: only integer tensors of a single element can be converted to an index
2025-08-27 15:00:20,795 - ERROR - Error in Adam iteration 196: only integer tensors of a single element can be converted to an index
2025-08-27 15:00:20,809 - ERROR - Error in Adam iteration 197: only integer tensors of a single element can be converted to an index
2025-08-27 15:00:20,819 - ERROR - Error in Adam iteration 198: only integer tensors of a single element can be converted to an index
2025-08-27 15:00:20,828 - ERROR - Error in Adam iteration 199: only integer tensors of a single element can be converted to an index
2025-08-27 15:00:20,841 - ERROR - Error in Adam iteration 200: only integer tensors of a single element can be converted to an index
2025-08-27 15:00:20,855 - ERROR - Error in Adam iteration 201: only integer tensors of a single element can be converted to an index
2025-08-27 15:00:20,864 - ERROR - Error in Adam iteration 202: only integer tensors of a single element can be converted to an index
2025-08-27 15:00:20,873 - ERROR - Error in Adam iteration 203: only integer tensors of a single element can be converted to an index
2025-08-27 15:00:20,883 - ERROR - Error in Adam iteration 204: only integer tensors of a single element can be converted to an index
2025-08-27 15:00:20,895 - ERROR - Error in Adam iteration 205: only integer tensors of a single element can be converted to an index
2025-08-27 15:00:20,903 - ERROR - Error in Adam iteration 206: only integer tensors of a single element can be converted to an index
2025-08-27 15:00:20,912 - ERROR - Error in Adam iteration 207: only integer tensors of a single element can be converted to an index
2025-08-27 15:00:20,923 - ERROR - Error in Adam iteration 208: only integer tensors of a single element can be converted to an index
2025-08-27 15:00:20,935 - ERROR - Error in Adam iteration 209: only integer tensors of a single element can be converted to an index
2025-08-27 15:00:20,952 - ERROR - Error in Adam iteration 210: only integer tensors of a single element can be converted to an index
2025-08-27 15:00:20,963 - ERROR - Error in Adam iteration 211: only integer tensors of a single element can be converted to an index
2025-08-27 15:00:20,975 - ERROR - Error in Adam iteration 212: only integer tensors of a single element can be converted to an index
2025-08-27 15:00:20,987 - ERROR - Error in Adam iteration 213: only integer tensors of a single element can be converted to an index
2025-08-27 15:00:21,005 - ERROR - Error in Adam iteration 214: only integer tensors of a single element can be converted to an index
2025-08-27 15:00:21,016 - ERROR - Error in Adam iteration 215: only integer tensors of a single element can be converted to an index
2025-08-27 15:00:21,026 - ERROR - Error in Adam iteration 216: only integer tensors of a single element can be converted to an index
2025-08-27 15:00:21,037 - ERROR - Error in Adam iteration 217: only integer tensors of a single element can be converted to an index
2025-08-27 15:00:21,053 - ERROR - Error in Adam iteration 218: only integer tensors of a single element can be converted to an index
2025-08-27 15:00:21,065 - ERROR - Error in Adam iteration 219: only integer tensors of a single element can be converted to an index
2025-08-27 15:00:21,074 - ERROR - Error in Adam iteration 220: only integer tensors of a single element can be converted to an index
2025-08-27 15:00:21,085 - ERROR - Error in Adam iteration 221: only integer tensors of a single element can be converted to an index
2025-08-27 15:00:21,096 - ERROR - Error in Adam iteration 222: only integer tensors of a single element can be converted to an index
2025-08-27 15:00:21,107 - ERROR - Error in Adam iteration 223: only integer tensors of a single element can be converted to an index
2025-08-27 15:00:21,117 - ERROR - Error in Adam iteration 224: only integer tensors of a single element can be converted to an index
2025-08-27 15:00:21,128 - ERROR - Error in Adam iteration 225: only integer tensors of a single element can be converted to an index
2025-08-27 15:00:21,142 - ERROR - Error in Adam iteration 226: only integer tensors of a single element can be converted to an index
2025-08-27 15:00:21,159 - ERROR - Error in Adam iteration 227: only integer tensors of a single element can be converted to an index
2025-08-27 15:00:21,168 - ERROR - Error in Adam iteration 228: only integer tensors of a single element can be converted to an index
2025-08-27 15:00:21,177 - ERROR - Error in Adam iteration 229: only integer tensors of a single element can be converted to an index
2025-08-27 15:00:21,187 - ERROR - Error in Adam iteration 230: only integer tensors of a single element can be converted to an index
2025-08-27 15:00:21,196 - ERROR - Error in Adam iteration 231: only integer tensors of a single element can be converted to an index
2025-08-27 15:00:21,207 - ERROR - Error in Adam iteration 232: only integer tensors of a single element can be converted to an index
2025-08-27 15:00:21,223 - ERROR - Error in Adam iteration 233: only integer tensors of a single element can be converted to an index
2025-08-27 15:00:21,233 - ERROR - Error in Adam iteration 234: only integer tensors of a single element can be converted to an index
2025-08-27 15:00:21,241 - ERROR - Error in Adam iteration 235: only integer tensors of a single element can be converted to an index
2025-08-27 15:00:21,250 - ERROR - Error in Adam iteration 236: only integer tensors of a single element can be converted to an index
2025-08-27 15:00:21,260 - ERROR - Error in Adam iteration 237: only integer tensors of a single element can be converted to an index
2025-08-27 15:00:21,271 - ERROR - Error in Adam iteration 238: only integer tensors of a single element can be converted to an index
2025-08-27 15:00:21,283 - ERROR - Error in Adam iteration 239: only integer tensors of a single element can be converted to an index
2025-08-27 15:00:21,293 - ERROR - Error in Adam iteration 240: only integer tensors of a single element can be converted to an index
2025-08-27 15:00:21,306 - ERROR - Error in Adam iteration 241: only integer tensors of a single element can be converted to an index
2025-08-27 15:00:21,318 - ERROR - Error in Adam iteration 242: only integer tensors of a single element can be converted to an index
2025-08-27 15:00:21,335 - ERROR - Error in Adam iteration 243: only integer tensors of a single element can be converted to an index
2025-08-27 15:00:21,347 - ERROR - Error in Adam iteration 244: only integer tensors of a single element can be converted to an index
2025-08-27 15:00:21,355 - ERROR - Error in Adam iteration 245: only integer tensors of a single element can be converted to an index
2025-08-27 15:00:21,366 - ERROR - Error in Adam iteration 246: only integer tensors of a single element can be converted to an index
2025-08-27 15:00:21,378 - ERROR - Error in Adam iteration 247: only integer tensors of a single element can be converted to an index
2025-08-27 15:00:21,387 - ERROR - Error in Adam iteration 248: only integer tensors of a single element can be converted to an index
2025-08-27 15:00:21,402 - ERROR - Error in Adam iteration 249: only integer tensors of a single element can be converted to an index
2025-08-27 15:00:21,411 - ERROR - Error in Adam iteration 250: only integer tensors of a single element can be converted to an index
2025-08-27 15:00:21,422 - ERROR - Error in Adam iteration 251: only integer tensors of a single element can be converted to an index
2025-08-27 15:00:21,431 - ERROR - Error in Adam iteration 252: only integer tensors of a single element can be converted to an index
2025-08-27 15:00:21,440 - ERROR - Error in Adam iteration 253: only integer tensors of a single element can be converted to an index
2025-08-27 15:00:21,450 - ERROR - Error in Adam iteration 254: only integer tensors of a single element can be converted to an index
2025-08-27 15:00:21,458 - ERROR - Error in Adam iteration 255: only integer tensors of a single element can be converted to an index
2025-08-27 15:00:21,474 - ERROR - Error in Adam iteration 256: only integer tensors of a single element can be converted to an index
2025-08-27 15:00:21,485 - ERROR - Error in Adam iteration 257: only integer tensors of a single element can be converted to an index
2025-08-27 15:00:21,500 - ERROR - Error in Adam iteration 258: only integer tensors of a single element can be converted to an index
2025-08-27 15:00:21,513 - ERROR - Error in Adam iteration 259: only integer tensors of a single element can be converted to an index
2025-08-27 15:00:21,521 - ERROR - Error in Adam iteration 260: only integer tensors of a single element can be converted to an index
2025-08-27 15:00:21,531 - ERROR - Error in Adam iteration 261: only integer tensors of a single element can be converted to an index
2025-08-27 15:00:21,548 - ERROR - Error in Adam iteration 262: only integer tensors of a single element can be converted to an index
2025-08-27 15:00:21,558 - ERROR - Error in Adam iteration 263: only integer tensors of a single element can be converted to an index
2025-08-27 15:00:21,571 - ERROR - Error in Adam iteration 264: only integer tensors of a single element can be converted to an index
2025-08-27 15:00:21,582 - ERROR - Error in Adam iteration 265: only integer tensors of a single element can be converted to an index
2025-08-27 15:00:21,594 - ERROR - Error in Adam iteration 266: only integer tensors of a single element can be converted to an index
2025-08-27 15:00:21,605 - ERROR - Error in Adam iteration 267: only integer tensors of a single element can be converted to an index
2025-08-27 15:00:21,615 - ERROR - Error in Adam iteration 268: only integer tensors of a single element can be converted to an index
2025-08-27 15:00:21,633 - ERROR - Error in Adam iteration 269: only integer tensors of a single element can be converted to an index
2025-08-27 15:00:21,648 - ERROR - Error in Adam iteration 270: only integer tensors of a single element can be converted to an index
2025-08-27 15:00:21,662 - ERROR - Error in Adam iteration 271: only integer tensors of a single element can be converted to an index
2025-08-27 15:00:21,672 - ERROR - Error in Adam iteration 272: only integer tensors of a single element can be converted to an index
2025-08-27 15:00:21,690 - ERROR - Error in Adam iteration 273: only integer tensors of a single element can be converted to an index
2025-08-27 15:00:21,705 - ERROR - Error in Adam iteration 274: only integer tensors of a single element can be converted to an index
2025-08-27 15:00:21,722 - ERROR - Error in Adam iteration 275: only integer tensors of a single element can be converted to an index
2025-08-27 15:00:21,731 - ERROR - Error in Adam iteration 276: only integer tensors of a single element can be converted to an index
2025-08-27 15:00:21,740 - ERROR - Error in Adam iteration 277: only integer tensors of a single element can be converted to an index
2025-08-27 15:00:21,757 - ERROR - Error in Adam iteration 278: only integer tensors of a single element can be converted to an index
2025-08-27 15:00:21,772 - ERROR - Error in Adam iteration 279: only integer tensors of a single element can be converted to an index
2025-08-27 15:00:21,781 - ERROR - Error in Adam iteration 280: only integer tensors of a single element can be converted to an index
2025-08-27 15:00:21,797 - ERROR - Error in Adam iteration 281: only integer tensors of a single element can be converted to an index
2025-08-27 15:00:21,809 - ERROR - Error in Adam iteration 282: only integer tensors of a single element can be converted to an index
2025-08-27 15:00:21,819 - ERROR - Error in Adam iteration 283: only integer tensors of a single element can be converted to an index
2025-08-27 15:00:21,828 - ERROR - Error in Adam iteration 284: only integer tensors of a single element can be converted to an index
2025-08-27 15:00:21,844 - ERROR - Error in Adam iteration 285: only integer tensors of a single element can be converted to an index
2025-08-27 15:00:21,860 - ERROR - Error in Adam iteration 286: only integer tensors of a single element can be converted to an index
2025-08-27 15:00:21,869 - ERROR - Error in Adam iteration 287: only integer tensors of a single element can be converted to an index
2025-08-27 15:00:21,879 - ERROR - Error in Adam iteration 288: only integer tensors of a single element can be converted to an index
2025-08-27 15:00:21,895 - ERROR - Error in Adam iteration 289: only integer tensors of a single element can be converted to an index
2025-08-27 15:00:21,906 - ERROR - Error in Adam iteration 290: only integer tensors of a single element can be converted to an index
2025-08-27 15:00:21,916 - ERROR - Error in Adam iteration 291: only integer tensors of a single element can be converted to an index
2025-08-27 15:00:21,925 - ERROR - Error in Adam iteration 292: only integer tensors of a single element can be converted to an index
2025-08-27 15:00:21,941 - ERROR - Error in Adam iteration 293: only integer tensors of a single element can be converted to an index
2025-08-27 15:00:21,951 - ERROR - Error in Adam iteration 294: only integer tensors of a single element can be converted to an index
2025-08-27 15:00:21,959 - ERROR - Error in Adam iteration 295: only integer tensors of a single element can be converted to an index
2025-08-27 15:00:21,975 - ERROR - Error in Adam iteration 296: only integer tensors of a single element can be converted to an index
2025-08-27 15:00:21,985 - ERROR - Error in Adam iteration 297: only integer tensors of a single element can be converted to an index
2025-08-27 15:00:21,998 - ERROR - Error in Adam iteration 298: only integer tensors of a single element can be converted to an index
2025-08-27 15:00:22,009 - ERROR - Error in Adam iteration 299: only integer tensors of a single element can be converted to an index
2025-08-27 15:00:22,018 - ERROR - Error in Adam iteration 300: only integer tensors of a single element can be converted to an index
2025-08-27 15:00:22,028 - ERROR - Error in Adam iteration 301: only integer tensors of a single element can be converted to an index
2025-08-27 15:00:22,040 - ERROR - Error in Adam iteration 302: only integer tensors of a single element can be converted to an index
2025-08-27 15:00:22,050 - ERROR - Error in Adam iteration 303: only integer tensors of a single element can be converted to an index
2025-08-27 15:00:22,060 - ERROR - Error in Adam iteration 304: only integer tensors of a single element can be converted to an index
2025-08-27 15:00:22,070 - ERROR - Error in Adam iteration 305: only integer tensors of a single element can be converted to an index
2025-08-27 15:00:22,079 - ERROR - Error in Adam iteration 306: only integer tensors of a single element can be converted to an index
2025-08-27 15:00:22,096 - ERROR - Error in Adam iteration 307: only integer tensors of a single element can be converted to an index
2025-08-27 15:00:22,105 - ERROR - Error in Adam iteration 308: only integer tensors of a single element can be converted to an index
2025-08-27 15:00:22,114 - ERROR - Error in Adam iteration 309: only integer tensors of a single element can be converted to an index
2025-08-27 15:00:22,128 - ERROR - Error in Adam iteration 310: only integer tensors of a single element can be converted to an index
2025-08-27 15:00:22,138 - ERROR - Error in Adam iteration 311: only integer tensors of a single element can be converted to an index
2025-08-27 15:00:22,151 - ERROR - Error in Adam iteration 312: only integer tensors of a single element can be converted to an index
2025-08-27 15:00:22,167 - ERROR - Error in Adam iteration 313: only integer tensors of a single element can be converted to an index
2025-08-27 15:00:22,176 - ERROR - Error in Adam iteration 314: only integer tensors of a single element can be converted to an index
2025-08-27 15:00:22,189 - ERROR - Error in Adam iteration 315: only integer tensors of a single element can be converted to an index
2025-08-27 15:00:22,199 - ERROR - Error in Adam iteration 316: only integer tensors of a single element can be converted to an index
2025-08-27 15:00:22,208 - ERROR - Error in Adam iteration 317: only integer tensors of a single element can be converted to an index
2025-08-27 15:00:22,217 - ERROR - Error in Adam iteration 318: only integer tensors of a single element can be converted to an index
2025-08-27 15:00:22,234 - ERROR - Error in Adam iteration 319: only integer tensors of a single element can be converted to an index
2025-08-27 15:00:22,243 - ERROR - Error in Adam iteration 320: only integer tensors of a single element can be converted to an index
2025-08-27 15:00:22,251 - ERROR - Error in Adam iteration 321: only integer tensors of a single element can be converted to an index
2025-08-27 15:00:22,261 - ERROR - Error in Adam iteration 322: only integer tensors of a single element can be converted to an index
2025-08-27 15:00:22,271 - ERROR - Error in Adam iteration 323: only integer tensors of a single element can be converted to an index
2025-08-27 15:00:22,290 - ERROR - Error in Adam iteration 324: only integer tensors of a single element can be converted to an index
2025-08-27 15:00:22,307 - ERROR - Error in Adam iteration 325: only integer tensors of a single element can be converted to an index
2025-08-27 15:00:22,326 - ERROR - Error in Adam iteration 326: only integer tensors of a single element can be converted to an index
2025-08-27 15:00:22,337 - ERROR - Error in Adam iteration 327: only integer tensors of a single element can be converted to an index
2025-08-27 15:00:22,353 - ERROR - Error in Adam iteration 328: only integer tensors of a single element can be converted to an index
2025-08-27 15:00:22,361 - ERROR - Error in Adam iteration 329: only integer tensors of a single element can be converted to an index
2025-08-27 15:00:22,376 - ERROR - Error in Adam iteration 330: only integer tensors of a single element can be converted to an index
2025-08-27 15:00:22,389 - ERROR - Error in Adam iteration 331: only integer tensors of a single element can be converted to an index
2025-08-27 15:00:22,400 - ERROR - Error in Adam iteration 332: only integer tensors of a single element can be converted to an index
2025-08-27 15:00:22,416 - ERROR - Error in Adam iteration 333: only integer tensors of a single element can be converted to an index
2025-08-27 15:00:22,428 - ERROR - Error in Adam iteration 334: only integer tensors of a single element can be converted to an index
2025-08-27 15:00:22,438 - ERROR - Error in Adam iteration 335: only integer tensors of a single element can be converted to an index
2025-08-27 15:00:22,454 - ERROR - Error in Adam iteration 336: only integer tensors of a single element can be converted to an index
2025-08-27 15:00:22,464 - ERROR - Error in Adam iteration 337: only integer tensors of a single element can be converted to an index
2025-08-27 15:00:22,477 - ERROR - Error in Adam iteration 338: only integer tensors of a single element can be converted to an index
2025-08-27 15:00:22,494 - ERROR - Error in Adam iteration 339: only integer tensors of a single element can be converted to an index
2025-08-27 15:00:22,504 - ERROR - Error in Adam iteration 340: only integer tensors of a single element can be converted to an index
2025-08-27 15:00:22,514 - ERROR - Error in Adam iteration 341: only integer tensors of a single element can be converted to an index
2025-08-27 15:00:22,526 - ERROR - Error in Adam iteration 342: only integer tensors of a single element can be converted to an index
2025-08-27 15:00:22,535 - ERROR - Error in Adam iteration 343: only integer tensors of a single element can be converted to an index
2025-08-27 15:00:22,543 - ERROR - Error in Adam iteration 344: only integer tensors of a single element can be converted to an index
2025-08-27 15:00:22,552 - ERROR - Error in Adam iteration 345: only integer tensors of a single element can be converted to an index
2025-08-27 15:00:22,561 - ERROR - Error in Adam iteration 346: only integer tensors of a single element can be converted to an index
2025-08-27 15:00:22,574 - ERROR - Error in Adam iteration 347: only integer tensors of a single element can be converted to an index
2025-08-27 15:00:22,583 - ERROR - Error in Adam iteration 348: only integer tensors of a single element can be converted to an index
2025-08-27 15:00:22,592 - ERROR - Error in Adam iteration 349: only integer tensors of a single element can be converted to an index
2025-08-27 15:00:22,602 - ERROR - Error in Adam iteration 350: only integer tensors of a single element can be converted to an index
2025-08-27 15:00:22,610 - ERROR - Error in Adam iteration 351: only integer tensors of a single element can be converted to an index
2025-08-27 15:00:22,625 - ERROR - Error in Adam iteration 352: only integer tensors of a single element can be converted to an index
2025-08-27 15:00:22,638 - ERROR - Error in Adam iteration 353: only integer tensors of a single element can be converted to an index
2025-08-27 15:00:22,654 - ERROR - Error in Adam iteration 354: only integer tensors of a single element can be converted to an index
2025-08-27 15:00:22,666 - ERROR - Error in Adam iteration 355: only integer tensors of a single element can be converted to an index
2025-08-27 15:00:22,677 - ERROR - Error in Adam iteration 356: only integer tensors of a single element can be converted to an index
2025-08-27 15:00:22,687 - ERROR - Error in Adam iteration 357: only integer tensors of a single element can be converted to an index
2025-08-27 15:00:22,698 - ERROR - Error in Adam iteration 358: only integer tensors of a single element can be converted to an index
2025-08-27 15:00:22,709 - ERROR - Error in Adam iteration 359: only integer tensors of a single element can be converted to an index
2025-08-27 15:00:22,718 - ERROR - Error in Adam iteration 360: only integer tensors of a single element can be converted to an index
2025-08-27 15:00:22,726 - ERROR - Error in Adam iteration 361: only integer tensors of a single element can be converted to an index
2025-08-27 15:00:22,735 - ERROR - Error in Adam iteration 362: only integer tensors of a single element can be converted to an index
2025-08-27 15:00:22,746 - ERROR - Error in Adam iteration 363: only integer tensors of a single element can be converted to an index
2025-08-27 15:00:22,761 - ERROR - Error in Adam iteration 364: only integer tensors of a single element can be converted to an index
2025-08-27 15:00:22,771 - ERROR - Error in Adam iteration 365: only integer tensors of a single element can be converted to an index
2025-08-27 15:00:22,782 - ERROR - Error in Adam iteration 366: only integer tensors of a single element can be converted to an index
2025-08-27 15:00:22,791 - ERROR - Error in Adam iteration 367: only integer tensors of a single element can be converted to an index
2025-08-27 15:00:22,801 - ERROR - Error in Adam iteration 368: only integer tensors of a single element can be converted to an index
2025-08-27 15:00:22,817 - ERROR - Error in Adam iteration 369: only integer tensors of a single element can be converted to an index
2025-08-27 15:00:22,834 - ERROR - Error in Adam iteration 370: only integer tensors of a single element can be converted to an index
2025-08-27 15:00:22,843 - ERROR - Error in Adam iteration 371: only integer tensors of a single element can be converted to an index
2025-08-27 15:00:22,858 - ERROR - Error in Adam iteration 372: only integer tensors of a single element can be converted to an index
2025-08-27 15:00:22,869 - ERROR - Error in Adam iteration 373: only integer tensors of a single element can be converted to an index
2025-08-27 15:00:22,877 - ERROR - Error in Adam iteration 374: only integer tensors of a single element can be converted to an index
2025-08-27 15:00:22,893 - ERROR - Error in Adam iteration 375: only integer tensors of a single element can be converted to an index
2025-08-27 15:00:22,903 - ERROR - Error in Adam iteration 376: only integer tensors of a single element can be converted to an index
2025-08-27 15:00:22,912 - ERROR - Error in Adam iteration 377: only integer tensors of a single element can be converted to an index
2025-08-27 15:00:22,921 - ERROR - Error in Adam iteration 378: only integer tensors of a single element can be converted to an index
2025-08-27 15:00:22,932 - ERROR - Error in Adam iteration 379: only integer tensors of a single element can be converted to an index
2025-08-27 15:00:22,941 - ERROR - Error in Adam iteration 380: only integer tensors of a single element can be converted to an index
2025-08-27 15:00:22,959 - ERROR - Error in Adam iteration 381: only integer tensors of a single element can be converted to an index
2025-08-27 15:00:22,969 - ERROR - Error in Adam iteration 382: only integer tensors of a single element can be converted to an index
2025-08-27 15:00:22,978 - ERROR - Error in Adam iteration 383: only integer tensors of a single element can be converted to an index
2025-08-27 15:00:22,991 - ERROR - Error in Adam iteration 384: only integer tensors of a single element can be converted to an index
2025-08-27 15:00:23,002 - ERROR - Error in Adam iteration 385: only integer tensors of a single element can be converted to an index
2025-08-27 15:00:23,013 - ERROR - Error in Adam iteration 386: only integer tensors of a single element can be converted to an index
2025-08-27 15:00:23,023 - ERROR - Error in Adam iteration 387: only integer tensors of a single element can be converted to an index
2025-08-27 15:00:23,037 - ERROR - Error in Adam iteration 388: only integer tensors of a single element can be converted to an index
2025-08-27 15:00:23,049 - ERROR - Error in Adam iteration 389: only integer tensors of a single element can be converted to an index
2025-08-27 15:00:23,060 - ERROR - Error in Adam iteration 390: only integer tensors of a single element can be converted to an index
2025-08-27 15:00:23,069 - ERROR - Error in Adam iteration 391: only integer tensors of a single element can be converted to an index
2025-08-27 15:00:23,078 - ERROR - Error in Adam iteration 392: only integer tensors of a single element can be converted to an index
2025-08-27 15:00:23,092 - ERROR - Error in Adam iteration 393: only integer tensors of a single element can be converted to an index
2025-08-27 15:00:23,102 - ERROR - Error in Adam iteration 394: only integer tensors of a single element can be converted to an index
2025-08-27 15:00:23,111 - ERROR - Error in Adam iteration 395: only integer tensors of a single element can be converted to an index
2025-08-27 15:00:23,127 - ERROR - Error in Adam iteration 396: only integer tensors of a single element can be converted to an index
2025-08-27 15:00:23,137 - ERROR - Error in Adam iteration 397: only integer tensors of a single element can be converted to an index
2025-08-27 15:00:23,150 - ERROR - Error in Adam iteration 398: only integer tensors of a single element can be converted to an index
2025-08-27 15:00:23,163 - ERROR - Error in Adam iteration 399: only integer tensors of a single element can be converted to an index
2025-08-27 15:00:23,172 - ERROR - Error in Adam iteration 400: only integer tensors of a single element can be converted to an index
2025-08-27 15:00:23,181 - ERROR - Error in Adam iteration 401: only integer tensors of a single element can be converted to an index
2025-08-27 15:00:23,197 - ERROR - Error in Adam iteration 402: only integer tensors of a single element can be converted to an index
2025-08-27 15:00:23,205 - ERROR - Error in Adam iteration 403: only integer tensors of a single element can be converted to an index
2025-08-27 15:00:23,214 - ERROR - Error in Adam iteration 404: only integer tensors of a single element can be converted to an index
2025-08-27 15:00:23,230 - ERROR - Error in Adam iteration 405: only integer tensors of a single element can be converted to an index
2025-08-27 15:00:23,238 - ERROR - Error in Adam iteration 406: only integer tensors of a single element can be converted to an index
2025-08-27 15:00:23,248 - ERROR - Error in Adam iteration 407: only integer tensors of a single element can be converted to an index
2025-08-27 15:00:23,264 - ERROR - Error in Adam iteration 408: only integer tensors of a single element can be converted to an index
2025-08-27 15:00:23,273 - ERROR - Error in Adam iteration 409: only integer tensors of a single element can be converted to an index
2025-08-27 15:00:23,282 - ERROR - Error in Adam iteration 410: only integer tensors of a single element can be converted to an index
2025-08-27 15:00:23,291 - ERROR - Error in Adam iteration 411: only integer tensors of a single element can be converted to an index
2025-08-27 15:00:23,301 - ERROR - Error in Adam iteration 412: only integer tensors of a single element can be converted to an index
2025-08-27 15:00:23,310 - ERROR - Error in Adam iteration 413: only integer tensors of a single element can be converted to an index
2025-08-27 15:00:23,319 - ERROR - Error in Adam iteration 414: only integer tensors of a single element can be converted to an index
2025-08-27 15:00:23,335 - ERROR - Error in Adam iteration 415: only integer tensors of a single element can be converted to an index
2025-08-27 15:00:23,344 - ERROR - Error in Adam iteration 416: only integer tensors of a single element can be converted to an index
2025-08-27 15:00:23,354 - ERROR - Error in Adam iteration 417: only integer tensors of a single element can be converted to an index
2025-08-27 15:00:23,364 - ERROR - Error in Adam iteration 418: only integer tensors of a single element can be converted to an index
2025-08-27 15:00:23,375 - ERROR - Error in Adam iteration 419: only integer tensors of a single element can be converted to an index
2025-08-27 15:00:23,385 - ERROR - Error in Adam iteration 420: only integer tensors of a single element can be converted to an index
2025-08-27 15:00:23,396 - ERROR - Error in Adam iteration 421: only integer tensors of a single element can be converted to an index
2025-08-27 15:00:23,406 - ERROR - Error in Adam iteration 422: only integer tensors of a single element can be converted to an index
2025-08-27 15:00:23,416 - ERROR - Error in Adam iteration 423: only integer tensors of a single element can be converted to an index
2025-08-27 15:00:23,431 - ERROR - Error in Adam iteration 424: only integer tensors of a single element can be converted to an index
2025-08-27 15:00:23,438 - ERROR - Error in Adam iteration 425: only integer tensors of a single element can be converted to an index
2025-08-27 15:00:23,447 - ERROR - Error in Adam iteration 426: only integer tensors of a single element can be converted to an index
2025-08-27 15:00:23,456 - ERROR - Error in Adam iteration 427: only integer tensors of a single element can be converted to an index
2025-08-27 15:00:23,469 - ERROR - Error in Adam iteration 428: only integer tensors of a single element can be converted to an index
2025-08-27 15:00:23,477 - ERROR - Error in Adam iteration 429: only integer tensors of a single element can be converted to an index
2025-08-27 15:00:23,488 - ERROR - Error in Adam iteration 430: only integer tensors of a single element can be converted to an index
2025-08-27 15:00:23,505 - ERROR - Error in Adam iteration 431: only integer tensors of a single element can be converted to an index
2025-08-27 15:00:23,513 - ERROR - Error in Adam iteration 432: only integer tensors of a single element can be converted to an index
2025-08-27 15:00:23,523 - ERROR - Error in Adam iteration 433: only integer tensors of a single element can be converted to an index
2025-08-27 15:00:23,533 - ERROR - Error in Adam iteration 434: only integer tensors of a single element can be converted to an index
2025-08-27 15:00:23,543 - ERROR - Error in Adam iteration 435: only integer tensors of a single element can be converted to an index
2025-08-27 15:00:23,550 - ERROR - Error in Adam iteration 436: only integer tensors of a single element can be converted to an index
2025-08-27 15:00:23,566 - ERROR - Error in Adam iteration 437: only integer tensors of a single element can be converted to an index
2025-08-27 15:00:23,575 - ERROR - Error in Adam iteration 438: only integer tensors of a single element can be converted to an index
2025-08-27 15:00:23,583 - ERROR - Error in Adam iteration 439: only integer tensors of a single element can be converted to an index
2025-08-27 15:00:23,591 - ERROR - Error in Adam iteration 440: only integer tensors of a single element can be converted to an index
2025-08-27 15:00:23,601 - ERROR - Error in Adam iteration 441: only integer tensors of a single element can be converted to an index
2025-08-27 15:00:23,611 - ERROR - Error in Adam iteration 442: only integer tensors of a single element can be converted to an index
2025-08-27 15:00:23,623 - ERROR - Error in Adam iteration 443: only integer tensors of a single element can be converted to an index
2025-08-27 15:00:23,632 - ERROR - Error in Adam iteration 444: only integer tensors of a single element can be converted to an index
2025-08-27 15:00:23,641 - ERROR - Error in Adam iteration 445: only integer tensors of a single element can be converted to an index
2025-08-27 15:00:23,656 - ERROR - Error in Adam iteration 446: only integer tensors of a single element can be converted to an index
2025-08-27 15:00:23,667 - ERROR - Error in Adam iteration 447: only integer tensors of a single element can be converted to an index
2025-08-27 15:00:23,677 - ERROR - Error in Adam iteration 448: only integer tensors of a single element can be converted to an index
2025-08-27 15:00:23,686 - ERROR - Error in Adam iteration 449: only integer tensors of a single element can be converted to an index
2025-08-27 15:00:23,703 - ERROR - Error in Adam iteration 450: only integer tensors of a single element can be converted to an index
2025-08-27 15:00:23,714 - ERROR - Error in Adam iteration 451: only integer tensors of a single element can be converted to an index
2025-08-27 15:00:23,723 - ERROR - Error in Adam iteration 452: only integer tensors of a single element can be converted to an index
2025-08-27 15:00:23,732 - ERROR - Error in Adam iteration 453: only integer tensors of a single element can be converted to an index
2025-08-27 15:00:23,741 - ERROR - Error in Adam iteration 454: only integer tensors of a single element can be converted to an index
2025-08-27 15:00:23,750 - ERROR - Error in Adam iteration 455: only integer tensors of a single element can be converted to an index
2025-08-27 15:00:23,764 - ERROR - Error in Adam iteration 456: only integer tensors of a single element can be converted to an index
2025-08-27 15:00:23,774 - ERROR - Error in Adam iteration 457: only integer tensors of a single element can be converted to an index
2025-08-27 15:00:23,782 - ERROR - Error in Adam iteration 458: only integer tensors of a single element can be converted to an index
2025-08-27 15:00:23,793 - ERROR - Error in Adam iteration 459: only integer tensors of a single element can be converted to an index
2025-08-27 15:00:23,806 - ERROR - Error in Adam iteration 460: only integer tensors of a single element can be converted to an index
2025-08-27 15:00:23,817 - ERROR - Error in Adam iteration 461: only integer tensors of a single element can be converted to an index
2025-08-27 15:00:23,832 - ERROR - Error in Adam iteration 462: only integer tensors of a single element can be converted to an index
2025-08-27 15:00:23,842 - ERROR - Error in Adam iteration 463: only integer tensors of a single element can be converted to an index
2025-08-27 15:00:23,851 - ERROR - Error in Adam iteration 464: only integer tensors of a single element can be converted to an index
2025-08-27 15:00:23,867 - ERROR - Error in Adam iteration 465: only integer tensors of a single element can be converted to an index
2025-08-27 15:00:23,881 - ERROR - Error in Adam iteration 466: only integer tensors of a single element can be converted to an index
2025-08-27 15:00:23,891 - ERROR - Error in Adam iteration 467: only integer tensors of a single element can be converted to an index
2025-08-27 15:00:23,906 - ERROR - Error in Adam iteration 468: only integer tensors of a single element can be converted to an index
2025-08-27 15:00:23,921 - ERROR - Error in Adam iteration 469: only integer tensors of a single element can be converted to an index
2025-08-27 15:00:23,938 - ERROR - Error in Adam iteration 470: only integer tensors of a single element can be converted to an index
2025-08-27 15:00:23,950 - ERROR - Error in Adam iteration 471: only integer tensors of a single element can be converted to an index
2025-08-27 15:00:23,967 - ERROR - Error in Adam iteration 472: only integer tensors of a single element can be converted to an index
2025-08-27 15:00:23,982 - ERROR - Error in Adam iteration 473: only integer tensors of a single element can be converted to an index
2025-08-27 15:00:23,992 - ERROR - Error in Adam iteration 474: only integer tensors of a single element can be converted to an index
2025-08-27 15:00:24,008 - ERROR - Error in Adam iteration 475: only integer tensors of a single element can be converted to an index
2025-08-27 15:00:24,022 - ERROR - Error in Adam iteration 476: only integer tensors of a single element can be converted to an index
2025-08-27 15:00:24,037 - ERROR - Error in Adam iteration 477: only integer tensors of a single element can be converted to an index
2025-08-27 15:00:24,047 - ERROR - Error in Adam iteration 478: only integer tensors of a single element can be converted to an index
2025-08-27 15:00:24,060 - ERROR - Error in Adam iteration 479: only integer tensors of a single element can be converted to an index
2025-08-27 15:00:24,069 - ERROR - Error in Adam iteration 480: only integer tensors of a single element can be converted to an index
2025-08-27 15:00:24,079 - ERROR - Error in Adam iteration 481: only integer tensors of a single element can be converted to an index
2025-08-27 15:00:24,088 - ERROR - Error in Adam iteration 482: only integer tensors of a single element can be converted to an index
2025-08-27 15:00:24,102 - ERROR - Error in Adam iteration 483: only integer tensors of a single element can be converted to an index
2025-08-27 15:00:24,116 - ERROR - Error in Adam iteration 484: only integer tensors of a single element can be converted to an index
2025-08-27 15:00:24,124 - ERROR - Error in Adam iteration 485: only integer tensors of a single element can be converted to an index
2025-08-27 15:00:24,133 - ERROR - Error in Adam iteration 486: only integer tensors of a single element can be converted to an index
2025-08-27 15:00:24,142 - ERROR - Error in Adam iteration 487: only integer tensors of a single element can be converted to an index
2025-08-27 15:00:24,153 - ERROR - Error in Adam iteration 488: only integer tensors of a single element can be converted to an index
2025-08-27 15:00:24,169 - ERROR - Error in Adam iteration 489: only integer tensors of a single element can be converted to an index
2025-08-27 15:00:24,180 - ERROR - Error in Adam iteration 490: only integer tensors of a single element can be converted to an index
2025-08-27 15:00:24,189 - ERROR - Error in Adam iteration 491: only integer tensors of a single element can be converted to an index
2025-08-27 15:00:24,205 - ERROR - Error in Adam iteration 492: only integer tensors of a single element can be converted to an index
2025-08-27 15:00:24,216 - ERROR - Error in Adam iteration 493: only integer tensors of a single element can be converted to an index
2025-08-27 15:00:24,232 - ERROR - Error in Adam iteration 494: only integer tensors of a single element can be converted to an index
2025-08-27 15:00:24,241 - ERROR - Error in Adam iteration 495: only integer tensors of a single element can be converted to an index
2025-08-27 15:00:24,250 - ERROR - Error in Adam iteration 496: only integer tensors of a single element can be converted to an index
2025-08-27 15:00:24,258 - ERROR - Error in Adam iteration 497: only integer tensors of a single element can be converted to an index
2025-08-27 15:00:24,272 - ERROR - Error in Adam iteration 498: only integer tensors of a single element can be converted to an index
2025-08-27 15:00:24,282 - ERROR - Error in Adam iteration 499: only integer tensors of a single element can be converted to an index
2025-08-27 15:00:24,292 - ERROR - Error in Adam iteration 500: only integer tensors of a single element can be converted to an index
2025-08-27 15:00:24,309 - ERROR - Error in Adam iteration 501: only integer tensors of a single element can be converted to an index
2025-08-27 15:00:24,319 - ERROR - Error in Adam iteration 502: only integer tensors of a single element can be converted to an index
2025-08-27 15:00:24,329 - ERROR - Error in Adam iteration 503: only integer tensors of a single element can be converted to an index
2025-08-27 15:00:24,340 - ERROR - Error in Adam iteration 504: only integer tensors of a single element can be converted to an index
2025-08-27 15:00:24,357 - ERROR - Error in Adam iteration 505: only integer tensors of a single element can be converted to an index
2025-08-27 15:00:24,366 - ERROR - Error in Adam iteration 506: only integer tensors of a single element can be converted to an index
2025-08-27 15:00:24,374 - ERROR - Error in Adam iteration 507: only integer tensors of a single element can be converted to an index
2025-08-27 15:00:24,386 - ERROR - Error in Adam iteration 508: only integer tensors of a single element can be converted to an index
2025-08-27 15:00:24,396 - ERROR - Error in Adam iteration 509: only integer tensors of a single element can be converted to an index
2025-08-27 15:00:24,408 - ERROR - Error in Adam iteration 510: only integer tensors of a single element can be converted to an index
2025-08-27 15:00:24,424 - ERROR - Error in Adam iteration 511: only integer tensors of a single element can be converted to an index
2025-08-27 15:00:24,433 - ERROR - Error in Adam iteration 512: only integer tensors of a single element can be converted to an index
2025-08-27 15:00:24,443 - ERROR - Error in Adam iteration 513: only integer tensors of a single element can be converted to an index
2025-08-27 15:00:24,460 - ERROR - Error in Adam iteration 514: only integer tensors of a single element can be converted to an index
2025-08-27 15:00:24,471 - ERROR - Error in Adam iteration 515: only integer tensors of a single element can be converted to an index
2025-08-27 15:00:24,483 - ERROR - Error in Adam iteration 516: only integer tensors of a single element can be converted to an index
2025-08-27 15:00:24,494 - ERROR - Error in Adam iteration 517: only integer tensors of a single element can be converted to an index
2025-08-27 15:00:24,504 - ERROR - Error in Adam iteration 518: only integer tensors of a single element can be converted to an index
2025-08-27 15:00:24,521 - ERROR - Error in Adam iteration 519: only integer tensors of a single element can be converted to an index
2025-08-27 15:00:24,531 - ERROR - Error in Adam iteration 520: only integer tensors of a single element can be converted to an index
2025-08-27 15:00:24,543 - ERROR - Error in Adam iteration 521: only integer tensors of a single element can be converted to an index
2025-08-27 15:00:24,553 - ERROR - Error in Adam iteration 522: only integer tensors of a single element can be converted to an index
2025-08-27 15:00:24,563 - ERROR - Error in Adam iteration 523: only integer tensors of a single element can be converted to an index
2025-08-27 15:00:24,572 - ERROR - Error in Adam iteration 524: only integer tensors of a single element can be converted to an index
2025-08-27 15:00:24,582 - ERROR - Error in Adam iteration 525: only integer tensors of a single element can be converted to an index
2025-08-27 15:00:24,592 - ERROR - Error in Adam iteration 526: only integer tensors of a single element can be converted to an index
2025-08-27 15:00:24,606 - ERROR - Error in Adam iteration 527: only integer tensors of a single element can be converted to an index
2025-08-27 15:00:24,616 - ERROR - Error in Adam iteration 528: only integer tensors of a single element can be converted to an index
2025-08-27 15:00:24,626 - ERROR - Error in Adam iteration 529: only integer tensors of a single element can be converted to an index
2025-08-27 15:00:24,635 - ERROR - Error in Adam iteration 530: only integer tensors of a single element can be converted to an index
2025-08-27 15:00:24,646 - ERROR - Error in Adam iteration 531: only integer tensors of a single element can be converted to an index
2025-08-27 15:00:24,663 - ERROR - Error in Adam iteration 532: only integer tensors of a single element can be converted to an index
2025-08-27 15:00:24,674 - ERROR - Error in Adam iteration 533: only integer tensors of a single element can be converted to an index
2025-08-27 15:00:24,681 - ERROR - Error in Adam iteration 534: only integer tensors of a single element can be converted to an index
2025-08-27 15:00:24,689 - ERROR - Error in Adam iteration 535: only integer tensors of a single element can be converted to an index
2025-08-27 15:00:24,698 - ERROR - Error in Adam iteration 536: only integer tensors of a single element can be converted to an index
2025-08-27 15:00:24,709 - ERROR - Error in Adam iteration 537: only integer tensors of a single element can be converted to an index
2025-08-27 15:00:24,724 - ERROR - Error in Adam iteration 538: only integer tensors of a single element can be converted to an index
2025-08-27 15:00:24,732 - ERROR - Error in Adam iteration 539: only integer tensors of a single element can be converted to an index
2025-08-27 15:00:24,744 - ERROR - Error in Adam iteration 540: only integer tensors of a single element can be converted to an index
2025-08-27 15:00:24,753 - ERROR - Error in Adam iteration 541: only integer tensors of a single element can be converted to an index
2025-08-27 15:00:24,764 - ERROR - Error in Adam iteration 542: only integer tensors of a single element can be converted to an index
2025-08-27 15:00:24,776 - ERROR - Error in Adam iteration 543: only integer tensors of a single element can be converted to an index
2025-08-27 15:00:24,785 - ERROR - Error in Adam iteration 544: only integer tensors of a single element can be converted to an index
2025-08-27 15:00:24,795 - ERROR - Error in Adam iteration 545: only integer tensors of a single element can be converted to an index
2025-08-27 15:00:24,805 - ERROR - Error in Adam iteration 546: only integer tensors of a single element can be converted to an index
2025-08-27 15:00:24,813 - ERROR - Error in Adam iteration 547: only integer tensors of a single element can be converted to an index
2025-08-27 15:00:24,825 - ERROR - Error in Adam iteration 548: only integer tensors of a single element can be converted to an index
2025-08-27 15:00:24,836 - ERROR - Error in Adam iteration 549: only integer tensors of a single element can be converted to an index
2025-08-27 15:00:24,844 - ERROR - Error in Adam iteration 550: only integer tensors of a single element can be converted to an index
2025-08-27 15:00:24,856 - ERROR - Error in Adam iteration 551: only integer tensors of a single element can be converted to an index
2025-08-27 15:00:24,870 - ERROR - Error in Adam iteration 552: only integer tensors of a single element can be converted to an index
2025-08-27 15:00:24,878 - ERROR - Error in Adam iteration 553: only integer tensors of a single element can be converted to an index
2025-08-27 15:00:24,889 - ERROR - Error in Adam iteration 554: only integer tensors of a single element can be converted to an index
2025-08-27 15:00:24,898 - ERROR - Error in Adam iteration 555: only integer tensors of a single element can be converted to an index
2025-08-27 15:00:24,910 - ERROR - Error in Adam iteration 556: only integer tensors of a single element can be converted to an index
2025-08-27 15:00:24,926 - ERROR - Error in Adam iteration 557: only integer tensors of a single element can be converted to an index
2025-08-27 15:00:24,935 - ERROR - Error in Adam iteration 558: only integer tensors of a single element can be converted to an index
2025-08-27 15:00:24,947 - ERROR - Error in Adam iteration 559: only integer tensors of a single element can be converted to an index
2025-08-27 15:00:24,957 - ERROR - Error in Adam iteration 560: only integer tensors of a single element can be converted to an index
2025-08-27 15:00:24,970 - ERROR - Error in Adam iteration 561: only integer tensors of a single element can be converted to an index
2025-08-27 15:00:24,979 - ERROR - Error in Adam iteration 562: only integer tensors of a single element can be converted to an index
2025-08-27 15:00:24,990 - ERROR - Error in Adam iteration 563: only integer tensors of a single element can be converted to an index
2025-08-27 15:00:25,001 - ERROR - Error in Adam iteration 564: only integer tensors of a single element can be converted to an index
2025-08-27 15:00:25,008 - ERROR - Error in Adam iteration 565: only integer tensors of a single element can be converted to an index
2025-08-27 15:00:25,018 - ERROR - Error in Adam iteration 566: only integer tensors of a single element can be converted to an index
2025-08-27 15:00:25,036 - ERROR - Error in Adam iteration 567: only integer tensors of a single element can be converted to an index
2025-08-27 15:00:25,053 - ERROR - Error in Adam iteration 568: only integer tensors of a single element can be converted to an index
2025-08-27 15:00:25,063 - ERROR - Error in Adam iteration 569: only integer tensors of a single element can be converted to an index
2025-08-27 15:00:25,073 - ERROR - Error in Adam iteration 570: only integer tensors of a single element can be converted to an index
2025-08-27 15:00:25,092 - ERROR - Error in Adam iteration 571: only integer tensors of a single element can be converted to an index
2025-08-27 15:00:25,101 - ERROR - Error in Adam iteration 572: only integer tensors of a single element can be converted to an index
2025-08-27 15:00:25,111 - ERROR - Error in Adam iteration 573: only integer tensors of a single element can be converted to an index
2025-08-27 15:00:25,128 - ERROR - Error in Adam iteration 574: only integer tensors of a single element can be converted to an index
2025-08-27 15:00:25,139 - ERROR - Error in Adam iteration 575: only integer tensors of a single element can be converted to an index
2025-08-27 15:00:25,157 - ERROR - Error in Adam iteration 576: only integer tensors of a single element can be converted to an index
2025-08-27 15:00:25,170 - ERROR - Error in Adam iteration 577: only integer tensors of a single element can be converted to an index
2025-08-27 15:00:25,187 - ERROR - Error in Adam iteration 578: only integer tensors of a single element can be converted to an index
2025-08-27 15:00:25,197 - ERROR - Error in Adam iteration 579: only integer tensors of a single element can be converted to an index
2025-08-27 15:00:25,214 - ERROR - Error in Adam iteration 580: only integer tensors of a single element can be converted to an index
2025-08-27 15:00:25,225 - ERROR - Error in Adam iteration 581: only integer tensors of a single element can be converted to an index
2025-08-27 15:00:25,236 - ERROR - Error in Adam iteration 582: only integer tensors of a single element can be converted to an index
2025-08-27 15:00:25,250 - ERROR - Error in Adam iteration 583: only integer tensors of a single element can be converted to an index
2025-08-27 15:00:25,260 - ERROR - Error in Adam iteration 584: only integer tensors of a single element can be converted to an index
2025-08-27 15:00:25,268 - ERROR - Error in Adam iteration 585: only integer tensors of a single element can be converted to an index
2025-08-27 15:00:25,276 - ERROR - Error in Adam iteration 586: only integer tensors of a single element can be converted to an index
2025-08-27 15:00:25,294 - ERROR - Error in Adam iteration 587: only integer tensors of a single element can be converted to an index
2025-08-27 15:00:25,304 - ERROR - Error in Adam iteration 588: only integer tensors of a single element can be converted to an index
2025-08-27 15:00:25,319 - ERROR - Error in Adam iteration 589: only integer tensors of a single element can be converted to an index
2025-08-27 15:00:25,329 - ERROR - Error in Adam iteration 590: only integer tensors of a single element can be converted to an index
2025-08-27 15:00:25,339 - ERROR - Error in Adam iteration 591: only integer tensors of a single element can be converted to an index
2025-08-27 15:00:25,351 - ERROR - Error in Adam iteration 592: only integer tensors of a single element can be converted to an index
2025-08-27 15:00:25,365 - ERROR - Error in Adam iteration 593: only integer tensors of a single element can be converted to an index
2025-08-27 15:00:25,375 - ERROR - Error in Adam iteration 594: only integer tensors of a single element can be converted to an index
2025-08-27 15:00:25,383 - ERROR - Error in Adam iteration 595: only integer tensors of a single element can be converted to an index
2025-08-27 15:00:25,393 - ERROR - Error in Adam iteration 596: only integer tensors of a single element can be converted to an index
2025-08-27 15:00:25,404 - ERROR - Error in Adam iteration 597: only integer tensors of a single element can be converted to an index
2025-08-27 15:00:25,414 - ERROR - Error in Adam iteration 598: only integer tensors of a single element can be converted to an index
2025-08-27 15:00:25,424 - ERROR - Error in Adam iteration 599: only integer tensors of a single element can be converted to an index
2025-08-27 15:00:25,434 - ERROR - Error in Adam iteration 600: only integer tensors of a single element can be converted to an index
2025-08-27 15:00:25,443 - ERROR - Error in Adam iteration 601: only integer tensors of a single element can be converted to an index
2025-08-27 15:00:25,455 - ERROR - Error in Adam iteration 602: only integer tensors of a single element can be converted to an index
2025-08-27 15:00:25,468 - ERROR - Error in Adam iteration 603: only integer tensors of a single element can be converted to an index
2025-08-27 15:00:25,478 - ERROR - Error in Adam iteration 604: only integer tensors of a single element can be converted to an index
2025-08-27 15:00:25,488 - ERROR - Error in Adam iteration 605: only integer tensors of a single element can be converted to an index
2025-08-27 15:00:25,498 - ERROR - Error in Adam iteration 606: only integer tensors of a single element can be converted to an index
2025-08-27 15:00:25,508 - ERROR - Error in Adam iteration 607: only integer tensors of a single element can be converted to an index
2025-08-27 15:00:25,517 - ERROR - Error in Adam iteration 608: only integer tensors of a single element can be converted to an index
2025-08-27 15:00:25,533 - ERROR - Error in Adam iteration 609: only integer tensors of a single element can be converted to an index
2025-08-27 15:00:25,541 - ERROR - Error in Adam iteration 610: only integer tensors of a single element can be converted to an index
2025-08-27 15:00:25,551 - ERROR - Error in Adam iteration 611: only integer tensors of a single element can be converted to an index
2025-08-27 15:00:25,568 - ERROR - Error in Adam iteration 612: only integer tensors of a single element can be converted to an index
2025-08-27 15:00:25,578 - ERROR - Error in Adam iteration 613: only integer tensors of a single element can be converted to an index
2025-08-27 15:00:25,586 - ERROR - Error in Adam iteration 614: only integer tensors of a single element can be converted to an index
2025-08-27 15:00:25,598 - ERROR - Error in Adam iteration 615: only integer tensors of a single element can be converted to an index
2025-08-27 15:00:25,606 - ERROR - Error in Adam iteration 616: only integer tensors of a single element can be converted to an index
2025-08-27 15:00:25,621 - ERROR - Error in Adam iteration 617: only integer tensors of a single element can be converted to an index
2025-08-27 15:00:25,630 - ERROR - Error in Adam iteration 618: only integer tensors of a single element can be converted to an index
2025-08-27 15:00:25,639 - ERROR - Error in Adam iteration 619: only integer tensors of a single element can be converted to an index
2025-08-27 15:00:25,650 - ERROR - Error in Adam iteration 620: only integer tensors of a single element can be converted to an index
2025-08-27 15:00:25,668 - ERROR - Error in Adam iteration 621: only integer tensors of a single element can be converted to an index
2025-08-27 15:00:25,677 - ERROR - Error in Adam iteration 622: only integer tensors of a single element can be converted to an index
2025-08-27 15:00:25,688 - ERROR - Error in Adam iteration 623: only integer tensors of a single element can be converted to an index
2025-08-27 15:00:25,699 - ERROR - Error in Adam iteration 624: only integer tensors of a single element can be converted to an index
2025-08-27 15:00:25,710 - ERROR - Error in Adam iteration 625: only integer tensors of a single element can be converted to an index
2025-08-27 15:00:25,720 - ERROR - Error in Adam iteration 626: only integer tensors of a single element can be converted to an index
2025-08-27 15:00:25,734 - ERROR - Error in Adam iteration 627: only integer tensors of a single element can be converted to an index
2025-08-27 15:00:25,742 - ERROR - Error in Adam iteration 628: only integer tensors of a single element can be converted to an index
2025-08-27 15:00:25,752 - ERROR - Error in Adam iteration 629: only integer tensors of a single element can be converted to an index
2025-08-27 15:00:25,761 - ERROR - Error in Adam iteration 630: only integer tensors of a single element can be converted to an index
2025-08-27 15:00:25,770 - ERROR - Error in Adam iteration 631: only integer tensors of a single element can be converted to an index
2025-08-27 15:00:25,781 - ERROR - Error in Adam iteration 632: only integer tensors of a single element can be converted to an index
2025-08-27 15:00:25,790 - ERROR - Error in Adam iteration 633: only integer tensors of a single element can be converted to an index
2025-08-27 15:00:25,800 - ERROR - Error in Adam iteration 634: only integer tensors of a single element can be converted to an index
2025-08-27 15:00:25,812 - ERROR - Error in Adam iteration 635: only integer tensors of a single element can be converted to an index
2025-08-27 15:00:25,821 - ERROR - Error in Adam iteration 636: only integer tensors of a single element can be converted to an index
2025-08-27 15:00:25,833 - ERROR - Error in Adam iteration 637: only integer tensors of a single element can be converted to an index
2025-08-27 15:00:25,846 - ERROR - Error in Adam iteration 638: only integer tensors of a single element can be converted to an index
2025-08-27 15:00:25,856 - ERROR - Error in Adam iteration 639: only integer tensors of a single element can be converted to an index
2025-08-27 15:00:25,865 - ERROR - Error in Adam iteration 640: only integer tensors of a single element can be converted to an index
2025-08-27 15:00:25,876 - ERROR - Error in Adam iteration 641: only integer tensors of a single element can be converted to an index
2025-08-27 15:00:25,885 - ERROR - Error in Adam iteration 642: only integer tensors of a single element can be converted to an index
2025-08-27 15:00:25,899 - ERROR - Error in Adam iteration 643: only integer tensors of a single element can be converted to an index
2025-08-27 15:00:25,910 - ERROR - Error in Adam iteration 644: only integer tensors of a single element can be converted to an index
2025-08-27 15:00:25,921 - ERROR - Error in Adam iteration 645: only integer tensors of a single element can be converted to an index
2025-08-27 15:00:25,936 - ERROR - Error in Adam iteration 646: only integer tensors of a single element can be converted to an index
2025-08-27 15:00:25,948 - ERROR - Error in Adam iteration 647: only integer tensors of a single element can be converted to an index
2025-08-27 15:00:25,958 - ERROR - Error in Adam iteration 648: only integer tensors of a single element can be converted to an index
2025-08-27 15:00:25,968 - ERROR - Error in Adam iteration 649: only integer tensors of a single element can be converted to an index
2025-08-27 15:00:25,979 - ERROR - Error in Adam iteration 650: only integer tensors of a single element can be converted to an index
2025-08-27 15:00:25,990 - ERROR - Error in Adam iteration 651: only integer tensors of a single element can be converted to an index
2025-08-27 15:00:26,001 - ERROR - Error in Adam iteration 652: only integer tensors of a single element can be converted to an index
2025-08-27 15:00:26,020 - ERROR - Error in Adam iteration 653: only integer tensors of a single element can be converted to an index
2025-08-27 15:00:26,030 - ERROR - Error in Adam iteration 654: only integer tensors of a single element can be converted to an index
2025-08-27 15:00:26,042 - ERROR - Error in Adam iteration 655: only integer tensors of a single element can be converted to an index
2025-08-27 15:00:26,056 - ERROR - Error in Adam iteration 656: only integer tensors of a single element can be converted to an index
2025-08-27 15:00:26,068 - ERROR - Error in Adam iteration 657: only integer tensors of a single element can be converted to an index
2025-08-27 15:00:26,081 - ERROR - Error in Adam iteration 658: only integer tensors of a single element can be converted to an index
2025-08-27 15:00:26,098 - ERROR - Error in Adam iteration 659: only integer tensors of a single element can be converted to an index
2025-08-27 15:00:26,113 - ERROR - Error in Adam iteration 660: only integer tensors of a single element can be converted to an index
2025-08-27 15:00:26,130 - ERROR - Error in Adam iteration 661: only integer tensors of a single element can be converted to an index
2025-08-27 15:00:26,139 - ERROR - Error in Adam iteration 662: only integer tensors of a single element can be converted to an index
2025-08-27 15:00:26,153 - ERROR - Error in Adam iteration 663: only integer tensors of a single element can be converted to an index
2025-08-27 15:00:26,165 - ERROR - Error in Adam iteration 664: only integer tensors of a single element can be converted to an index
2025-08-27 15:00:26,175 - ERROR - Error in Adam iteration 665: only integer tensors of a single element can be converted to an index
2025-08-27 15:00:26,184 - ERROR - Error in Adam iteration 666: only integer tensors of a single element can be converted to an index
2025-08-27 15:00:26,201 - ERROR - Error in Adam iteration 667: only integer tensors of a single element can be converted to an index
2025-08-27 15:00:26,209 - ERROR - Error in Adam iteration 668: only integer tensors of a single element can be converted to an index
2025-08-27 15:00:26,220 - ERROR - Error in Adam iteration 669: only integer tensors of a single element can be converted to an index
2025-08-27 15:00:26,235 - ERROR - Error in Adam iteration 670: only integer tensors of a single element can be converted to an index
2025-08-27 15:00:26,249 - ERROR - Error in Adam iteration 671: only integer tensors of a single element can be converted to an index
2025-08-27 15:00:26,259 - ERROR - Error in Adam iteration 672: only integer tensors of a single element can be converted to an index
2025-08-27 15:00:26,269 - ERROR - Error in Adam iteration 673: only integer tensors of a single element can be converted to an index
2025-08-27 15:00:26,277 - ERROR - Error in Adam iteration 674: only integer tensors of a single element can be converted to an index
2025-08-27 15:00:26,286 - ERROR - Error in Adam iteration 675: only integer tensors of a single element can be converted to an index
2025-08-27 15:00:26,297 - ERROR - Error in Adam iteration 676: only integer tensors of a single element can be converted to an index
2025-08-27 15:00:26,307 - ERROR - Error in Adam iteration 677: only integer tensors of a single element can be converted to an index
2025-08-27 15:00:26,317 - ERROR - Error in Adam iteration 678: only integer tensors of a single element can be converted to an index
2025-08-27 15:00:26,334 - ERROR - Error in Adam iteration 679: only integer tensors of a single element can be converted to an index
2025-08-27 15:00:26,344 - ERROR - Error in Adam iteration 680: only integer tensors of a single element can be converted to an index
2025-08-27 15:00:26,360 - ERROR - Error in Adam iteration 681: only integer tensors of a single element can be converted to an index
2025-08-27 15:00:26,370 - ERROR - Error in Adam iteration 682: only integer tensors of a single element can be converted to an index
2025-08-27 15:00:26,381 - ERROR - Error in Adam iteration 683: only integer tensors of a single element can be converted to an index
2025-08-27 15:00:26,398 - ERROR - Error in Adam iteration 684: only integer tensors of a single element can be converted to an index
2025-08-27 15:00:26,407 - ERROR - Error in Adam iteration 685: only integer tensors of a single element can be converted to an index
2025-08-27 15:00:26,419 - ERROR - Error in Adam iteration 686: only integer tensors of a single element can be converted to an index
2025-08-27 15:00:26,432 - ERROR - Error in Adam iteration 687: only integer tensors of a single element can be converted to an index
2025-08-27 15:00:26,441 - ERROR - Error in Adam iteration 688: only integer tensors of a single element can be converted to an index
2025-08-27 15:00:26,457 - ERROR - Error in Adam iteration 689: only integer tensors of a single element can be converted to an index
2025-08-27 15:00:26,468 - ERROR - Error in Adam iteration 690: only integer tensors of a single element can be converted to an index
2025-08-27 15:00:26,478 - ERROR - Error in Adam iteration 691: only integer tensors of a single element can be converted to an index
2025-08-27 15:00:26,488 - ERROR - Error in Adam iteration 692: only integer tensors of a single element can be converted to an index
2025-08-27 15:00:26,499 - ERROR - Error in Adam iteration 693: only integer tensors of a single element can be converted to an index
2025-08-27 15:00:26,513 - ERROR - Error in Adam iteration 694: only integer tensors of a single element can be converted to an index
2025-08-27 15:00:26,527 - ERROR - Error in Adam iteration 695: only integer tensors of a single element can be converted to an index
2025-08-27 15:00:26,536 - ERROR - Error in Adam iteration 696: only integer tensors of a single element can be converted to an index
2025-08-27 15:00:26,545 - ERROR - Error in Adam iteration 697: only integer tensors of a single element can be converted to an index
2025-08-27 15:00:26,553 - ERROR - Error in Adam iteration 698: only integer tensors of a single element can be converted to an index
2025-08-27 15:00:26,566 - ERROR - Error in Adam iteration 699: only integer tensors of a single element can be converted to an index
2025-08-27 15:00:26,576 - ERROR - Error in Adam iteration 700: only integer tensors of a single element can be converted to an index
2025-08-27 15:00:26,585 - ERROR - Error in Adam iteration 701: only integer tensors of a single element can be converted to an index
2025-08-27 15:00:26,599 - ERROR - Error in Adam iteration 702: only integer tensors of a single element can be converted to an index
2025-08-27 15:00:26,609 - ERROR - Error in Adam iteration 703: only integer tensors of a single element can be converted to an index
2025-08-27 15:00:26,619 - ERROR - Error in Adam iteration 704: only integer tensors of a single element can be converted to an index
2025-08-27 15:00:26,631 - ERROR - Error in Adam iteration 705: only integer tensors of a single element can be converted to an index
2025-08-27 15:00:26,640 - ERROR - Error in Adam iteration 706: only integer tensors of a single element can be converted to an index
2025-08-27 15:00:26,650 - ERROR - Error in Adam iteration 707: only integer tensors of a single element can be converted to an index
2025-08-27 15:00:26,660 - ERROR - Error in Adam iteration 708: only integer tensors of a single element can be converted to an index
2025-08-27 15:00:26,668 - ERROR - Error in Adam iteration 709: only integer tensors of a single element can be converted to an index
2025-08-27 15:00:26,686 - ERROR - Error in Adam iteration 710: only integer tensors of a single element can be converted to an index
2025-08-27 15:00:26,694 - ERROR - Error in Adam iteration 711: only integer tensors of a single element can be converted to an index
2025-08-27 15:00:26,706 - ERROR - Error in Adam iteration 712: only integer tensors of a single element can be converted to an index
2025-08-27 15:00:26,719 - ERROR - Error in Adam iteration 713: only integer tensors of a single element can be converted to an index
2025-08-27 15:00:26,727 - ERROR - Error in Adam iteration 714: only integer tensors of a single element can be converted to an index
2025-08-27 15:00:26,738 - ERROR - Error in Adam iteration 715: only integer tensors of a single element can be converted to an index
2025-08-27 15:00:26,754 - ERROR - Error in Adam iteration 716: only integer tensors of a single element can be converted to an index
2025-08-27 15:00:26,766 - ERROR - Error in Adam iteration 717: only integer tensors of a single element can be converted to an index
2025-08-27 15:00:26,781 - ERROR - Error in Adam iteration 718: only integer tensors of a single element can be converted to an index
2025-08-27 15:00:26,791 - ERROR - Error in Adam iteration 719: only integer tensors of a single element can be converted to an index
2025-08-27 15:00:26,804 - ERROR - Error in Adam iteration 720: only integer tensors of a single element can be converted to an index
2025-08-27 15:00:26,816 - ERROR - Error in Adam iteration 721: only integer tensors of a single element can be converted to an index
2025-08-27 15:00:26,833 - ERROR - Error in Adam iteration 722: only integer tensors of a single element can be converted to an index
2025-08-27 15:00:26,841 - ERROR - Error in Adam iteration 723: only integer tensors of a single element can be converted to an index
2025-08-27 15:00:26,852 - ERROR - Error in Adam iteration 724: only integer tensors of a single element can be converted to an index
2025-08-27 15:00:26,866 - ERROR - Error in Adam iteration 725: only integer tensors of a single element can be converted to an index
2025-08-27 15:00:26,883 - ERROR - Error in Adam iteration 726: only integer tensors of a single element can be converted to an index
2025-08-27 15:00:26,892 - ERROR - Error in Adam iteration 727: only integer tensors of a single element can be converted to an index
2025-08-27 15:00:26,902 - ERROR - Error in Adam iteration 728: only integer tensors of a single element can be converted to an index
2025-08-27 15:00:26,917 - ERROR - Error in Adam iteration 729: only integer tensors of a single element can be converted to an index
2025-08-27 15:00:26,929 - ERROR - Error in Adam iteration 730: only integer tensors of a single element can be converted to an index
2025-08-27 15:00:26,939 - ERROR - Error in Adam iteration 731: only integer tensors of a single element can be converted to an index
2025-08-27 15:00:26,954 - ERROR - Error in Adam iteration 732: only integer tensors of a single element can be converted to an index
2025-08-27 15:00:26,971 - ERROR - Error in Adam iteration 733: only integer tensors of a single element can be converted to an index
2025-08-27 15:00:26,979 - ERROR - Error in Adam iteration 734: only integer tensors of a single element can be converted to an index
2025-08-27 15:00:26,989 - ERROR - Error in Adam iteration 735: only integer tensors of a single element can be converted to an index
2025-08-27 15:00:27,000 - ERROR - Error in Adam iteration 736: only integer tensors of a single element can be converted to an index
2025-08-27 15:00:27,010 - ERROR - Error in Adam iteration 737: only integer tensors of a single element can be converted to an index
2025-08-27 15:00:27,019 - ERROR - Error in Adam iteration 738: only integer tensors of a single element can be converted to an index
2025-08-27 15:00:27,027 - ERROR - Error in Adam iteration 739: only integer tensors of a single element can be converted to an index
2025-08-27 15:00:27,037 - ERROR - Error in Adam iteration 740: only integer tensors of a single element can be converted to an index
2025-08-27 15:00:27,050 - ERROR - Error in Adam iteration 741: only integer tensors of a single element can be converted to an index
2025-08-27 15:00:27,066 - ERROR - Error in Adam iteration 742: only integer tensors of a single element can be converted to an index
2025-08-27 15:00:27,074 - ERROR - Error in Adam iteration 743: only integer tensors of a single element can be converted to an index
2025-08-27 15:00:27,084 - ERROR - Error in Adam iteration 744: only integer tensors of a single element can be converted to an index
2025-08-27 15:00:27,094 - ERROR - Error in Adam iteration 745: only integer tensors of a single element can be converted to an index
2025-08-27 15:00:27,103 - ERROR - Error in Adam iteration 746: only integer tensors of a single element can be converted to an index
2025-08-27 15:00:27,112 - ERROR - Error in Adam iteration 747: only integer tensors of a single element can be converted to an index
2025-08-27 15:00:27,122 - ERROR - Error in Adam iteration 748: only integer tensors of a single element can be converted to an index
2025-08-27 15:00:27,133 - ERROR - Error in Adam iteration 749: only integer tensors of a single element can be converted to an index
2025-08-27 15:00:27,141 - ERROR - Error in Adam iteration 750: only integer tensors of a single element can be converted to an index
2025-08-27 15:00:27,152 - ERROR - Error in Adam iteration 751: only integer tensors of a single element can be converted to an index
2025-08-27 15:00:27,169 - ERROR - Error in Adam iteration 752: only integer tensors of a single element can be converted to an index
2025-08-27 15:00:27,178 - ERROR - Error in Adam iteration 753: only integer tensors of a single element can be converted to an index
2025-08-27 15:00:27,188 - ERROR - Error in Adam iteration 754: only integer tensors of a single element can be converted to an index
2025-08-27 15:00:27,204 - ERROR - Error in Adam iteration 755: only integer tensors of a single element can be converted to an index
2025-08-27 15:00:27,218 - ERROR - Error in Adam iteration 756: only integer tensors of a single element can be converted to an index
2025-08-27 15:00:27,235 - ERROR - Error in Adam iteration 757: only integer tensors of a single element can be converted to an index
2025-08-27 15:00:27,246 - ERROR - Error in Adam iteration 758: only integer tensors of a single element can be converted to an index
2025-08-27 15:00:27,257 - ERROR - Error in Adam iteration 759: only integer tensors of a single element can be converted to an index
2025-08-27 15:00:27,267 - ERROR - Error in Adam iteration 760: only integer tensors of a single element can be converted to an index
2025-08-27 15:00:27,277 - ERROR - Error in Adam iteration 761: only integer tensors of a single element can be converted to an index
2025-08-27 15:00:27,287 - ERROR - Error in Adam iteration 762: only integer tensors of a single element can be converted to an index
2025-08-27 15:00:27,301 - ERROR - Error in Adam iteration 763: only integer tensors of a single element can be converted to an index
2025-08-27 15:00:27,311 - ERROR - Error in Adam iteration 764: only integer tensors of a single element can be converted to an index
2025-08-27 15:00:27,320 - ERROR - Error in Adam iteration 765: only integer tensors of a single element can be converted to an index
2025-08-27 15:00:27,329 - ERROR - Error in Adam iteration 766: only integer tensors of a single element can be converted to an index
2025-08-27 15:00:27,346 - ERROR - Error in Adam iteration 767: only integer tensors of a single element can be converted to an index
2025-08-27 15:00:27,356 - ERROR - Error in Adam iteration 768: only integer tensors of a single element can be converted to an index
2025-08-27 15:00:27,366 - ERROR - Error in Adam iteration 769: only integer tensors of a single element can be converted to an index
2025-08-27 15:00:27,385 - ERROR - Error in Adam iteration 770: only integer tensors of a single element can be converted to an index
2025-08-27 15:00:27,403 - ERROR - Error in Adam iteration 771: only integer tensors of a single element can be converted to an index
2025-08-27 15:00:27,421 - ERROR - Error in Adam iteration 772: only integer tensors of a single element can be converted to an index
2025-08-27 15:00:27,432 - ERROR - Error in Adam iteration 773: only integer tensors of a single element can be converted to an index
2025-08-27 15:00:27,441 - ERROR - Error in Adam iteration 774: only integer tensors of a single element can be converted to an index
2025-08-27 15:00:27,453 - ERROR - Error in Adam iteration 775: only integer tensors of a single element can be converted to an index
2025-08-27 15:00:27,465 - ERROR - Error in Adam iteration 776: only integer tensors of a single element can be converted to an index
2025-08-27 15:00:27,482 - ERROR - Error in Adam iteration 777: only integer tensors of a single element can be converted to an index
2025-08-27 15:00:27,491 - ERROR - Error in Adam iteration 778: only integer tensors of a single element can be converted to an index
2025-08-27 15:00:27,502 - ERROR - Error in Adam iteration 779: only integer tensors of a single element can be converted to an index
2025-08-27 15:00:27,519 - ERROR - Error in Adam iteration 780: only integer tensors of a single element can be converted to an index
2025-08-27 15:00:27,532 - ERROR - Error in Adam iteration 781: only integer tensors of a single element can be converted to an index
2025-08-27 15:00:27,549 - ERROR - Error in Adam iteration 782: only integer tensors of a single element can be converted to an index
2025-08-27 15:00:27,557 - ERROR - Error in Adam iteration 783: only integer tensors of a single element can be converted to an index
2025-08-27 15:00:27,573 - ERROR - Error in Adam iteration 784: only integer tensors of a single element can be converted to an index
2025-08-27 15:00:27,587 - ERROR - Error in Adam iteration 785: only integer tensors of a single element can be converted to an index
2025-08-27 15:00:27,598 - ERROR - Error in Adam iteration 786: only integer tensors of a single element can be converted to an index
2025-08-27 15:00:27,608 - ERROR - Error in Adam iteration 787: only integer tensors of a single element can be converted to an index
2025-08-27 15:00:27,616 - ERROR - Error in Adam iteration 788: only integer tensors of a single element can be converted to an index
2025-08-27 15:00:27,624 - ERROR - Error in Adam iteration 789: only integer tensors of a single element can be converted to an index
2025-08-27 15:00:27,633 - ERROR - Error in Adam iteration 790: only integer tensors of a single element can be converted to an index
2025-08-27 15:00:27,650 - ERROR - Error in Adam iteration 791: only integer tensors of a single element can be converted to an index
2025-08-27 15:00:27,659 - ERROR - Error in Adam iteration 792: only integer tensors of a single element can be converted to an index
2025-08-27 15:00:27,673 - ERROR - Error in Adam iteration 793: only integer tensors of a single element can be converted to an index
2025-08-27 15:00:27,684 - ERROR - Error in Adam iteration 794: only integer tensors of a single element can be converted to an index
2025-08-27 15:00:27,697 - ERROR - Error in Adam iteration 795: only integer tensors of a single element can be converted to an index
2025-08-27 15:00:27,709 - ERROR - Error in Adam iteration 796: only integer tensors of a single element can be converted to an index
2025-08-27 15:00:27,729 - ERROR - Error in Adam iteration 797: only integer tensors of a single element can be converted to an index
2025-08-27 15:00:27,752 - ERROR - Error in Adam iteration 798: only integer tensors of a single element can be converted to an index
2025-08-27 15:00:27,770 - ERROR - Error in Adam iteration 799: only integer tensors of a single element can be converted to an index
2025-08-27 15:00:27,783 - ERROR - Error in Adam iteration 800: only integer tensors of a single element can be converted to an index
2025-08-27 15:00:27,791 - ERROR - Error in Adam iteration 801: only integer tensors of a single element can be converted to an index
2025-08-27 15:00:27,801 - ERROR - Error in Adam iteration 802: only integer tensors of a single element can be converted to an index
2025-08-27 15:00:27,813 - ERROR - Error in Adam iteration 803: only integer tensors of a single element can be converted to an index
2025-08-27 15:00:27,826 - ERROR - Error in Adam iteration 804: only integer tensors of a single element can be converted to an index
2025-08-27 15:00:27,837 - ERROR - Error in Adam iteration 805: only integer tensors of a single element can be converted to an index
2025-08-27 15:00:27,850 - ERROR - Error in Adam iteration 806: only integer tensors of a single element can be converted to an index
2025-08-27 15:00:27,867 - ERROR - Error in Adam iteration 807: only integer tensors of a single element can be converted to an index
2025-08-27 15:00:27,876 - ERROR - Error in Adam iteration 808: only integer tensors of a single element can be converted to an index
2025-08-27 15:00:27,885 - ERROR - Error in Adam iteration 809: only integer tensors of a single element can be converted to an index
2025-08-27 15:00:27,900 - ERROR - Error in Adam iteration 810: only integer tensors of a single element can be converted to an index
2025-08-27 15:00:27,910 - ERROR - Error in Adam iteration 811: only integer tensors of a single element can be converted to an index
2025-08-27 15:00:27,920 - ERROR - Error in Adam iteration 812: only integer tensors of a single element can be converted to an index
2025-08-27 15:00:27,932 - ERROR - Error in Adam iteration 813: only integer tensors of a single element can be converted to an index
2025-08-27 15:00:27,943 - ERROR - Error in Adam iteration 814: only integer tensors of a single element can be converted to an index
2025-08-27 15:00:27,954 - ERROR - Error in Adam iteration 815: only integer tensors of a single element can be converted to an index
2025-08-27 15:00:27,966 - ERROR - Error in Adam iteration 816: only integer tensors of a single element can be converted to an index
2025-08-27 15:00:27,976 - ERROR - Error in Adam iteration 817: only integer tensors of a single element can be converted to an index
2025-08-27 15:00:27,986 - ERROR - Error in Adam iteration 818: only integer tensors of a single element can be converted to an index
2025-08-27 15:00:27,999 - ERROR - Error in Adam iteration 819: only integer tensors of a single element can be converted to an index
2025-08-27 15:00:28,009 - ERROR - Error in Adam iteration 820: only integer tensors of a single element can be converted to an index
2025-08-27 15:00:28,019 - ERROR - Error in Adam iteration 821: only integer tensors of a single element can be converted to an index
2025-08-27 15:00:28,032 - ERROR - Error in Adam iteration 822: only integer tensors of a single element can be converted to an index
2025-08-27 15:00:28,043 - ERROR - Error in Adam iteration 823: only integer tensors of a single element can be converted to an index
2025-08-27 15:00:28,052 - ERROR - Error in Adam iteration 824: only integer tensors of a single element can be converted to an index
2025-08-27 15:00:28,070 - ERROR - Error in Adam iteration 825: only integer tensors of a single element can be converted to an index
2025-08-27 15:00:28,087 - ERROR - Error in Adam iteration 826: only integer tensors of a single element can be converted to an index
2025-08-27 15:00:28,101 - ERROR - Error in Adam iteration 827: only integer tensors of a single element can be converted to an index
2025-08-27 15:00:28,121 - ERROR - Error in Adam iteration 828: only integer tensors of a single element can be converted to an index
2025-08-27 15:00:28,137 - ERROR - Error in Adam iteration 829: only integer tensors of a single element can be converted to an index
2025-08-27 15:00:28,152 - ERROR - Error in Adam iteration 830: only integer tensors of a single element can be converted to an index
2025-08-27 15:00:28,168 - ERROR - Error in Adam iteration 831: only integer tensors of a single element can be converted to an index
2025-08-27 15:00:28,184 - ERROR - Error in Adam iteration 832: only integer tensors of a single element can be converted to an index
2025-08-27 15:00:28,201 - ERROR - Error in Adam iteration 833: only integer tensors of a single element can be converted to an index
2025-08-27 15:00:28,218 - ERROR - Error in Adam iteration 834: only integer tensors of a single element can be converted to an index
2025-08-27 15:00:28,235 - ERROR - Error in Adam iteration 835: only integer tensors of a single element can be converted to an index
2025-08-27 15:00:28,251 - ERROR - Error in Adam iteration 836: only integer tensors of a single element can be converted to an index
2025-08-27 15:00:28,267 - ERROR - Error in Adam iteration 837: only integer tensors of a single element can be converted to an index
2025-08-27 15:00:28,280 - ERROR - Error in Adam iteration 838: only integer tensors of a single element can be converted to an index
2025-08-27 15:00:28,292 - ERROR - Error in Adam iteration 839: only integer tensors of a single element can be converted to an index
2025-08-27 15:00:28,309 - ERROR - Error in Adam iteration 840: only integer tensors of a single element can be converted to an index
2025-08-27 15:00:28,320 - ERROR - Error in Adam iteration 841: only integer tensors of a single element can be converted to an index
2025-08-27 15:00:28,338 - ERROR - Error in Adam iteration 842: only integer tensors of a single element can be converted to an index
2025-08-27 15:00:28,357 - ERROR - Error in Adam iteration 843: only integer tensors of a single element can be converted to an index
2025-08-27 15:00:28,371 - ERROR - Error in Adam iteration 844: only integer tensors of a single element can be converted to an index
2025-08-27 15:00:28,390 - ERROR - Error in Adam iteration 845: only integer tensors of a single element can be converted to an index
2025-08-27 15:00:28,407 - ERROR - Error in Adam iteration 846: only integer tensors of a single element can be converted to an index
2025-08-27 15:00:28,443 - ERROR - Error in Adam iteration 847: only integer tensors of a single element can be converted to an index
2025-08-27 15:00:28,455 - ERROR - Error in Adam iteration 848: only integer tensors of a single element can be converted to an index
2025-08-27 15:00:28,467 - ERROR - Error in Adam iteration 849: only integer tensors of a single element can be converted to an index
2025-08-27 15:00:28,485 - ERROR - Error in Adam iteration 850: only integer tensors of a single element can be converted to an index
2025-08-27 15:00:28,499 - ERROR - Error in Adam iteration 851: only integer tensors of a single element can be converted to an index
2025-08-27 15:00:28,517 - ERROR - Error in Adam iteration 852: only integer tensors of a single element can be converted to an index
2025-08-27 15:00:28,525 - ERROR - Error in Adam iteration 853: only integer tensors of a single element can be converted to an index
2025-08-27 15:00:28,536 - ERROR - Error in Adam iteration 854: only integer tensors of a single element can be converted to an index
2025-08-27 15:00:28,552 - ERROR - Error in Adam iteration 855: only integer tensors of a single element can be converted to an index
2025-08-27 15:00:28,565 - ERROR - Error in Adam iteration 856: only integer tensors of a single element can be converted to an index
2025-08-27 15:00:28,575 - ERROR - Error in Adam iteration 857: only integer tensors of a single element can be converted to an index
2025-08-27 15:00:28,586 - ERROR - Error in Adam iteration 858: only integer tensors of a single element can be converted to an index
2025-08-27 15:00:28,600 - ERROR - Error in Adam iteration 859: only integer tensors of a single element can be converted to an index
2025-08-27 15:00:28,609 - ERROR - Error in Adam iteration 860: only integer tensors of a single element can be converted to an index
2025-08-27 15:00:28,620 - ERROR - Error in Adam iteration 861: only integer tensors of a single element can be converted to an index
2025-08-27 15:00:28,633 - ERROR - Error in Adam iteration 862: only integer tensors of a single element can be converted to an index
2025-08-27 15:00:28,649 - ERROR - Error in Adam iteration 863: only integer tensors of a single element can be converted to an index
2025-08-27 15:00:28,660 - ERROR - Error in Adam iteration 864: only integer tensors of a single element can be converted to an index
2025-08-27 15:00:28,672 - ERROR - Error in Adam iteration 865: only integer tensors of a single element can be converted to an index
2025-08-27 15:00:28,687 - ERROR - Error in Adam iteration 866: only integer tensors of a single element can be converted to an index
2025-08-27 15:00:28,703 - ERROR - Error in Adam iteration 867: only integer tensors of a single element can be converted to an index
2025-08-27 15:00:28,717 - ERROR - Error in Adam iteration 868: only integer tensors of a single element can be converted to an index
2025-08-27 15:00:28,737 - ERROR - Error in Adam iteration 869: only integer tensors of a single element can be converted to an index
2025-08-27 15:00:28,750 - ERROR - Error in Adam iteration 870: only integer tensors of a single element can be converted to an index
2025-08-27 15:00:28,760 - ERROR - Error in Adam iteration 871: only integer tensors of a single element can be converted to an index
2025-08-27 15:00:28,769 - ERROR - Error in Adam iteration 872: only integer tensors of a single element can be converted to an index
2025-08-27 15:00:28,783 - ERROR - Error in Adam iteration 873: only integer tensors of a single element can be converted to an index
2025-08-27 15:00:28,799 - ERROR - Error in Adam iteration 874: only integer tensors of a single element can be converted to an index
2025-08-27 15:00:28,809 - ERROR - Error in Adam iteration 875: only integer tensors of a single element can be converted to an index
2025-08-27 15:00:28,821 - ERROR - Error in Adam iteration 876: only integer tensors of a single element can be converted to an index
2025-08-27 15:00:28,833 - ERROR - Error in Adam iteration 877: only integer tensors of a single element can be converted to an index
2025-08-27 15:00:28,843 - ERROR - Error in Adam iteration 878: only integer tensors of a single element can be converted to an index
2025-08-27 15:00:28,859 - ERROR - Error in Adam iteration 879: only integer tensors of a single element can be converted to an index
2025-08-27 15:00:28,869 - ERROR - Error in Adam iteration 880: only integer tensors of a single element can be converted to an index
2025-08-27 15:00:28,881 - ERROR - Error in Adam iteration 881: only integer tensors of a single element can be converted to an index
2025-08-27 15:00:28,894 - ERROR - Error in Adam iteration 882: only integer tensors of a single element can be converted to an index
2025-08-27 15:00:28,904 - ERROR - Error in Adam iteration 883: only integer tensors of a single element can be converted to an index
2025-08-27 15:00:28,916 - ERROR - Error in Adam iteration 884: only integer tensors of a single element can be converted to an index
2025-08-27 15:00:28,925 - ERROR - Error in Adam iteration 885: only integer tensors of a single element can be converted to an index
2025-08-27 15:00:28,934 - ERROR - Error in Adam iteration 886: only integer tensors of a single element can be converted to an index
2025-08-27 15:00:28,949 - ERROR - Error in Adam iteration 887: only integer tensors of a single element can be converted to an index
2025-08-27 15:00:28,960 - ERROR - Error in Adam iteration 888: only integer tensors of a single element can be converted to an index
2025-08-27 15:00:28,969 - ERROR - Error in Adam iteration 889: only integer tensors of a single element can be converted to an index
2025-08-27 15:00:28,982 - ERROR - Error in Adam iteration 890: only integer tensors of a single element can be converted to an index
2025-08-27 15:00:28,992 - ERROR - Error in Adam iteration 891: only integer tensors of a single element can be converted to an index
2025-08-27 15:00:29,000 - ERROR - Error in Adam iteration 892: only integer tensors of a single element can be converted to an index
2025-08-27 15:00:29,016 - ERROR - Error in Adam iteration 893: only integer tensors of a single element can be converted to an index
2025-08-27 15:00:29,026 - ERROR - Error in Adam iteration 894: only integer tensors of a single element can be converted to an index
2025-08-27 15:00:29,039 - ERROR - Error in Adam iteration 895: only integer tensors of a single element can be converted to an index
2025-08-27 15:00:29,049 - ERROR - Error in Adam iteration 896: only integer tensors of a single element can be converted to an index
2025-08-27 15:00:29,057 - ERROR - Error in Adam iteration 897: only integer tensors of a single element can be converted to an index
2025-08-27 15:00:29,068 - ERROR - Error in Adam iteration 898: only integer tensors of a single element can be converted to an index
2025-08-27 15:00:29,083 - ERROR - Error in Adam iteration 899: only integer tensors of a single element can be converted to an index
2025-08-27 15:00:29,099 - ERROR - Error in Adam iteration 900: only integer tensors of a single element can be converted to an index
2025-08-27 15:00:29,112 - ERROR - Error in Adam iteration 901: only integer tensors of a single element can be converted to an index
2025-08-27 15:00:29,122 - ERROR - Error in Adam iteration 902: only integer tensors of a single element can be converted to an index
2025-08-27 15:00:29,135 - ERROR - Error in Adam iteration 903: only integer tensors of a single element can be converted to an index
2025-08-27 15:00:29,147 - ERROR - Error in Adam iteration 904: only integer tensors of a single element can be converted to an index
2025-08-27 15:00:29,156 - ERROR - Error in Adam iteration 905: only integer tensors of a single element can be converted to an index
2025-08-27 15:00:29,169 - ERROR - Error in Adam iteration 906: only integer tensors of a single element can be converted to an index
2025-08-27 15:00:29,183 - ERROR - Error in Adam iteration 907: only integer tensors of a single element can be converted to an index
2025-08-27 15:00:29,201 - ERROR - Error in Adam iteration 908: only integer tensors of a single element can be converted to an index
2025-08-27 15:00:29,216 - ERROR - Error in Adam iteration 909: only integer tensors of a single element can be converted to an index
2025-08-27 15:00:29,226 - ERROR - Error in Adam iteration 910: only integer tensors of a single element can be converted to an index
2025-08-27 15:00:29,237 - ERROR - Error in Adam iteration 911: only integer tensors of a single element can be converted to an index
2025-08-27 15:00:29,250 - ERROR - Error in Adam iteration 912: only integer tensors of a single element can be converted to an index
2025-08-27 15:00:29,261 - ERROR - Error in Adam iteration 913: only integer tensors of a single element can be converted to an index
2025-08-27 15:00:29,276 - ERROR - Error in Adam iteration 914: only integer tensors of a single element can be converted to an index
2025-08-27 15:00:29,288 - ERROR - Error in Adam iteration 915: only integer tensors of a single element can be converted to an index
2025-08-27 15:00:29,300 - ERROR - Error in Adam iteration 916: only integer tensors of a single element can be converted to an index
2025-08-27 15:00:29,317 - ERROR - Error in Adam iteration 917: only integer tensors of a single element can be converted to an index
2025-08-27 15:00:29,335 - ERROR - Error in Adam iteration 918: only integer tensors of a single element can be converted to an index
2025-08-27 15:00:29,348 - ERROR - Error in Adam iteration 919: only integer tensors of a single element can be converted to an index
2025-08-27 15:00:29,366 - ERROR - Error in Adam iteration 920: only integer tensors of a single element can be converted to an index
2025-08-27 15:00:29,377 - ERROR - Error in Adam iteration 921: only integer tensors of a single element can be converted to an index
2025-08-27 15:00:29,391 - ERROR - Error in Adam iteration 922: only integer tensors of a single element can be converted to an index
2025-08-27 15:00:29,401 - ERROR - Error in Adam iteration 923: only integer tensors of a single element can be converted to an index
2025-08-27 15:00:29,416 - ERROR - Error in Adam iteration 924: only integer tensors of a single element can be converted to an index
2025-08-27 15:00:29,433 - ERROR - Error in Adam iteration 925: only integer tensors of a single element can be converted to an index
2025-08-27 15:00:29,449 - ERROR - Error in Adam iteration 926: only integer tensors of a single element can be converted to an index
2025-08-27 15:00:29,467 - ERROR - Error in Adam iteration 927: only integer tensors of a single element can be converted to an index
2025-08-27 15:00:29,485 - ERROR - Error in Adam iteration 928: only integer tensors of a single element can be converted to an index
2025-08-27 15:00:29,502 - ERROR - Error in Adam iteration 929: only integer tensors of a single element can be converted to an index
2025-08-27 15:00:29,520 - ERROR - Error in Adam iteration 930: only integer tensors of a single element can be converted to an index
2025-08-27 15:00:29,538 - ERROR - Error in Adam iteration 931: only integer tensors of a single element can be converted to an index
2025-08-27 15:00:29,551 - ERROR - Error in Adam iteration 932: only integer tensors of a single element can be converted to an index
2025-08-27 15:00:29,569 - ERROR - Error in Adam iteration 933: only integer tensors of a single element can be converted to an index
2025-08-27 15:00:29,582 - ERROR - Error in Adam iteration 934: only integer tensors of a single element can be converted to an index
2025-08-27 15:00:29,597 - ERROR - Error in Adam iteration 935: only integer tensors of a single element can be converted to an index
2025-08-27 15:00:29,604 - INFO - Training interrupted by user
2025-08-27 15:00:29,608 - INFO - Checkpoint saved: checkpoints\checkpoint_interrupted_0.pth
2025-08-27 15:00:29,608 - INFO - Training completed in 11.94 seconds
2025-08-27 15:00:29,608 - INFO - Final best loss: inf
2025-08-27 15:02:59,429 - INFO - Using GPU: cuda:0
2025-08-27 15:02:59,497 - WARNING - Found NaN values in outputs, filling with zeros
2025-08-27 15:02:59,499 - INFO - Loaded 100000 samples from data\train_data.csv
2025-08-27 15:02:59,516 - WARNING - Found NaN values in outputs, filling with zeros
2025-08-27 15:02:59,517 - INFO - Loaded 20000 samples from data\test_data.csv
2025-08-27 15:02:59,655 - INFO - Loaded datasets: train=100000, test=20000, physics=10000
2025-08-27 15:02:59,734 - INFO - PINN trainer initialized on device: cuda:0
2025-08-27 15:02:59,734 - INFO - Starting Adam optimization phase...
2025-08-27 15:03:00,459 - ERROR - Error in Adam iteration 0: only integer tensors of a single element can be converted to an index
2025-08-27 15:03:00,546 - ERROR - Error in Adam iteration 1: only integer tensors of a single element can be converted to an index
2025-08-27 15:03:00,558 - ERROR - Error in Adam iteration 2: only integer tensors of a single element can be converted to an index
2025-08-27 15:03:00,566 - ERROR - Error in Adam iteration 3: only integer tensors of a single element can be converted to an index
2025-08-27 15:03:00,577 - ERROR - Error in Adam iteration 4: only integer tensors of a single element can be converted to an index
2025-08-27 15:03:00,589 - ERROR - Error in Adam iteration 5: only integer tensors of a single element can be converted to an index
2025-08-27 15:03:00,597 - ERROR - Error in Adam iteration 6: only integer tensors of a single element can be converted to an index
2025-08-27 15:03:00,612 - ERROR - Error in Adam iteration 7: only integer tensors of a single element can be converted to an index
2025-08-27 15:03:00,621 - ERROR - Error in Adam iteration 8: only integer tensors of a single element can be converted to an index
2025-08-27 15:03:00,630 - ERROR - Error in Adam iteration 9: only integer tensors of a single element can be converted to an index
2025-08-27 15:03:00,641 - ERROR - Error in Adam iteration 10: only integer tensors of a single element can be converted to an index
2025-08-27 15:03:00,650 - ERROR - Error in Adam iteration 11: only integer tensors of a single element can be converted to an index
2025-08-27 15:03:00,662 - ERROR - Error in Adam iteration 12: only integer tensors of a single element can be converted to an index
2025-08-27 15:03:00,671 - ERROR - Error in Adam iteration 13: only integer tensors of a single element can be converted to an index
2025-08-27 15:03:00,681 - ERROR - Error in Adam iteration 14: only integer tensors of a single element can be converted to an index
2025-08-27 15:03:00,691 - ERROR - Error in Adam iteration 15: only integer tensors of a single element can be converted to an index
2025-08-27 15:03:00,701 - ERROR - Error in Adam iteration 16: only integer tensors of a single element can be converted to an index
2025-08-27 15:03:00,710 - ERROR - Error in Adam iteration 17: only integer tensors of a single element can be converted to an index
2025-08-27 15:03:00,720 - ERROR - Error in Adam iteration 18: only integer tensors of a single element can be converted to an index
2025-08-27 15:03:00,728 - ERROR - Error in Adam iteration 19: only integer tensors of a single element can be converted to an index
2025-08-27 15:03:00,736 - ERROR - Error in Adam iteration 20: only integer tensors of a single element can be converted to an index
2025-08-27 15:03:00,752 - ERROR - Error in Adam iteration 21: only integer tensors of a single element can be converted to an index
2025-08-27 15:03:00,761 - ERROR - Error in Adam iteration 22: only integer tensors of a single element can be converted to an index
2025-08-27 15:03:00,769 - ERROR - Error in Adam iteration 23: only integer tensors of a single element can be converted to an index
2025-08-27 15:03:00,785 - ERROR - Error in Adam iteration 24: only integer tensors of a single element can be converted to an index
2025-08-27 15:03:00,796 - ERROR - Error in Adam iteration 25: only integer tensors of a single element can be converted to an index
2025-08-27 15:03:00,807 - ERROR - Error in Adam iteration 26: only integer tensors of a single element can be converted to an index
2025-08-27 15:03:00,816 - ERROR - Error in Adam iteration 27: only integer tensors of a single element can be converted to an index
2025-08-27 15:03:00,830 - ERROR - Error in Adam iteration 28: only integer tensors of a single element can be converted to an index
2025-08-27 15:03:00,840 - ERROR - Error in Adam iteration 29: only integer tensors of a single element can be converted to an index
2025-08-27 15:03:00,854 - ERROR - Error in Adam iteration 30: only integer tensors of a single element can be converted to an index
2025-08-27 15:03:00,863 - ERROR - Error in Adam iteration 31: only integer tensors of a single element can be converted to an index
2025-08-27 15:03:00,872 - ERROR - Error in Adam iteration 32: only integer tensors of a single element can be converted to an index
2025-08-27 15:03:00,883 - ERROR - Error in Adam iteration 33: only integer tensors of a single element can be converted to an index
2025-08-27 15:03:00,898 - ERROR - Error in Adam iteration 34: only integer tensors of a single element can be converted to an index
2025-08-27 15:03:00,914 - ERROR - Error in Adam iteration 35: only integer tensors of a single element can be converted to an index
2025-08-27 15:03:00,924 - ERROR - Error in Adam iteration 36: only integer tensors of a single element can be converted to an index
2025-08-27 15:03:00,933 - ERROR - Error in Adam iteration 37: only integer tensors of a single element can be converted to an index
2025-08-27 15:03:00,945 - ERROR - Error in Adam iteration 38: only integer tensors of a single element can be converted to an index
2025-08-27 15:03:00,964 - ERROR - Error in Adam iteration 39: only integer tensors of a single element can be converted to an index
2025-08-27 15:03:00,974 - ERROR - Error in Adam iteration 40: only integer tensors of a single element can be converted to an index
2025-08-27 15:03:00,985 - ERROR - Error in Adam iteration 41: only integer tensors of a single element can be converted to an index
2025-08-27 15:03:00,995 - ERROR - Error in Adam iteration 42: only integer tensors of a single element can be converted to an index
2025-08-27 15:03:01,007 - ERROR - Error in Adam iteration 43: only integer tensors of a single element can be converted to an index
2025-08-27 15:03:01,015 - ERROR - Error in Adam iteration 44: only integer tensors of a single element can be converted to an index
2025-08-27 15:03:01,024 - ERROR - Error in Adam iteration 45: only integer tensors of a single element can be converted to an index
2025-08-27 15:03:01,039 - ERROR - Error in Adam iteration 46: only integer tensors of a single element can be converted to an index
2025-08-27 15:03:01,052 - ERROR - Error in Adam iteration 47: only integer tensors of a single element can be converted to an index
2025-08-27 15:03:01,061 - ERROR - Error in Adam iteration 48: only integer tensors of a single element can be converted to an index
2025-08-27 15:03:01,070 - ERROR - Error in Adam iteration 49: only integer tensors of a single element can be converted to an index
2025-08-27 15:03:01,081 - ERROR - Error in Adam iteration 50: only integer tensors of a single element can be converted to an index
2025-08-27 15:03:01,089 - ERROR - Error in Adam iteration 51: only integer tensors of a single element can be converted to an index
2025-08-27 15:03:01,098 - ERROR - Error in Adam iteration 52: only integer tensors of a single element can be converted to an index
2025-08-27 15:03:01,106 - ERROR - Error in Adam iteration 53: only integer tensors of a single element can be converted to an index
2025-08-27 15:03:01,117 - ERROR - Error in Adam iteration 54: only integer tensors of a single element can be converted to an index
2025-08-27 15:03:01,126 - ERROR - Error in Adam iteration 55: only integer tensors of a single element can be converted to an index
2025-08-27 15:03:01,135 - ERROR - Error in Adam iteration 56: only integer tensors of a single element can be converted to an index
2025-08-27 15:03:01,143 - ERROR - Error in Adam iteration 57: only integer tensors of a single element can be converted to an index
2025-08-27 15:03:01,152 - ERROR - Error in Adam iteration 58: only integer tensors of a single element can be converted to an index
2025-08-27 15:03:01,162 - ERROR - Error in Adam iteration 59: only integer tensors of a single element can be converted to an index
2025-08-27 15:03:01,172 - ERROR - Error in Adam iteration 60: only integer tensors of a single element can be converted to an index
2025-08-27 15:03:01,183 - ERROR - Error in Adam iteration 61: only integer tensors of a single element can be converted to an index
2025-08-27 15:03:01,196 - ERROR - Error in Adam iteration 62: only integer tensors of a single element can be converted to an index
2025-08-27 15:03:01,205 - ERROR - Error in Adam iteration 63: only integer tensors of a single element can be converted to an index
2025-08-27 15:03:01,214 - ERROR - Error in Adam iteration 64: only integer tensors of a single element can be converted to an index
2025-08-27 15:03:01,228 - ERROR - Error in Adam iteration 65: only integer tensors of a single element can be converted to an index
2025-08-27 15:03:01,239 - ERROR - Error in Adam iteration 66: only integer tensors of a single element can be converted to an index
2025-08-27 15:03:01,255 - ERROR - Error in Adam iteration 67: only integer tensors of a single element can be converted to an index
2025-08-27 15:03:01,264 - ERROR - Error in Adam iteration 68: only integer tensors of a single element can be converted to an index
2025-08-27 15:03:01,273 - ERROR - Error in Adam iteration 69: only integer tensors of a single element can be converted to an index
2025-08-27 15:03:01,284 - ERROR - Error in Adam iteration 70: only integer tensors of a single element can be converted to an index
2025-08-27 15:03:01,301 - ERROR - Error in Adam iteration 71: only integer tensors of a single element can be converted to an index
2025-08-27 15:03:01,312 - ERROR - Error in Adam iteration 72: only integer tensors of a single element can be converted to an index
2025-08-27 15:03:01,323 - ERROR - Error in Adam iteration 73: only integer tensors of a single element can be converted to an index
2025-08-27 15:03:01,334 - ERROR - Error in Adam iteration 74: only integer tensors of a single element can be converted to an index
2025-08-27 15:03:01,353 - ERROR - Error in Adam iteration 75: only integer tensors of a single element can be converted to an index
2025-08-27 15:03:01,369 - ERROR - Error in Adam iteration 76: only integer tensors of a single element can be converted to an index
2025-08-27 15:03:01,384 - ERROR - Error in Adam iteration 77: only integer tensors of a single element can be converted to an index
2025-08-27 15:03:01,395 - ERROR - Error in Adam iteration 78: only integer tensors of a single element can be converted to an index
2025-08-27 15:03:01,404 - ERROR - Error in Adam iteration 79: only integer tensors of a single element can be converted to an index
2025-08-27 15:03:01,414 - ERROR - Error in Adam iteration 80: only integer tensors of a single element can be converted to an index
2025-08-27 15:03:01,425 - ERROR - Error in Adam iteration 81: only integer tensors of a single element can be converted to an index
2025-08-27 15:03:01,433 - ERROR - Error in Adam iteration 82: only integer tensors of a single element can be converted to an index
2025-08-27 15:03:01,444 - ERROR - Error in Adam iteration 83: only integer tensors of a single element can be converted to an index
2025-08-27 15:03:01,462 - ERROR - Error in Adam iteration 84: only integer tensors of a single element can be converted to an index
2025-08-27 15:03:01,478 - ERROR - Error in Adam iteration 85: only integer tensors of a single element can be converted to an index
2025-08-27 15:03:01,487 - ERROR - Error in Adam iteration 86: only integer tensors of a single element can be converted to an index
2025-08-27 15:03:01,498 - ERROR - Error in Adam iteration 87: only integer tensors of a single element can be converted to an index
2025-08-27 15:03:01,509 - ERROR - Error in Adam iteration 88: only integer tensors of a single element can be converted to an index
2025-08-27 15:03:01,518 - ERROR - Error in Adam iteration 89: only integer tensors of a single element can be converted to an index
2025-08-27 15:03:01,527 - ERROR - Error in Adam iteration 90: only integer tensors of a single element can be converted to an index
2025-08-27 15:03:01,539 - ERROR - Error in Adam iteration 91: only integer tensors of a single element can be converted to an index
2025-08-27 15:03:01,556 - ERROR - Error in Adam iteration 92: only integer tensors of a single element can be converted to an index
2025-08-27 15:03:01,564 - ERROR - Error in Adam iteration 93: only integer tensors of a single element can be converted to an index
2025-08-27 15:03:01,574 - ERROR - Error in Adam iteration 94: only integer tensors of a single element can be converted to an index
2025-08-27 15:03:01,582 - ERROR - Error in Adam iteration 95: only integer tensors of a single element can be converted to an index
2025-08-27 15:03:01,593 - ERROR - Error in Adam iteration 96: only integer tensors of a single element can be converted to an index
2025-08-27 15:03:01,604 - ERROR - Error in Adam iteration 97: only integer tensors of a single element can be converted to an index
2025-08-27 15:03:01,614 - ERROR - Error in Adam iteration 98: only integer tensors of a single element can be converted to an index
2025-08-27 15:03:01,632 - ERROR - Error in Adam iteration 99: only integer tensors of a single element can be converted to an index
2025-08-27 15:03:01,642 - ERROR - Error in Adam iteration 100: only integer tensors of a single element can be converted to an index
2025-08-27 15:03:01,650 - ERROR - Error in Adam iteration 101: only integer tensors of a single element can be converted to an index
2025-08-27 15:03:01,661 - ERROR - Error in Adam iteration 102: only integer tensors of a single element can be converted to an index
2025-08-27 15:03:01,678 - ERROR - Error in Adam iteration 103: only integer tensors of a single element can be converted to an index
2025-08-27 15:03:01,688 - ERROR - Error in Adam iteration 104: only integer tensors of a single element can be converted to an index
2025-08-27 15:03:01,699 - ERROR - Error in Adam iteration 105: only integer tensors of a single element can be converted to an index
2025-08-27 15:03:01,714 - ERROR - Error in Adam iteration 106: only integer tensors of a single element can be converted to an index
2025-08-27 15:03:01,724 - ERROR - Error in Adam iteration 107: only integer tensors of a single element can be converted to an index
2025-08-27 15:03:01,738 - ERROR - Error in Adam iteration 108: only integer tensors of a single element can be converted to an index
2025-08-27 15:03:01,749 - ERROR - Error in Adam iteration 109: only integer tensors of a single element can be converted to an index
2025-08-27 15:03:01,766 - ERROR - Error in Adam iteration 110: only integer tensors of a single element can be converted to an index
2025-08-27 15:03:01,777 - ERROR - Error in Adam iteration 111: only integer tensors of a single element can be converted to an index
2025-08-27 15:03:01,790 - ERROR - Error in Adam iteration 112: only integer tensors of a single element can be converted to an index
2025-08-27 15:03:01,800 - ERROR - Error in Adam iteration 113: only integer tensors of a single element can be converted to an index
2025-08-27 15:03:01,812 - ERROR - Error in Adam iteration 114: only integer tensors of a single element can be converted to an index
2025-08-27 15:03:01,825 - ERROR - Error in Adam iteration 115: only integer tensors of a single element can be converted to an index
2025-08-27 15:03:01,834 - ERROR - Error in Adam iteration 116: only integer tensors of a single element can be converted to an index
2025-08-27 15:03:01,849 - ERROR - Error in Adam iteration 117: only integer tensors of a single element can be converted to an index
2025-08-27 15:03:01,859 - ERROR - Error in Adam iteration 118: only integer tensors of a single element can be converted to an index
2025-08-27 15:03:01,868 - ERROR - Error in Adam iteration 119: only integer tensors of a single element can be converted to an index
2025-08-27 15:03:01,876 - ERROR - Error in Adam iteration 120: only integer tensors of a single element can be converted to an index
2025-08-27 15:03:01,887 - ERROR - Error in Adam iteration 121: only integer tensors of a single element can be converted to an index
2025-08-27 15:03:01,900 - ERROR - Error in Adam iteration 122: only integer tensors of a single element can be converted to an index
2025-08-27 15:03:01,912 - ERROR - Error in Adam iteration 123: only integer tensors of a single element can be converted to an index
2025-08-27 15:03:01,925 - ERROR - Error in Adam iteration 124: only integer tensors of a single element can be converted to an index
2025-08-27 15:03:01,935 - ERROR - Error in Adam iteration 125: only integer tensors of a single element can be converted to an index
2025-08-27 15:03:01,945 - ERROR - Error in Adam iteration 126: only integer tensors of a single element can be converted to an index
2025-08-27 15:03:01,960 - ERROR - Error in Adam iteration 127: only integer tensors of a single element can be converted to an index
2025-08-27 15:03:01,968 - ERROR - Error in Adam iteration 128: only integer tensors of a single element can be converted to an index
2025-08-27 15:03:01,977 - ERROR - Error in Adam iteration 129: only integer tensors of a single element can be converted to an index
2025-08-27 15:03:01,987 - ERROR - Error in Adam iteration 130: only integer tensors of a single element can be converted to an index
2025-08-27 15:03:02,001 - ERROR - Error in Adam iteration 131: only integer tensors of a single element can be converted to an index
2025-08-27 15:03:02,008 - ERROR - Error in Adam iteration 132: only integer tensors of a single element can be converted to an index
2025-08-27 15:03:02,016 - ERROR - Error in Adam iteration 133: only integer tensors of a single element can be converted to an index
2025-08-27 15:03:02,026 - ERROR - Error in Adam iteration 134: only integer tensors of a single element can be converted to an index
2025-08-27 15:03:02,034 - ERROR - Error in Adam iteration 135: only integer tensors of a single element can be converted to an index
2025-08-27 15:03:02,045 - ERROR - Error in Adam iteration 136: only integer tensors of a single element can be converted to an index
2025-08-27 15:03:02,061 - ERROR - Error in Adam iteration 137: only integer tensors of a single element can be converted to an index
2025-08-27 15:03:02,070 - ERROR - Error in Adam iteration 138: only integer tensors of a single element can be converted to an index
2025-08-27 15:03:02,077 - ERROR - Error in Adam iteration 139: only integer tensors of a single element can be converted to an index
2025-08-27 15:03:02,085 - ERROR - Error in Adam iteration 140: only integer tensors of a single element can be converted to an index
2025-08-27 15:03:02,095 - ERROR - Error in Adam iteration 141: only integer tensors of a single element can be converted to an index
2025-08-27 15:03:02,104 - ERROR - Error in Adam iteration 142: only integer tensors of a single element can be converted to an index
2025-08-27 15:03:02,114 - ERROR - Error in Adam iteration 143: only integer tensors of a single element can be converted to an index
2025-08-27 15:03:02,124 - ERROR - Error in Adam iteration 144: only integer tensors of a single element can be converted to an index
2025-08-27 15:03:02,132 - ERROR - Error in Adam iteration 145: only integer tensors of a single element can be converted to an index
2025-08-27 15:03:02,142 - ERROR - Error in Adam iteration 146: only integer tensors of a single element can be converted to an index
2025-08-27 15:03:02,150 - ERROR - Error in Adam iteration 147: only integer tensors of a single element can be converted to an index
2025-08-27 15:03:02,159 - ERROR - Error in Adam iteration 148: only integer tensors of a single element can be converted to an index
2025-08-27 15:03:02,169 - ERROR - Error in Adam iteration 149: only integer tensors of a single element can be converted to an index
2025-08-27 15:03:02,179 - ERROR - Error in Adam iteration 150: only integer tensors of a single element can be converted to an index
2025-08-27 15:03:02,190 - ERROR - Error in Adam iteration 151: only integer tensors of a single element can be converted to an index
2025-08-27 15:03:02,199 - ERROR - Error in Adam iteration 152: only integer tensors of a single element can be converted to an index
2025-08-27 15:03:02,211 - ERROR - Error in Adam iteration 153: only integer tensors of a single element can be converted to an index
2025-08-27 15:03:02,221 - ERROR - Error in Adam iteration 154: only integer tensors of a single element can be converted to an index
2025-08-27 15:03:02,230 - ERROR - Error in Adam iteration 155: only integer tensors of a single element can be converted to an index
2025-08-27 15:03:02,246 - ERROR - Error in Adam iteration 156: only integer tensors of a single element can be converted to an index
2025-08-27 15:03:02,262 - ERROR - Error in Adam iteration 157: only integer tensors of a single element can be converted to an index
2025-08-27 15:03:02,273 - ERROR - Error in Adam iteration 158: only integer tensors of a single element can be converted to an index
2025-08-27 15:03:02,282 - ERROR - Error in Adam iteration 159: only integer tensors of a single element can be converted to an index
2025-08-27 15:03:02,298 - ERROR - Error in Adam iteration 160: only integer tensors of a single element can be converted to an index
2025-08-27 15:03:02,308 - ERROR - Error in Adam iteration 161: only integer tensors of a single element can be converted to an index
2025-08-27 15:03:02,316 - ERROR - Error in Adam iteration 162: only integer tensors of a single element can be converted to an index
2025-08-27 15:03:02,325 - ERROR - Error in Adam iteration 163: only integer tensors of a single element can be converted to an index
2025-08-27 15:03:02,333 - ERROR - Error in Adam iteration 164: only integer tensors of a single element can be converted to an index
2025-08-27 15:03:02,342 - ERROR - Error in Adam iteration 165: only integer tensors of a single element can be converted to an index
2025-08-27 15:03:02,360 - ERROR - Error in Adam iteration 166: only integer tensors of a single element can be converted to an index
2025-08-27 15:03:02,368 - ERROR - Error in Adam iteration 167: only integer tensors of a single element can be converted to an index
2025-08-27 15:03:02,378 - ERROR - Error in Adam iteration 168: only integer tensors of a single element can be converted to an index
2025-08-27 15:03:02,392 - ERROR - Error in Adam iteration 169: only integer tensors of a single element can be converted to an index
2025-08-27 15:03:02,406 - ERROR - Error in Adam iteration 170: only integer tensors of a single element can be converted to an index
2025-08-27 15:03:02,415 - ERROR - Error in Adam iteration 171: only integer tensors of a single element can be converted to an index
2025-08-27 15:03:02,432 - ERROR - Error in Adam iteration 172: only integer tensors of a single element can be converted to an index
2025-08-27 15:03:02,447 - ERROR - Error in Adam iteration 173: only integer tensors of a single element can be converted to an index
2025-08-27 15:03:02,464 - ERROR - Error in Adam iteration 174: only integer tensors of a single element can be converted to an index
2025-08-27 15:03:02,473 - ERROR - Error in Adam iteration 175: only integer tensors of a single element can be converted to an index
2025-08-27 15:03:02,484 - ERROR - Error in Adam iteration 176: only integer tensors of a single element can be converted to an index
2025-08-27 15:03:02,495 - ERROR - Error in Adam iteration 177: only integer tensors of a single element can be converted to an index
2025-08-27 15:03:02,507 - ERROR - Error in Adam iteration 178: only integer tensors of a single element can be converted to an index
2025-08-27 15:03:02,522 - ERROR - Error in Adam iteration 179: only integer tensors of a single element can be converted to an index
2025-08-27 15:03:02,532 - ERROR - Error in Adam iteration 180: only integer tensors of a single element can be converted to an index
2025-08-27 15:03:02,542 - ERROR - Error in Adam iteration 181: only integer tensors of a single element can be converted to an index
2025-08-27 15:03:02,554 - ERROR - Error in Adam iteration 182: only integer tensors of a single element can be converted to an index
2025-08-27 15:03:02,568 - ERROR - Error in Adam iteration 183: only integer tensors of a single element can be converted to an index
2025-08-27 15:03:02,576 - ERROR - Error in Adam iteration 184: only integer tensors of a single element can be converted to an index
2025-08-27 15:03:02,592 - ERROR - Error in Adam iteration 185: only integer tensors of a single element can be converted to an index
2025-08-27 15:03:02,601 - ERROR - Error in Adam iteration 186: only integer tensors of a single element can be converted to an index
2025-08-27 15:03:02,609 - ERROR - Error in Adam iteration 187: only integer tensors of a single element can be converted to an index
2025-08-27 15:03:02,620 - ERROR - Error in Adam iteration 188: only integer tensors of a single element can be converted to an index
2025-08-27 15:03:02,632 - ERROR - Error in Adam iteration 189: only integer tensors of a single element can be converted to an index
2025-08-27 15:03:02,640 - ERROR - Error in Adam iteration 190: only integer tensors of a single element can be converted to an index
2025-08-27 15:03:02,656 - ERROR - Error in Adam iteration 191: only integer tensors of a single element can be converted to an index
2025-08-27 15:03:02,666 - ERROR - Error in Adam iteration 192: only integer tensors of a single element can be converted to an index
2025-08-27 15:03:02,675 - ERROR - Error in Adam iteration 193: only integer tensors of a single element can be converted to an index
2025-08-27 15:03:02,687 - ERROR - Error in Adam iteration 194: only integer tensors of a single element can be converted to an index
2025-08-27 15:03:02,704 - ERROR - Error in Adam iteration 195: only integer tensors of a single element can be converted to an index
2025-08-27 15:03:02,713 - ERROR - Error in Adam iteration 196: only integer tensors of a single element can be converted to an index
2025-08-27 15:03:02,722 - ERROR - Error in Adam iteration 197: only integer tensors of a single element can be converted to an index
2025-08-27 15:03:02,729 - ERROR - Error in Adam iteration 198: only integer tensors of a single element can be converted to an index
2025-08-27 15:03:02,739 - ERROR - Error in Adam iteration 199: only integer tensors of a single element can be converted to an index
2025-08-27 15:03:02,755 - ERROR - Error in Adam iteration 200: only integer tensors of a single element can be converted to an index
2025-08-27 15:03:02,763 - ERROR - Error in Adam iteration 201: only integer tensors of a single element can be converted to an index
2025-08-27 15:03:02,773 - ERROR - Error in Adam iteration 202: only integer tensors of a single element can be converted to an index
2025-08-27 15:03:02,781 - ERROR - Error in Adam iteration 203: only integer tensors of a single element can be converted to an index
2025-08-27 15:03:02,790 - ERROR - Error in Adam iteration 204: only integer tensors of a single element can be converted to an index
2025-08-27 15:03:02,803 - ERROR - Error in Adam iteration 205: only integer tensors of a single element can be converted to an index
2025-08-27 15:03:02,814 - ERROR - Error in Adam iteration 206: only integer tensors of a single element can be converted to an index
2025-08-27 15:03:02,824 - ERROR - Error in Adam iteration 207: only integer tensors of a single element can be converted to an index
2025-08-27 15:03:02,833 - ERROR - Error in Adam iteration 208: only integer tensors of a single element can be converted to an index
2025-08-27 15:03:02,848 - ERROR - Error in Adam iteration 209: only integer tensors of a single element can be converted to an index
2025-08-27 15:03:02,862 - ERROR - Error in Adam iteration 210: only integer tensors of a single element can be converted to an index
2025-08-27 15:03:02,877 - ERROR - Error in Adam iteration 211: only integer tensors of a single element can be converted to an index
2025-08-27 15:03:02,894 - ERROR - Error in Adam iteration 212: only integer tensors of a single element can be converted to an index
2025-08-27 15:03:02,910 - ERROR - Error in Adam iteration 213: only integer tensors of a single element can be converted to an index
2025-08-27 15:03:02,924 - ERROR - Error in Adam iteration 214: only integer tensors of a single element can be converted to an index
2025-08-27 15:03:02,933 - ERROR - Error in Adam iteration 215: only integer tensors of a single element can be converted to an index
2025-08-27 15:03:02,943 - ERROR - Error in Adam iteration 216: only integer tensors of a single element can be converted to an index
2025-08-27 15:03:02,951 - ERROR - Error in Adam iteration 217: only integer tensors of a single element can be converted to an index
2025-08-27 15:03:02,961 - ERROR - Error in Adam iteration 218: only integer tensors of a single element can be converted to an index
2025-08-27 15:03:02,974 - ERROR - Error in Adam iteration 219: only integer tensors of a single element can be converted to an index
2025-08-27 15:03:02,982 - ERROR - Error in Adam iteration 220: only integer tensors of a single element can be converted to an index
2025-08-27 15:03:02,990 - ERROR - Error in Adam iteration 221: only integer tensors of a single element can be converted to an index
2025-08-27 15:03:02,999 - ERROR - Error in Adam iteration 222: only integer tensors of a single element can be converted to an index
2025-08-27 15:03:03,008 - ERROR - Error in Adam iteration 223: only integer tensors of a single element can be converted to an index
2025-08-27 15:03:03,019 - ERROR - Error in Adam iteration 224: only integer tensors of a single element can be converted to an index
2025-08-27 15:03:03,029 - ERROR - Error in Adam iteration 225: only integer tensors of a single element can be converted to an index
2025-08-27 15:03:03,038 - ERROR - Error in Adam iteration 226: only integer tensors of a single element can be converted to an index
2025-08-27 15:03:03,045 - ERROR - Error in Adam iteration 227: only integer tensors of a single element can be converted to an index
2025-08-27 15:03:03,054 - ERROR - Error in Adam iteration 228: only integer tensors of a single element can be converted to an index
2025-08-27 15:03:03,064 - ERROR - Error in Adam iteration 229: only integer tensors of a single element can be converted to an index
2025-08-27 15:03:03,075 - ERROR - Error in Adam iteration 230: only integer tensors of a single element can be converted to an index
2025-08-27 15:03:03,086 - ERROR - Error in Adam iteration 231: only integer tensors of a single element can be converted to an index
2025-08-27 15:03:03,102 - ERROR - Error in Adam iteration 232: only integer tensors of a single element can be converted to an index
2025-08-27 15:03:03,116 - ERROR - Error in Adam iteration 233: only integer tensors of a single element can be converted to an index
2025-08-27 15:03:03,124 - ERROR - Error in Adam iteration 234: only integer tensors of a single element can be converted to an index
2025-08-27 15:03:03,135 - ERROR - Error in Adam iteration 235: only integer tensors of a single element can be converted to an index
2025-08-27 15:03:03,146 - ERROR - Error in Adam iteration 236: only integer tensors of a single element can be converted to an index
2025-08-27 15:03:03,160 - ERROR - Error in Adam iteration 237: only integer tensors of a single element can be converted to an index
2025-08-27 15:03:03,168 - ERROR - Error in Adam iteration 238: only integer tensors of a single element can be converted to an index
2025-08-27 15:03:03,179 - ERROR - Error in Adam iteration 239: only integer tensors of a single element can be converted to an index
2025-08-27 15:03:03,193 - ERROR - Error in Adam iteration 240: only integer tensors of a single element can be converted to an index
2025-08-27 15:03:03,201 - ERROR - Error in Adam iteration 241: only integer tensors of a single element can be converted to an index
2025-08-27 15:03:03,211 - ERROR - Error in Adam iteration 242: only integer tensors of a single element can be converted to an index
2025-08-27 15:03:03,220 - ERROR - Error in Adam iteration 243: only integer tensors of a single element can be converted to an index
2025-08-27 15:03:03,231 - ERROR - Error in Adam iteration 244: only integer tensors of a single element can be converted to an index
2025-08-27 15:03:03,242 - ERROR - Error in Adam iteration 245: only integer tensors of a single element can be converted to an index
2025-08-27 15:03:03,250 - ERROR - Error in Adam iteration 246: only integer tensors of a single element can be converted to an index
2025-08-27 15:03:03,261 - ERROR - Error in Adam iteration 247: only integer tensors of a single element can be converted to an index
2025-08-27 15:03:03,272 - ERROR - Error in Adam iteration 248: only integer tensors of a single element can be converted to an index
2025-08-27 15:03:03,281 - ERROR - Error in Adam iteration 249: only integer tensors of a single element can be converted to an index
2025-08-27 15:03:03,292 - ERROR - Error in Adam iteration 250: only integer tensors of a single element can be converted to an index
2025-08-27 15:03:03,302 - ERROR - Error in Adam iteration 251: only integer tensors of a single element can be converted to an index
2025-08-27 15:03:03,314 - ERROR - Error in Adam iteration 252: only integer tensors of a single element can be converted to an index
2025-08-27 15:03:03,333 - ERROR - Error in Adam iteration 253: only integer tensors of a single element can be converted to an index
2025-08-27 15:03:03,346 - ERROR - Error in Adam iteration 254: only integer tensors of a single element can be converted to an index
2025-08-27 15:03:03,361 - ERROR - Error in Adam iteration 255: only integer tensors of a single element can be converted to an index
2025-08-27 15:03:03,379 - ERROR - Error in Adam iteration 256: only integer tensors of a single element can be converted to an index
2025-08-27 15:03:03,395 - ERROR - Error in Adam iteration 257: only integer tensors of a single element can be converted to an index
2025-08-27 15:03:03,405 - ERROR - Error in Adam iteration 258: only integer tensors of a single element can be converted to an index
2025-08-27 15:03:03,412 - ERROR - Error in Adam iteration 259: only integer tensors of a single element can be converted to an index
2025-08-27 15:03:03,423 - ERROR - Error in Adam iteration 260: only integer tensors of a single element can be converted to an index
2025-08-27 15:03:03,431 - ERROR - Error in Adam iteration 261: only integer tensors of a single element can be converted to an index
2025-08-27 15:03:03,441 - ERROR - Error in Adam iteration 262: only integer tensors of a single element can be converted to an index
2025-08-27 15:03:03,450 - ERROR - Error in Adam iteration 263: only integer tensors of a single element can be converted to an index
2025-08-27 15:03:03,466 - ERROR - Error in Adam iteration 264: only integer tensors of a single element can be converted to an index
2025-08-27 15:03:03,476 - ERROR - Error in Adam iteration 265: only integer tensors of a single element can be converted to an index
2025-08-27 15:03:03,486 - ERROR - Error in Adam iteration 266: only integer tensors of a single element can be converted to an index
2025-08-27 15:03:03,497 - ERROR - Error in Adam iteration 267: only integer tensors of a single element can be converted to an index
2025-08-27 15:03:03,514 - ERROR - Error in Adam iteration 268: only integer tensors of a single element can be converted to an index
2025-08-27 15:03:03,527 - ERROR - Error in Adam iteration 269: only integer tensors of a single element can be converted to an index
2025-08-27 15:03:03,537 - ERROR - Error in Adam iteration 270: only integer tensors of a single element can be converted to an index
2025-08-27 15:03:03,552 - ERROR - Error in Adam iteration 271: only integer tensors of a single element can be converted to an index
2025-08-27 15:03:03,561 - ERROR - Error in Adam iteration 272: only integer tensors of a single element can be converted to an index
2025-08-27 15:03:03,568 - ERROR - Error in Adam iteration 273: only integer tensors of a single element can be converted to an index
2025-08-27 15:03:03,577 - ERROR - Error in Adam iteration 274: only integer tensors of a single element can be converted to an index
2025-08-27 15:03:03,586 - ERROR - Error in Adam iteration 275: only integer tensors of a single element can be converted to an index
2025-08-27 15:03:03,595 - ERROR - Error in Adam iteration 276: only integer tensors of a single element can be converted to an index
2025-08-27 15:03:03,606 - ERROR - Error in Adam iteration 277: only integer tensors of a single element can be converted to an index
2025-08-27 15:03:03,619 - ERROR - Error in Adam iteration 278: only integer tensors of a single element can be converted to an index
2025-08-27 15:03:03,629 - ERROR - Error in Adam iteration 279: only integer tensors of a single element can be converted to an index
2025-08-27 15:03:03,638 - ERROR - Error in Adam iteration 280: only integer tensors of a single element can be converted to an index
2025-08-27 15:03:03,652 - ERROR - Error in Adam iteration 281: only integer tensors of a single element can be converted to an index
2025-08-27 15:03:03,660 - ERROR - Error in Adam iteration 282: only integer tensors of a single element can be converted to an index
2025-08-27 15:03:03,668 - ERROR - Error in Adam iteration 283: only integer tensors of a single element can be converted to an index
2025-08-27 15:03:03,676 - ERROR - Error in Adam iteration 284: only integer tensors of a single element can be converted to an index
2025-08-27 15:03:03,688 - ERROR - Error in Adam iteration 285: only integer tensors of a single element can be converted to an index
2025-08-27 15:03:03,698 - ERROR - Error in Adam iteration 286: only integer tensors of a single element can be converted to an index
2025-08-27 15:03:03,711 - ERROR - Error in Adam iteration 287: only integer tensors of a single element can be converted to an index
2025-08-27 15:03:03,719 - ERROR - Error in Adam iteration 288: only integer tensors of a single element can be converted to an index
2025-08-27 15:03:03,730 - ERROR - Error in Adam iteration 289: only integer tensors of a single element can be converted to an index
2025-08-27 15:03:03,740 - ERROR - Error in Adam iteration 290: only integer tensors of a single element can be converted to an index
2025-08-27 15:03:03,752 - ERROR - Error in Adam iteration 291: only integer tensors of a single element can be converted to an index
2025-08-27 15:03:03,763 - ERROR - Error in Adam iteration 292: only integer tensors of a single element can be converted to an index
2025-08-27 15:03:03,772 - ERROR - Error in Adam iteration 293: only integer tensors of a single element can be converted to an index
2025-08-27 15:03:03,780 - ERROR - Error in Adam iteration 294: only integer tensors of a single element can be converted to an index
2025-08-27 15:03:03,789 - ERROR - Error in Adam iteration 295: only integer tensors of a single element can be converted to an index
2025-08-27 15:03:03,799 - ERROR - Error in Adam iteration 296: only integer tensors of a single element can be converted to an index
2025-08-27 15:03:03,807 - ERROR - Error in Adam iteration 297: only integer tensors of a single element can be converted to an index
2025-08-27 15:03:03,815 - ERROR - Error in Adam iteration 298: only integer tensors of a single element can be converted to an index
2025-08-27 15:03:03,827 - ERROR - Error in Adam iteration 299: only integer tensors of a single element can be converted to an index
2025-08-27 15:03:03,836 - ERROR - Error in Adam iteration 300: only integer tensors of a single element can be converted to an index
2025-08-27 15:03:03,853 - ERROR - Error in Adam iteration 301: only integer tensors of a single element can be converted to an index
2025-08-27 15:03:03,863 - ERROR - Error in Adam iteration 302: only integer tensors of a single element can be converted to an index
2025-08-27 15:03:03,871 - ERROR - Error in Adam iteration 303: only integer tensors of a single element can be converted to an index
2025-08-27 15:03:03,878 - ERROR - Error in Adam iteration 304: only integer tensors of a single element can be converted to an index
2025-08-27 15:03:03,887 - ERROR - Error in Adam iteration 305: only integer tensors of a single element can be converted to an index
2025-08-27 15:03:03,899 - ERROR - Error in Adam iteration 306: only integer tensors of a single element can be converted to an index
2025-08-27 15:03:03,909 - ERROR - Error in Adam iteration 307: only integer tensors of a single element can be converted to an index
2025-08-27 15:03:03,920 - ERROR - Error in Adam iteration 308: only integer tensors of a single element can be converted to an index
2025-08-27 15:03:03,929 - ERROR - Error in Adam iteration 309: only integer tensors of a single element can be converted to an index
2025-08-27 15:03:03,939 - ERROR - Error in Adam iteration 310: only integer tensors of a single element can be converted to an index
2025-08-27 15:03:03,954 - ERROR - Error in Adam iteration 311: only integer tensors of a single element can be converted to an index
2025-08-27 15:03:03,963 - ERROR - Error in Adam iteration 312: only integer tensors of a single element can be converted to an index
2025-08-27 15:03:03,978 - ERROR - Error in Adam iteration 313: only integer tensors of a single element can be converted to an index
2025-08-27 15:03:03,987 - ERROR - Error in Adam iteration 314: only integer tensors of a single element can be converted to an index
2025-08-27 15:03:04,001 - ERROR - Error in Adam iteration 315: only integer tensors of a single element can be converted to an index
2025-08-27 15:03:04,011 - ERROR - Error in Adam iteration 316: only integer tensors of a single element can be converted to an index
2025-08-27 15:03:04,027 - ERROR - Error in Adam iteration 317: only integer tensors of a single element can be converted to an index
2025-08-27 15:03:04,035 - ERROR - Error in Adam iteration 318: only integer tensors of a single element can be converted to an index
2025-08-27 15:03:04,047 - ERROR - Error in Adam iteration 319: only integer tensors of a single element can be converted to an index
2025-08-27 15:03:04,060 - ERROR - Error in Adam iteration 320: only integer tensors of a single element can be converted to an index
2025-08-27 15:03:04,069 - ERROR - Error in Adam iteration 321: only integer tensors of a single element can be converted to an index
2025-08-27 15:03:04,078 - ERROR - Error in Adam iteration 322: only integer tensors of a single element can be converted to an index
2025-08-27 15:03:04,095 - ERROR - Error in Adam iteration 323: only integer tensors of a single element can be converted to an index
2025-08-27 15:03:04,107 - ERROR - Error in Adam iteration 324: only integer tensors of a single element can be converted to an index
2025-08-27 15:03:04,116 - ERROR - Error in Adam iteration 325: only integer tensors of a single element can be converted to an index
2025-08-27 15:03:04,129 - ERROR - Error in Adam iteration 326: only integer tensors of a single element can be converted to an index
2025-08-27 15:03:04,138 - ERROR - Error in Adam iteration 327: only integer tensors of a single element can be converted to an index
2025-08-27 15:03:04,147 - ERROR - Error in Adam iteration 328: only integer tensors of a single element can be converted to an index
2025-08-27 15:03:04,157 - ERROR - Error in Adam iteration 329: only integer tensors of a single element can be converted to an index
2025-08-27 15:03:04,170 - ERROR - Error in Adam iteration 330: only integer tensors of a single element can be converted to an index
2025-08-27 15:03:04,180 - ERROR - Error in Adam iteration 331: only integer tensors of a single element can be converted to an index
2025-08-27 15:03:04,197 - ERROR - Error in Adam iteration 332: only integer tensors of a single element can be converted to an index
2025-08-27 15:03:04,209 - ERROR - Error in Adam iteration 333: only integer tensors of a single element can be converted to an index
2025-08-27 15:03:04,225 - ERROR - Error in Adam iteration 334: only integer tensors of a single element can be converted to an index
2025-08-27 15:03:04,236 - ERROR - Error in Adam iteration 335: only integer tensors of a single element can be converted to an index
2025-08-27 15:03:04,245 - ERROR - Error in Adam iteration 336: only integer tensors of a single element can be converted to an index
2025-08-27 15:03:04,255 - ERROR - Error in Adam iteration 337: only integer tensors of a single element can be converted to an index
2025-08-27 15:03:04,266 - ERROR - Error in Adam iteration 338: only integer tensors of a single element can be converted to an index
2025-08-27 15:03:04,279 - ERROR - Error in Adam iteration 339: only integer tensors of a single element can be converted to an index
2025-08-27 15:03:04,296 - ERROR - Error in Adam iteration 340: only integer tensors of a single element can be converted to an index
2025-08-27 15:03:04,313 - ERROR - Error in Adam iteration 341: only integer tensors of a single element can be converted to an index
2025-08-27 15:03:04,329 - ERROR - Error in Adam iteration 342: only integer tensors of a single element can be converted to an index
2025-08-27 15:03:04,347 - ERROR - Error in Adam iteration 343: only integer tensors of a single element can be converted to an index
2025-08-27 15:03:04,363 - ERROR - Error in Adam iteration 344: only integer tensors of a single element can be converted to an index
2025-08-27 15:03:04,372 - ERROR - Error in Adam iteration 345: only integer tensors of a single element can be converted to an index
2025-08-27 15:03:04,381 - ERROR - Error in Adam iteration 346: only integer tensors of a single element can be converted to an index
2025-08-27 15:03:04,396 - ERROR - Error in Adam iteration 347: only integer tensors of a single element can be converted to an index
2025-08-27 15:03:04,405 - ERROR - Error in Adam iteration 348: only integer tensors of a single element can be converted to an index
2025-08-27 15:03:04,406 - INFO - Training interrupted by user
2025-08-27 15:03:04,409 - INFO - Checkpoint saved: checkpoints\checkpoint_interrupted_0.pth
2025-08-27 15:03:04,409 - INFO - Training completed in 4.67 seconds
2025-08-27 15:03:04,409 - INFO - Final best loss: inf
2025-08-27 15:03:57,899 - INFO - Using GPU: cuda:0
2025-08-27 15:03:57,967 - WARNING - Found NaN values in outputs, filling with zeros
2025-08-27 15:03:57,969 - INFO - Loaded 100000 samples from data\train_data.csv
2025-08-27 15:03:57,985 - WARNING - Found NaN values in outputs, filling with zeros
2025-08-27 15:03:57,986 - INFO - Loaded 20000 samples from data\test_data.csv
2025-08-27 15:03:58,122 - INFO - Loaded datasets: train=100000, test=20000, physics=10000
2025-08-27 15:03:58,199 - INFO - PINN trainer initialized on device: cuda:0
2025-08-27 15:03:58,199 - INFO - Starting Adam optimization phase...
2025-08-27 15:03:58,940 - ERROR - Training failed with error: only integer tensors of a single element can be converted to an index
2025-08-27 15:03:58,940 - INFO - Training completed in 0.74 seconds
2025-08-27 15:03:58,940 - INFO - Final best loss: inf
2025-08-27 15:05:12,114 - INFO - Using GPU: cuda:0
2025-08-27 15:05:12,184 - WARNING - Found NaN values in outputs, filling with zeros
2025-08-27 15:05:12,186 - INFO - Loaded 100000 samples from data\train_data.csv
2025-08-27 15:05:12,203 - WARNING - Found NaN values in outputs, filling with zeros
2025-08-27 15:05:12,203 - INFO - Loaded 20000 samples from data\test_data.csv
2025-08-27 15:05:12,343 - INFO - Loaded datasets: train=100000, test=20000, physics=10000
2025-08-27 15:05:12,422 - INFO - PINN trainer initialized on device: cuda:0
2025-08-27 15:05:12,423 - INFO - Starting Adam optimization phase...
2025-08-27 15:05:13,151 - ERROR - Training failed with error: only one element tensors can be converted to Python scalars
2025-08-27 15:05:13,151 - INFO - Training completed in 0.73 seconds
2025-08-27 15:05:13,152 - INFO - Final best loss: inf
2025-08-27 15:05:56,287 - INFO - Using GPU: cuda:0
2025-08-27 15:05:56,356 - WARNING - Found NaN values in outputs, filling with zeros
2025-08-27 15:05:56,358 - INFO - Loaded 100000 samples from data\train_data.csv
2025-08-27 15:05:56,375 - WARNING - Found NaN values in outputs, filling with zeros
2025-08-27 15:05:56,376 - INFO - Loaded 20000 samples from data\test_data.csv
2025-08-27 15:05:56,512 - INFO - Loaded datasets: train=100000, test=20000, physics=10000
2025-08-27 15:05:56,587 - INFO - PINN trainer initialized on device: cuda:0
2025-08-27 15:05:56,588 - INFO - Starting Adam optimization phase...
2025-08-27 15:05:57,310 - ERROR - Training failed with error: only integer tensors of a single element can be converted to an index
2025-08-27 15:05:57,310 - INFO - Training completed in 0.72 seconds
2025-08-27 15:05:57,310 - INFO - Final best loss: inf
2025-08-27 15:11:48,460 - INFO - Using GPU: cuda:0
2025-08-27 15:11:48,530 - WARNING - Found NaN values in outputs, filling with zeros
2025-08-27 15:11:48,532 - INFO - Loaded 100000 samples from data\train_data.csv
2025-08-27 15:11:48,549 - WARNING - Found NaN values in outputs, filling with zeros
2025-08-27 15:11:48,549 - INFO - Loaded 20000 samples from data\test_data.csv
2025-08-27 15:11:48,685 - INFO - Loaded datasets: train=100000, test=20000, physics=10000
2025-08-27 15:11:48,761 - INFO - PINN trainer initialized on device: cuda:0
2025-08-27 15:11:48,761 - INFO - Starting Adam optimization phase...
2025-08-27 15:11:49,504 - ERROR - Error in Adam iteration 0: only integer tensors of a single element can be converted to an index
2025-08-27 15:11:49,572 - ERROR - Error in Adam iteration 1: only integer tensors of a single element can be converted to an index
2025-08-27 15:11:49,600 - ERROR - Error in Adam iteration 2: only integer tensors of a single element can be converted to an index
2025-08-27 15:11:49,622 - ERROR - Error in Adam iteration 3: only integer tensors of a single element can be converted to an index
2025-08-27 15:11:49,654 - ERROR - Error in Adam iteration 4: only integer tensors of a single element can be converted to an index
2025-08-27 15:11:49,679 - ERROR - Error in Adam iteration 5: only integer tensors of a single element can be converted to an index
2025-08-27 15:11:49,705 - ERROR - Error in Adam iteration 6: only integer tensors of a single element can be converted to an index
2025-08-27 15:11:49,731 - ERROR - Error in Adam iteration 7: only integer tensors of a single element can be converted to an index
2025-08-27 15:11:49,759 - ERROR - Error in Adam iteration 8: only integer tensors of a single element can be converted to an index
2025-08-27 15:11:49,786 - ERROR - Error in Adam iteration 9: only integer tensors of a single element can be converted to an index
2025-08-27 15:11:49,805 - ERROR - Error in Adam iteration 10: only integer tensors of a single element can be converted to an index
2025-08-27 15:11:49,827 - ERROR - Error in Adam iteration 11: only integer tensors of a single element can be converted to an index
2025-08-27 15:11:49,849 - ERROR - Error in Adam iteration 12: only integer tensors of a single element can be converted to an index
2025-08-27 15:11:49,869 - ERROR - Error in Adam iteration 13: only integer tensors of a single element can be converted to an index
2025-08-27 15:11:49,895 - ERROR - Error in Adam iteration 14: only integer tensors of a single element can be converted to an index
2025-08-27 15:11:49,915 - ERROR - Error in Adam iteration 15: only integer tensors of a single element can be converted to an index
2025-08-27 15:11:49,942 - ERROR - Error in Adam iteration 16: only integer tensors of a single element can be converted to an index
2025-08-27 15:11:49,963 - ERROR - Error in Adam iteration 17: only integer tensors of a single element can be converted to an index
2025-08-27 15:11:49,981 - ERROR - Error in Adam iteration 18: only integer tensors of a single element can be converted to an index
2025-08-27 15:11:49,999 - ERROR - Error in Adam iteration 19: only integer tensors of a single element can be converted to an index
2025-08-27 15:11:50,017 - ERROR - Error in Adam iteration 20: only integer tensors of a single element can be converted to an index
2025-08-27 15:11:50,043 - ERROR - Error in Adam iteration 21: only integer tensors of a single element can be converted to an index
2025-08-27 15:11:50,061 - ERROR - Error in Adam iteration 22: only integer tensors of a single element can be converted to an index
2025-08-27 15:11:50,088 - ERROR - Error in Adam iteration 23: only integer tensors of a single element can be converted to an index
2025-08-27 15:11:50,113 - ERROR - Error in Adam iteration 24: only integer tensors of a single element can be converted to an index
2025-08-27 15:11:50,138 - ERROR - Error in Adam iteration 25: only integer tensors of a single element can be converted to an index
2025-08-27 15:11:50,169 - ERROR - Error in Adam iteration 26: only integer tensors of a single element can be converted to an index
2025-08-27 15:11:50,192 - ERROR - Error in Adam iteration 27: only integer tensors of a single element can be converted to an index
2025-08-27 15:11:50,216 - ERROR - Error in Adam iteration 28: only integer tensors of a single element can be converted to an index
2025-08-27 15:11:50,235 - ERROR - Error in Adam iteration 29: only integer tensors of a single element can be converted to an index
2025-08-27 15:11:50,255 - ERROR - Error in Adam iteration 30: only integer tensors of a single element can be converted to an index
2025-08-27 15:11:50,281 - ERROR - Error in Adam iteration 31: only integer tensors of a single element can be converted to an index
2025-08-27 15:11:50,300 - ERROR - Error in Adam iteration 32: only integer tensors of a single element can be converted to an index
2025-08-27 15:11:50,319 - ERROR - Error in Adam iteration 33: only integer tensors of a single element can be converted to an index
2025-08-27 15:11:50,346 - ERROR - Error in Adam iteration 34: only integer tensors of a single element can be converted to an index
2025-08-27 15:11:50,372 - ERROR - Error in Adam iteration 35: only integer tensors of a single element can be converted to an index
2025-08-27 15:11:50,391 - ERROR - Error in Adam iteration 36: only integer tensors of a single element can be converted to an index
2025-08-27 15:11:50,411 - ERROR - Error in Adam iteration 37: only integer tensors of a single element can be converted to an index
2025-08-27 15:11:50,435 - ERROR - Error in Adam iteration 38: only integer tensors of a single element can be converted to an index
2025-08-27 15:11:50,460 - ERROR - Error in Adam iteration 39: only integer tensors of a single element can be converted to an index
2025-08-27 15:11:50,480 - ERROR - Error in Adam iteration 40: only integer tensors of a single element can be converted to an index
2025-08-27 15:11:50,501 - ERROR - Error in Adam iteration 41: only integer tensors of a single element can be converted to an index
2025-08-27 15:11:50,524 - ERROR - Error in Adam iteration 42: only integer tensors of a single element can be converted to an index
2025-08-27 15:11:50,552 - ERROR - Error in Adam iteration 43: only integer tensors of a single element can be converted to an index
2025-08-27 15:11:50,579 - ERROR - Error in Adam iteration 44: only integer tensors of a single element can be converted to an index
2025-08-27 15:11:50,599 - ERROR - Error in Adam iteration 45: only integer tensors of a single element can be converted to an index
2025-08-27 15:11:50,619 - ERROR - Error in Adam iteration 46: only integer tensors of a single element can be converted to an index
2025-08-27 15:11:50,654 - ERROR - Error in Adam iteration 47: only integer tensors of a single element can be converted to an index
2025-08-27 15:11:50,680 - ERROR - Error in Adam iteration 48: only integer tensors of a single element can be converted to an index
2025-08-27 15:11:50,702 - ERROR - Error in Adam iteration 49: only integer tensors of a single element can be converted to an index
2025-08-27 15:11:50,722 - ERROR - Error in Adam iteration 50: only integer tensors of a single element can be converted to an index
2025-08-27 15:11:50,742 - ERROR - Error in Adam iteration 51: only integer tensors of a single element can be converted to an index
2025-08-27 15:11:50,767 - ERROR - Error in Adam iteration 52: only integer tensors of a single element can be converted to an index
2025-08-27 15:11:50,787 - ERROR - Error in Adam iteration 53: only integer tensors of a single element can be converted to an index
2025-08-27 15:11:50,805 - ERROR - Error in Adam iteration 54: only integer tensors of a single element can be converted to an index
2025-08-27 15:11:50,833 - ERROR - Error in Adam iteration 55: only integer tensors of a single element can be converted to an index
2025-08-27 15:11:50,853 - ERROR - Error in Adam iteration 56: only integer tensors of a single element can be converted to an index
2025-08-27 15:11:50,879 - ERROR - Error in Adam iteration 57: only integer tensors of a single element can be converted to an index
2025-08-27 15:11:50,898 - ERROR - Error in Adam iteration 58: only integer tensors of a single element can be converted to an index
2025-08-27 15:11:50,925 - ERROR - Error in Adam iteration 59: only integer tensors of a single element can be converted to an index
2025-08-27 15:11:50,950 - ERROR - Error in Adam iteration 60: only integer tensors of a single element can be converted to an index
2025-08-27 15:11:50,985 - ERROR - Error in Adam iteration 61: only integer tensors of a single element can be converted to an index
2025-08-27 15:11:51,012 - ERROR - Error in Adam iteration 62: only integer tensors of a single element can be converted to an index
2025-08-27 15:11:51,036 - ERROR - Error in Adam iteration 63: only integer tensors of a single element can be converted to an index
2025-08-27 15:11:51,054 - ERROR - Error in Adam iteration 64: only integer tensors of a single element can be converted to an index
2025-08-27 15:11:51,071 - ERROR - Error in Adam iteration 65: only integer tensors of a single element can be converted to an index
2025-08-27 15:11:51,095 - ERROR - Error in Adam iteration 66: only integer tensors of a single element can be converted to an index
2025-08-27 15:11:51,113 - ERROR - Error in Adam iteration 67: only integer tensors of a single element can be converted to an index
2025-08-27 15:11:51,134 - ERROR - Error in Adam iteration 68: only integer tensors of a single element can be converted to an index
2025-08-27 15:11:51,153 - ERROR - Error in Adam iteration 69: only integer tensors of a single element can be converted to an index
2025-08-27 15:11:51,173 - ERROR - Error in Adam iteration 70: only integer tensors of a single element can be converted to an index
2025-08-27 15:11:51,200 - ERROR - Error in Adam iteration 71: only integer tensors of a single element can be converted to an index
2025-08-27 15:11:51,218 - ERROR - Error in Adam iteration 72: only integer tensors of a single element can be converted to an index
2025-08-27 15:11:51,245 - ERROR - Error in Adam iteration 73: only integer tensors of a single element can be converted to an index
2025-08-27 15:11:51,267 - ERROR - Error in Adam iteration 74: only integer tensors of a single element can be converted to an index
2025-08-27 15:11:51,286 - ERROR - Error in Adam iteration 75: only integer tensors of a single element can be converted to an index
2025-08-27 15:11:51,307 - ERROR - Error in Adam iteration 76: only integer tensors of a single element can be converted to an index
2025-08-27 15:11:51,326 - ERROR - Error in Adam iteration 77: only integer tensors of a single element can be converted to an index
2025-08-27 15:11:51,349 - ERROR - Error in Adam iteration 78: only integer tensors of a single element can be converted to an index
2025-08-27 15:11:51,375 - ERROR - Error in Adam iteration 79: only integer tensors of a single element can be converted to an index
2025-08-27 15:11:51,398 - ERROR - Error in Adam iteration 80: only integer tensors of a single element can be converted to an index
2025-08-27 15:11:51,417 - ERROR - Error in Adam iteration 81: only integer tensors of a single element can be converted to an index
2025-08-27 15:11:51,435 - ERROR - Error in Adam iteration 82: only integer tensors of a single element can be converted to an index
2025-08-27 15:11:51,461 - ERROR - Error in Adam iteration 83: only integer tensors of a single element can be converted to an index
2025-08-27 15:11:51,488 - ERROR - Error in Adam iteration 84: only integer tensors of a single element can be converted to an index
2025-08-27 15:11:51,513 - ERROR - Error in Adam iteration 85: only integer tensors of a single element can be converted to an index
2025-08-27 15:11:51,539 - ERROR - Error in Adam iteration 86: only integer tensors of a single element can be converted to an index
2025-08-27 15:11:51,571 - ERROR - Error in Adam iteration 87: only integer tensors of a single element can be converted to an index
2025-08-27 15:11:51,600 - ERROR - Error in Adam iteration 88: only integer tensors of a single element can be converted to an index
2025-08-27 15:11:51,617 - ERROR - Error in Adam iteration 89: only integer tensors of a single element can be converted to an index
2025-08-27 15:11:51,641 - ERROR - Error in Adam iteration 90: only integer tensors of a single element can be converted to an index
2025-08-27 15:11:51,675 - ERROR - Error in Adam iteration 91: only integer tensors of a single element can be converted to an index
2025-08-27 15:11:51,694 - ERROR - Error in Adam iteration 92: only integer tensors of a single element can be converted to an index
2025-08-27 15:11:51,715 - ERROR - Error in Adam iteration 93: only integer tensors of a single element can be converted to an index
2025-08-27 15:11:51,739 - ERROR - Error in Adam iteration 94: only integer tensors of a single element can be converted to an index
2025-08-27 15:11:51,755 - ERROR - Error in Adam iteration 95: only integer tensors of a single element can be converted to an index
2025-08-27 15:11:51,777 - ERROR - Error in Adam iteration 96: only integer tensors of a single element can be converted to an index
2025-08-27 15:11:51,802 - ERROR - Error in Adam iteration 97: only integer tensors of a single element can be converted to an index
2025-08-27 15:11:51,825 - ERROR - Error in Adam iteration 98: only integer tensors of a single element can be converted to an index
2025-08-27 15:11:51,847 - ERROR - Error in Adam iteration 99: only integer tensors of a single element can be converted to an index
2025-08-27 15:11:51,867 - ERROR - Error in Adam iteration 100: only integer tensors of a single element can be converted to an index
2025-08-27 15:11:51,884 - ERROR - Error in Adam iteration 101: only integer tensors of a single element can be converted to an index
2025-08-27 15:11:51,901 - ERROR - Error in Adam iteration 102: only integer tensors of a single element can be converted to an index
2025-08-27 15:11:51,920 - ERROR - Error in Adam iteration 103: only integer tensors of a single element can be converted to an index
2025-08-27 15:11:51,946 - ERROR - Error in Adam iteration 104: only integer tensors of a single element can be converted to an index
2025-08-27 15:11:51,967 - ERROR - Error in Adam iteration 105: only integer tensors of a single element can be converted to an index
2025-08-27 15:11:51,984 - ERROR - Error in Adam iteration 106: only integer tensors of a single element can be converted to an index
2025-08-27 15:11:52,013 - ERROR - Error in Adam iteration 107: only integer tensors of a single element can be converted to an index
2025-08-27 15:11:52,038 - ERROR - Error in Adam iteration 108: only integer tensors of a single element can be converted to an index
2025-08-27 15:11:52,056 - ERROR - Error in Adam iteration 109: only integer tensors of a single element can be converted to an index
2025-08-27 15:11:52,075 - ERROR - Error in Adam iteration 110: only integer tensors of a single element can be converted to an index
2025-08-27 15:11:52,092 - ERROR - Error in Adam iteration 111: only integer tensors of a single element can be converted to an index
2025-08-27 15:11:52,117 - ERROR - Error in Adam iteration 112: only integer tensors of a single element can be converted to an index
2025-08-27 15:11:52,142 - ERROR - Error in Adam iteration 113: only integer tensors of a single element can be converted to an index
2025-08-27 15:11:52,161 - ERROR - Error in Adam iteration 114: only integer tensors of a single element can be converted to an index
2025-08-27 15:11:52,180 - ERROR - Error in Adam iteration 115: only integer tensors of a single element can be converted to an index
2025-08-27 15:11:52,215 - ERROR - Error in Adam iteration 116: only integer tensors of a single element can be converted to an index
2025-08-27 15:11:52,236 - ERROR - Error in Adam iteration 117: only integer tensors of a single element can be converted to an index
2025-08-27 15:11:52,255 - ERROR - Error in Adam iteration 118: only integer tensors of a single element can be converted to an index
2025-08-27 15:11:52,277 - ERROR - Error in Adam iteration 119: only integer tensors of a single element can be converted to an index
2025-08-27 15:11:52,295 - ERROR - Error in Adam iteration 120: only integer tensors of a single element can be converted to an index
2025-08-27 15:11:52,321 - ERROR - Error in Adam iteration 121: only integer tensors of a single element can be converted to an index
2025-08-27 15:11:52,344 - ERROR - Error in Adam iteration 122: only integer tensors of a single element can be converted to an index
2025-08-27 15:11:52,369 - ERROR - Error in Adam iteration 123: only integer tensors of a single element can be converted to an index
2025-08-27 15:11:52,394 - ERROR - Error in Adam iteration 124: only integer tensors of a single element can be converted to an index
2025-08-27 15:11:52,413 - ERROR - Error in Adam iteration 125: only integer tensors of a single element can be converted to an index
2025-08-27 15:11:52,436 - ERROR - Error in Adam iteration 126: only integer tensors of a single element can be converted to an index
2025-08-27 15:11:52,454 - ERROR - Error in Adam iteration 127: only integer tensors of a single element can be converted to an index
2025-08-27 15:11:52,475 - ERROR - Error in Adam iteration 128: only integer tensors of a single element can be converted to an index
2025-08-27 15:11:52,499 - ERROR - Error in Adam iteration 129: only integer tensors of a single element can be converted to an index
2025-08-27 15:11:52,518 - ERROR - Error in Adam iteration 130: only integer tensors of a single element can be converted to an index
2025-08-27 15:11:52,539 - ERROR - Error in Adam iteration 131: only integer tensors of a single element can be converted to an index
2025-08-27 15:11:52,558 - ERROR - Error in Adam iteration 132: only integer tensors of a single element can be converted to an index
2025-08-27 15:11:52,579 - ERROR - Error in Adam iteration 133: only integer tensors of a single element can be converted to an index
2025-08-27 15:11:52,606 - ERROR - Error in Adam iteration 134: only integer tensors of a single element can be converted to an index
2025-08-27 15:11:52,624 - ERROR - Error in Adam iteration 135: only integer tensors of a single element can be converted to an index
2025-08-27 15:11:52,644 - ERROR - Error in Adam iteration 136: only integer tensors of a single element can be converted to an index
2025-08-27 15:11:52,665 - ERROR - Error in Adam iteration 137: only integer tensors of a single element can be converted to an index
2025-08-27 15:11:52,684 - ERROR - Error in Adam iteration 138: only integer tensors of a single element can be converted to an index
2025-08-27 15:11:52,701 - ERROR - Error in Adam iteration 139: only integer tensors of a single element can be converted to an index
2025-08-27 15:11:52,719 - ERROR - Error in Adam iteration 140: only integer tensors of a single element can be converted to an index
2025-08-27 15:11:52,745 - ERROR - Error in Adam iteration 141: only integer tensors of a single element can be converted to an index
2025-08-27 15:11:52,774 - ERROR - Error in Adam iteration 142: only integer tensors of a single element can be converted to an index
2025-08-27 15:11:52,796 - ERROR - Error in Adam iteration 143: only integer tensors of a single element can be converted to an index
2025-08-27 15:11:52,817 - ERROR - Error in Adam iteration 144: only integer tensors of a single element can be converted to an index
2025-08-27 15:11:52,838 - ERROR - Error in Adam iteration 145: only integer tensors of a single element can be converted to an index
2025-08-27 15:11:52,856 - ERROR - Error in Adam iteration 146: only integer tensors of a single element can be converted to an index
2025-08-27 15:11:52,878 - ERROR - Error in Adam iteration 147: only integer tensors of a single element can be converted to an index
2025-08-27 15:11:52,894 - ERROR - Error in Adam iteration 148: only integer tensors of a single element can be converted to an index
2025-08-27 15:11:52,918 - ERROR - Error in Adam iteration 149: only integer tensors of a single element can be converted to an index
2025-08-27 15:11:52,944 - ERROR - Error in Adam iteration 150: only integer tensors of a single element can be converted to an index
2025-08-27 15:11:52,973 - ERROR - Error in Adam iteration 151: only integer tensors of a single element can be converted to an index
2025-08-27 15:11:53,000 - ERROR - Error in Adam iteration 152: only integer tensors of a single element can be converted to an index
2025-08-27 15:11:53,031 - ERROR - Error in Adam iteration 153: only integer tensors of a single element can be converted to an index
2025-08-27 15:11:53,056 - ERROR - Error in Adam iteration 154: only integer tensors of a single element can be converted to an index
2025-08-27 15:11:53,082 - ERROR - Error in Adam iteration 155: only integer tensors of a single element can be converted to an index
2025-08-27 15:11:53,110 - ERROR - Error in Adam iteration 156: only integer tensors of a single element can be converted to an index
2025-08-27 15:11:53,137 - ERROR - Error in Adam iteration 157: only integer tensors of a single element can be converted to an index
2025-08-27 15:11:53,161 - ERROR - Error in Adam iteration 158: only integer tensors of a single element can be converted to an index
2025-08-27 15:11:53,187 - ERROR - Error in Adam iteration 159: only integer tensors of a single element can be converted to an index
2025-08-27 15:11:53,210 - ERROR - Error in Adam iteration 160: only integer tensors of a single element can be converted to an index
2025-08-27 15:11:53,229 - ERROR - Error in Adam iteration 161: only integer tensors of a single element can be converted to an index
2025-08-27 15:11:53,264 - ERROR - Error in Adam iteration 162: only integer tensors of a single element can be converted to an index
2025-08-27 15:11:53,287 - ERROR - Error in Adam iteration 163: only integer tensors of a single element can be converted to an index
2025-08-27 15:11:53,318 - ERROR - Error in Adam iteration 164: only integer tensors of a single element can be converted to an index
2025-08-27 15:11:53,345 - ERROR - Error in Adam iteration 165: only integer tensors of a single element can be converted to an index
2025-08-27 15:11:53,364 - ERROR - Error in Adam iteration 166: only integer tensors of a single element can be converted to an index
2025-08-27 15:11:53,392 - ERROR - Error in Adam iteration 167: only integer tensors of a single element can be converted to an index
2025-08-27 15:11:53,419 - ERROR - Error in Adam iteration 168: only integer tensors of a single element can be converted to an index
2025-08-27 15:11:53,442 - ERROR - Error in Adam iteration 169: only integer tensors of a single element can be converted to an index
2025-08-27 15:11:53,464 - ERROR - Error in Adam iteration 170: only integer tensors of a single element can be converted to an index
2025-08-27 15:11:53,482 - ERROR - Error in Adam iteration 171: only integer tensors of a single element can be converted to an index
2025-08-27 15:11:53,501 - ERROR - Error in Adam iteration 172: only integer tensors of a single element can be converted to an index
2025-08-27 15:11:53,519 - ERROR - Error in Adam iteration 173: only integer tensors of a single element can be converted to an index
2025-08-27 15:11:53,540 - ERROR - Error in Adam iteration 174: only integer tensors of a single element can be converted to an index
2025-08-27 15:11:53,566 - ERROR - Error in Adam iteration 175: only integer tensors of a single element can be converted to an index
2025-08-27 15:11:53,587 - ERROR - Error in Adam iteration 176: only integer tensors of a single element can be converted to an index
2025-08-27 15:11:53,606 - ERROR - Error in Adam iteration 177: only integer tensors of a single element can be converted to an index
2025-08-27 15:11:53,631 - ERROR - Error in Adam iteration 178: only integer tensors of a single element can be converted to an index
2025-08-27 15:11:53,653 - ERROR - Error in Adam iteration 179: only integer tensors of a single element can be converted to an index
2025-08-27 15:11:53,671 - ERROR - Error in Adam iteration 180: only integer tensors of a single element can be converted to an index
2025-08-27 15:11:53,693 - ERROR - Error in Adam iteration 181: only integer tensors of a single element can be converted to an index
2025-08-27 15:11:53,711 - ERROR - Error in Adam iteration 182: only integer tensors of a single element can be converted to an index
2025-08-27 15:11:53,738 - ERROR - Error in Adam iteration 183: only integer tensors of a single element can be converted to an index
2025-08-27 15:11:53,761 - ERROR - Error in Adam iteration 184: only integer tensors of a single element can be converted to an index
2025-08-27 15:11:53,781 - ERROR - Error in Adam iteration 185: only integer tensors of a single element can be converted to an index
2025-08-27 15:11:53,815 - ERROR - Error in Adam iteration 186: only integer tensors of a single element can be converted to an index
2025-08-27 15:11:53,834 - ERROR - Error in Adam iteration 187: only integer tensors of a single element can be converted to an index
2025-08-27 15:11:53,855 - ERROR - Error in Adam iteration 188: only integer tensors of a single element can be converted to an index
2025-08-27 15:11:53,884 - ERROR - Error in Adam iteration 189: only integer tensors of a single element can be converted to an index
2025-08-27 15:11:53,902 - ERROR - Error in Adam iteration 190: only integer tensors of a single element can be converted to an index
2025-08-27 15:11:53,922 - ERROR - Error in Adam iteration 191: only integer tensors of a single element can be converted to an index
2025-08-27 15:11:53,947 - ERROR - Error in Adam iteration 192: only integer tensors of a single element can be converted to an index
2025-08-27 15:11:53,975 - ERROR - Error in Adam iteration 193: only integer tensors of a single element can be converted to an index
2025-08-27 15:11:53,995 - ERROR - Error in Adam iteration 194: only integer tensors of a single element can be converted to an index
2025-08-27 15:11:54,021 - ERROR - Error in Adam iteration 195: only integer tensors of a single element can be converted to an index
2025-08-27 15:11:54,046 - ERROR - Error in Adam iteration 196: only integer tensors of a single element can be converted to an index
2025-08-27 15:11:54,065 - ERROR - Error in Adam iteration 197: only integer tensors of a single element can be converted to an index
2025-08-27 15:11:54,090 - ERROR - Error in Adam iteration 198: only integer tensors of a single element can be converted to an index
2025-08-27 15:11:54,115 - ERROR - Error in Adam iteration 199: only integer tensors of a single element can be converted to an index
2025-08-27 15:11:54,133 - ERROR - Error in Adam iteration 200: only integer tensors of a single element can be converted to an index
2025-08-27 15:11:54,159 - ERROR - Error in Adam iteration 201: only integer tensors of a single element can be converted to an index
2025-08-27 15:11:54,187 - ERROR - Error in Adam iteration 202: only integer tensors of a single element can be converted to an index
2025-08-27 15:11:54,214 - ERROR - Error in Adam iteration 203: only integer tensors of a single element can be converted to an index
2025-08-27 15:11:54,233 - ERROR - Error in Adam iteration 204: only integer tensors of a single element can be converted to an index
2025-08-27 15:11:54,262 - ERROR - Error in Adam iteration 205: only integer tensors of a single element can be converted to an index
2025-08-27 15:11:54,287 - ERROR - Error in Adam iteration 206: only integer tensors of a single element can be converted to an index
2025-08-27 15:11:54,310 - ERROR - Error in Adam iteration 207: only integer tensors of a single element can be converted to an index
2025-08-27 15:11:54,329 - ERROR - Error in Adam iteration 208: only integer tensors of a single element can be converted to an index
2025-08-27 15:11:54,353 - ERROR - Error in Adam iteration 209: only integer tensors of a single element can be converted to an index
2025-08-27 15:11:54,372 - ERROR - Error in Adam iteration 210: only integer tensors of a single element can be converted to an index
2025-08-27 15:11:54,390 - ERROR - Error in Adam iteration 211: only integer tensors of a single element can be converted to an index
2025-08-27 15:11:54,412 - ERROR - Error in Adam iteration 212: only integer tensors of a single element can be converted to an index
2025-08-27 15:11:54,449 - ERROR - Error in Adam iteration 213: only integer tensors of a single element can be converted to an index
2025-08-27 15:11:54,475 - ERROR - Error in Adam iteration 214: only integer tensors of a single element can be converted to an index
2025-08-27 15:11:54,494 - ERROR - Error in Adam iteration 215: only integer tensors of a single element can be converted to an index
2025-08-27 15:11:54,519 - ERROR - Error in Adam iteration 216: only integer tensors of a single element can be converted to an index
2025-08-27 15:11:54,539 - ERROR - Error in Adam iteration 217: only integer tensors of a single element can be converted to an index
2025-08-27 15:11:54,559 - ERROR - Error in Adam iteration 218: only integer tensors of a single element can be converted to an index
2025-08-27 15:11:54,585 - ERROR - Error in Adam iteration 219: only integer tensors of a single element can be converted to an index
2025-08-27 15:11:54,602 - ERROR - Error in Adam iteration 220: only integer tensors of a single element can be converted to an index
2025-08-27 15:11:54,630 - ERROR - Error in Adam iteration 221: only integer tensors of a single element can be converted to an index
2025-08-27 15:11:54,653 - ERROR - Error in Adam iteration 222: only integer tensors of a single element can be converted to an index
2025-08-27 15:11:54,679 - ERROR - Error in Adam iteration 223: only integer tensors of a single element can be converted to an index
2025-08-27 15:11:54,698 - ERROR - Error in Adam iteration 224: only integer tensors of a single element can be converted to an index
2025-08-27 15:11:54,724 - ERROR - Error in Adam iteration 225: only integer tensors of a single element can be converted to an index
2025-08-27 15:11:54,744 - ERROR - Error in Adam iteration 226: only integer tensors of a single element can be converted to an index
2025-08-27 15:11:54,765 - ERROR - Error in Adam iteration 227: only integer tensors of a single element can be converted to an index
2025-08-27 15:11:54,786 - ERROR - Error in Adam iteration 228: only integer tensors of a single element can be converted to an index
2025-08-27 15:11:54,804 - ERROR - Error in Adam iteration 229: only integer tensors of a single element can be converted to an index
2025-08-27 15:11:54,829 - ERROR - Error in Adam iteration 230: only integer tensors of a single element can be converted to an index
2025-08-27 15:11:54,853 - ERROR - Error in Adam iteration 231: only integer tensors of a single element can be converted to an index
2025-08-27 15:11:54,887 - ERROR - Error in Adam iteration 232: only integer tensors of a single element can be converted to an index
2025-08-27 15:11:54,917 - ERROR - Error in Adam iteration 233: only integer tensors of a single element can be converted to an index
2025-08-27 15:11:54,936 - ERROR - Error in Adam iteration 234: only integer tensors of a single element can be converted to an index
2025-08-27 15:11:54,956 - ERROR - Error in Adam iteration 235: only integer tensors of a single element can be converted to an index
2025-08-27 15:11:54,977 - ERROR - Error in Adam iteration 236: only integer tensors of a single element can be converted to an index
2025-08-27 15:11:54,994 - ERROR - Error in Adam iteration 237: only integer tensors of a single element can be converted to an index
2025-08-27 15:11:55,019 - ERROR - Error in Adam iteration 238: only integer tensors of a single element can be converted to an index
2025-08-27 15:11:55,046 - INFO - Training interrupted by user
2025-08-27 15:11:55,048 - INFO - Checkpoint saved: checkpoints\checkpoint_interrupted_0.pth
2025-08-27 15:11:55,048 - INFO - Training completed in 6.29 seconds
2025-08-27 15:11:55,048 - INFO - Final best loss: inf
2025-08-27 15:12:31,909 - INFO - Using GPU: cuda:0
2025-08-27 15:12:31,979 - WARNING - Found NaN values in outputs, filling with zeros
2025-08-27 15:12:31,980 - INFO - Loaded 100000 samples from data\train_data.csv
2025-08-27 15:12:31,998 - WARNING - Found NaN values in outputs, filling with zeros
2025-08-27 15:12:31,998 - INFO - Loaded 20000 samples from data\test_data.csv
2025-08-27 15:12:32,134 - INFO - Loaded datasets: train=100000, test=20000, physics=10000
2025-08-27 15:12:32,211 - INFO - PINN trainer initialized on device: cuda:0
2025-08-27 15:12:32,212 - INFO - Starting Adam optimization phase...
2025-08-27 15:12:32,944 - ERROR - Error in Adam iteration 0: only integer tensors of a single element can be converted to an index
2025-08-27 15:12:33,000 - ERROR - Error in Adam iteration 1: only integer tensors of a single element can be converted to an index
2025-08-27 15:12:33,009 - ERROR - Error in Adam iteration 2: only integer tensors of a single element can be converted to an index
2025-08-27 15:12:33,022 - ERROR - Error in Adam iteration 3: only integer tensors of a single element can be converted to an index
2025-08-27 15:12:33,039 - ERROR - Error in Adam iteration 4: only integer tensors of a single element can be converted to an index
2025-08-27 15:12:33,048 - ERROR - Error in Adam iteration 5: only integer tensors of a single element can be converted to an index
2025-08-27 15:12:33,062 - ERROR - Error in Adam iteration 6: only integer tensors of a single element can be converted to an index
2025-08-27 15:12:33,072 - ERROR - Error in Adam iteration 7: only integer tensors of a single element can be converted to an index
2025-08-27 15:12:33,080 - ERROR - Error in Adam iteration 8: only integer tensors of a single element can be converted to an index
2025-08-27 15:12:33,092 - ERROR - Error in Adam iteration 9: only integer tensors of a single element can be converted to an index
2025-08-27 15:12:33,103 - ERROR - Error in Adam iteration 10: only integer tensors of a single element can be converted to an index
2025-08-27 15:12:33,114 - ERROR - Error in Adam iteration 11: only integer tensors of a single element can be converted to an index
2025-08-27 15:12:33,123 - ERROR - Error in Adam iteration 12: only integer tensors of a single element can be converted to an index
2025-08-27 15:12:33,133 - ERROR - Error in Adam iteration 13: only integer tensors of a single element can be converted to an index
2025-08-27 15:12:33,143 - ERROR - Error in Adam iteration 14: only integer tensors of a single element can be converted to an index
2025-08-27 15:12:33,153 - ERROR - Error in Adam iteration 15: only integer tensors of a single element can be converted to an index
2025-08-27 15:12:33,170 - ERROR - Error in Adam iteration 16: only integer tensors of a single element can be converted to an index
2025-08-27 15:12:33,187 - ERROR - Error in Adam iteration 17: only integer tensors of a single element can be converted to an index
2025-08-27 15:12:33,204 - ERROR - Error in Adam iteration 18: only integer tensors of a single element can be converted to an index
2025-08-27 15:12:33,214 - ERROR - Error in Adam iteration 19: only integer tensors of a single element can be converted to an index
2025-08-27 15:12:33,224 - ERROR - Error in Adam iteration 20: only integer tensors of a single element can be converted to an index
2025-08-27 15:12:33,235 - ERROR - Error in Adam iteration 21: only integer tensors of a single element can be converted to an index
2025-08-27 15:12:33,243 - ERROR - Error in Adam iteration 22: only integer tensors of a single element can be converted to an index
2025-08-27 15:12:33,254 - ERROR - Error in Adam iteration 23: only integer tensors of a single element can be converted to an index
2025-08-27 15:12:33,264 - ERROR - Error in Adam iteration 24: only integer tensors of a single element can be converted to an index
2025-08-27 15:12:33,274 - ERROR - Error in Adam iteration 25: only integer tensors of a single element can be converted to an index
2025-08-27 15:12:33,283 - ERROR - Error in Adam iteration 26: only integer tensors of a single element can be converted to an index
2025-08-27 15:12:33,296 - ERROR - Error in Adam iteration 27: only integer tensors of a single element can be converted to an index
2025-08-27 15:12:33,306 - ERROR - Error in Adam iteration 28: only integer tensors of a single element can be converted to an index
2025-08-27 15:12:33,315 - ERROR - Error in Adam iteration 29: only integer tensors of a single element can be converted to an index
2025-08-27 15:12:33,332 - ERROR - Error in Adam iteration 30: only integer tensors of a single element can be converted to an index
2025-08-27 15:12:33,352 - ERROR - Error in Adam iteration 31: only integer tensors of a single element can be converted to an index
2025-08-27 15:12:33,360 - ERROR - Error in Adam iteration 32: only integer tensors of a single element can be converted to an index
2025-08-27 15:12:33,370 - ERROR - Error in Adam iteration 33: only integer tensors of a single element can be converted to an index
2025-08-27 15:12:33,386 - ERROR - Error in Adam iteration 34: only integer tensors of a single element can be converted to an index
2025-08-27 15:12:33,396 - ERROR - Error in Adam iteration 35: only integer tensors of a single element can be converted to an index
2025-08-27 15:12:33,406 - ERROR - Error in Adam iteration 36: only integer tensors of a single element can be converted to an index
2025-08-27 15:12:33,416 - ERROR - Error in Adam iteration 37: only integer tensors of a single element can be converted to an index
2025-08-27 15:12:33,425 - ERROR - Error in Adam iteration 38: only integer tensors of a single element can be converted to an index
2025-08-27 15:12:33,434 - ERROR - Error in Adam iteration 39: only integer tensors of a single element can be converted to an index
2025-08-27 15:12:33,443 - ERROR - Error in Adam iteration 40: only integer tensors of a single element can be converted to an index
2025-08-27 15:12:33,454 - ERROR - Error in Adam iteration 41: only integer tensors of a single element can be converted to an index
2025-08-27 15:12:33,464 - ERROR - Error in Adam iteration 42: only integer tensors of a single element can be converted to an index
2025-08-27 15:12:33,481 - ERROR - Error in Adam iteration 43: only integer tensors of a single element can be converted to an index
2025-08-27 15:12:33,491 - ERROR - Error in Adam iteration 44: only integer tensors of a single element can be converted to an index
2025-08-27 15:12:33,502 - ERROR - Error in Adam iteration 45: only integer tensors of a single element can be converted to an index
2025-08-27 15:12:33,512 - ERROR - Error in Adam iteration 46: only integer tensors of a single element can be converted to an index
2025-08-27 15:12:33,529 - ERROR - Error in Adam iteration 47: only integer tensors of a single element can be converted to an index
2025-08-27 15:12:33,547 - ERROR - Error in Adam iteration 48: only integer tensors of a single element can be converted to an index
2025-08-27 15:12:33,557 - ERROR - Error in Adam iteration 49: only integer tensors of a single element can be converted to an index
2025-08-27 15:12:33,566 - ERROR - Error in Adam iteration 50: only integer tensors of a single element can be converted to an index
2025-08-27 15:12:33,584 - ERROR - Error in Adam iteration 51: only integer tensors of a single element can be converted to an index
2025-08-27 15:12:33,600 - ERROR - Error in Adam iteration 52: only integer tensors of a single element can be converted to an index
2025-08-27 15:12:33,608 - ERROR - Error in Adam iteration 53: only integer tensors of a single element can be converted to an index
2025-08-27 15:12:33,619 - ERROR - Error in Adam iteration 54: only integer tensors of a single element can be converted to an index
2025-08-27 15:12:33,629 - ERROR - Error in Adam iteration 55: only integer tensors of a single element can be converted to an index
2025-08-27 15:12:33,637 - ERROR - Error in Adam iteration 56: only integer tensors of a single element can be converted to an index
2025-08-27 15:12:33,648 - ERROR - Error in Adam iteration 57: only integer tensors of a single element can be converted to an index
2025-08-27 15:12:33,657 - ERROR - Error in Adam iteration 58: only integer tensors of a single element can be converted to an index
2025-08-27 15:12:33,668 - ERROR - Error in Adam iteration 59: only integer tensors of a single element can be converted to an index
2025-08-27 15:12:33,679 - ERROR - Error in Adam iteration 60: only integer tensors of a single element can be converted to an index
2025-08-27 15:12:33,690 - ERROR - Error in Adam iteration 61: only integer tensors of a single element can be converted to an index
2025-08-27 15:12:33,702 - ERROR - Error in Adam iteration 62: only integer tensors of a single element can be converted to an index
2025-08-27 15:12:33,711 - ERROR - Error in Adam iteration 63: only integer tensors of a single element can be converted to an index
2025-08-27 15:12:33,722 - ERROR - Error in Adam iteration 64: only integer tensors of a single element can be converted to an index
2025-08-27 15:12:33,731 - ERROR - Error in Adam iteration 65: only integer tensors of a single element can be converted to an index
2025-08-27 15:12:33,745 - ERROR - Error in Adam iteration 66: only integer tensors of a single element can be converted to an index
2025-08-27 15:12:33,756 - ERROR - Error in Adam iteration 67: only integer tensors of a single element can be converted to an index
2025-08-27 15:12:33,766 - ERROR - Error in Adam iteration 68: only integer tensors of a single element can be converted to an index
2025-08-27 15:12:33,775 - ERROR - Error in Adam iteration 69: only integer tensors of a single element can be converted to an index
2025-08-27 15:12:33,785 - ERROR - Error in Adam iteration 70: only integer tensors of a single element can be converted to an index
2025-08-27 15:12:33,802 - ERROR - Error in Adam iteration 71: only integer tensors of a single element can be converted to an index
2025-08-27 15:12:33,815 - ERROR - Error in Adam iteration 72: only integer tensors of a single element can be converted to an index
2025-08-27 15:12:33,831 - ERROR - Error in Adam iteration 73: only integer tensors of a single element can be converted to an index
2025-08-27 15:12:33,839 - ERROR - Error in Adam iteration 74: only integer tensors of a single element can be converted to an index
2025-08-27 15:12:33,850 - ERROR - Error in Adam iteration 75: only integer tensors of a single element can be converted to an index
2025-08-27 15:12:33,866 - ERROR - Error in Adam iteration 76: only integer tensors of a single element can be converted to an index
2025-08-27 15:12:33,875 - ERROR - Error in Adam iteration 77: only integer tensors of a single element can be converted to an index
2025-08-27 15:12:33,885 - ERROR - Error in Adam iteration 78: only integer tensors of a single element can be converted to an index
2025-08-27 15:12:33,898 - ERROR - Error in Adam iteration 79: only integer tensors of a single element can be converted to an index
2025-08-27 15:12:33,907 - ERROR - Error in Adam iteration 80: only integer tensors of a single element can be converted to an index
2025-08-27 15:12:33,917 - ERROR - Error in Adam iteration 81: only integer tensors of a single element can be converted to an index
2025-08-27 15:12:33,927 - ERROR - Error in Adam iteration 82: only integer tensors of a single element can be converted to an index
2025-08-27 15:12:33,936 - ERROR - Error in Adam iteration 83: only integer tensors of a single element can be converted to an index
2025-08-27 15:12:33,952 - ERROR - Error in Adam iteration 84: only integer tensors of a single element can be converted to an index
2025-08-27 15:12:33,962 - ERROR - Error in Adam iteration 85: only integer tensors of a single element can be converted to an index
2025-08-27 15:12:33,971 - ERROR - Error in Adam iteration 86: only integer tensors of a single element can be converted to an index
2025-08-27 15:12:33,981 - ERROR - Error in Adam iteration 87: only integer tensors of a single element can be converted to an index
2025-08-27 15:12:33,990 - ERROR - Error in Adam iteration 88: only integer tensors of a single element can be converted to an index
2025-08-27 15:12:33,999 - ERROR - Error in Adam iteration 89: only integer tensors of a single element can be converted to an index
2025-08-27 15:12:34,014 - ERROR - Error in Adam iteration 90: only integer tensors of a single element can be converted to an index
2025-08-27 15:12:34,023 - ERROR - Error in Adam iteration 91: only integer tensors of a single element can be converted to an index
2025-08-27 15:12:34,031 - ERROR - Error in Adam iteration 92: only integer tensors of a single element can be converted to an index
2025-08-27 15:12:34,041 - ERROR - Error in Adam iteration 93: only integer tensors of a single element can be converted to an index
2025-08-27 15:12:34,052 - ERROR - Error in Adam iteration 94: only integer tensors of a single element can be converted to an index
2025-08-27 15:12:34,069 - ERROR - Error in Adam iteration 95: only integer tensors of a single element can be converted to an index
2025-08-27 15:12:34,078 - ERROR - Error in Adam iteration 96: only integer tensors of a single element can be converted to an index
2025-08-27 15:12:34,090 - ERROR - Error in Adam iteration 97: only integer tensors of a single element can be converted to an index
2025-08-27 15:12:34,099 - ERROR - Error in Adam iteration 98: only integer tensors of a single element can be converted to an index
2025-08-27 15:12:34,111 - ERROR - Error in Adam iteration 99: only integer tensors of a single element can be converted to an index
2025-08-27 15:12:34,123 - ERROR - Error in Adam iteration 100: only integer tensors of a single element can be converted to an index
2025-08-27 15:12:34,134 - ERROR - Error in Adam iteration 101: only integer tensors of a single element can be converted to an index
2025-08-27 15:12:34,150 - ERROR - Error in Adam iteration 102: only integer tensors of a single element can be converted to an index
2025-08-27 15:12:34,166 - ERROR - Error in Adam iteration 103: only integer tensors of a single element can be converted to an index
2025-08-27 15:12:34,183 - ERROR - Error in Adam iteration 104: only integer tensors of a single element can be converted to an index
2025-08-27 15:12:34,200 - ERROR - Error in Adam iteration 105: only integer tensors of a single element can be converted to an index
2025-08-27 15:12:34,208 - ERROR - Error in Adam iteration 106: only integer tensors of a single element can be converted to an index
2025-08-27 15:12:34,217 - ERROR - Error in Adam iteration 107: only integer tensors of a single element can be converted to an index
2025-08-27 15:12:34,234 - ERROR - Error in Adam iteration 108: only integer tensors of a single element can be converted to an index
2025-08-27 15:12:34,245 - ERROR - Error in Adam iteration 109: only integer tensors of a single element can be converted to an index
2025-08-27 15:12:34,263 - ERROR - Error in Adam iteration 110: only integer tensors of a single element can be converted to an index
2025-08-27 15:12:34,271 - ERROR - Error in Adam iteration 111: only integer tensors of a single element can be converted to an index
2025-08-27 15:12:34,281 - ERROR - Error in Adam iteration 112: only integer tensors of a single element can be converted to an index
2025-08-27 15:12:34,293 - ERROR - Error in Adam iteration 113: only integer tensors of a single element can be converted to an index
2025-08-27 15:12:34,301 - ERROR - Error in Adam iteration 114: only integer tensors of a single element can be converted to an index
2025-08-27 15:12:34,313 - ERROR - Error in Adam iteration 115: only integer tensors of a single element can be converted to an index
2025-08-27 15:12:34,324 - ERROR - Error in Adam iteration 116: only integer tensors of a single element can be converted to an index
2025-08-27 15:12:34,339 - ERROR - Error in Adam iteration 117: only integer tensors of a single element can be converted to an index
2025-08-27 15:12:34,349 - ERROR - Error in Adam iteration 118: only integer tensors of a single element can be converted to an index
2025-08-27 15:12:34,365 - ERROR - Error in Adam iteration 119: only integer tensors of a single element can be converted to an index
2025-08-27 15:12:34,375 - ERROR - Error in Adam iteration 120: only integer tensors of a single element can be converted to an index
2025-08-27 15:12:34,385 - ERROR - Error in Adam iteration 121: only integer tensors of a single element can be converted to an index
2025-08-27 15:12:34,400 - ERROR - Error in Adam iteration 122: only integer tensors of a single element can be converted to an index
2025-08-27 15:12:34,414 - ERROR - Error in Adam iteration 123: only integer tensors of a single element can be converted to an index
2025-08-27 15:12:34,426 - ERROR - Error in Adam iteration 124: only integer tensors of a single element can be converted to an index
2025-08-27 15:12:34,436 - ERROR - Error in Adam iteration 125: only integer tensors of a single element can be converted to an index
2025-08-27 15:12:34,447 - ERROR - Error in Adam iteration 126: only integer tensors of a single element can be converted to an index
2025-08-27 15:12:34,454 - ERROR - Error in Adam iteration 127: only integer tensors of a single element can be converted to an index
2025-08-27 15:12:34,463 - ERROR - Error in Adam iteration 128: only integer tensors of a single element can be converted to an index
2025-08-27 15:12:34,475 - ERROR - Error in Adam iteration 129: only integer tensors of a single element can be converted to an index
2025-08-27 15:12:34,484 - ERROR - Error in Adam iteration 130: only integer tensors of a single element can be converted to an index
2025-08-27 15:12:34,494 - ERROR - Error in Adam iteration 131: only integer tensors of a single element can be converted to an index
2025-08-27 15:12:34,504 - ERROR - Error in Adam iteration 132: only integer tensors of a single element can be converted to an index
2025-08-27 15:12:34,515 - ERROR - Error in Adam iteration 133: only integer tensors of a single element can be converted to an index
2025-08-27 15:12:34,527 - ERROR - Error in Adam iteration 134: only integer tensors of a single element can be converted to an index
2025-08-27 15:12:34,536 - ERROR - Error in Adam iteration 135: only integer tensors of a single element can be converted to an index
2025-08-27 15:12:34,548 - ERROR - Error in Adam iteration 136: only integer tensors of a single element can be converted to an index
2025-08-27 15:12:34,558 - ERROR - Error in Adam iteration 137: only integer tensors of a single element can be converted to an index
2025-08-27 15:12:34,569 - ERROR - Error in Adam iteration 138: only integer tensors of a single element can be converted to an index
2025-08-27 15:12:34,582 - ERROR - Error in Adam iteration 139: only integer tensors of a single element can be converted to an index
2025-08-27 15:12:34,602 - ERROR - Error in Adam iteration 140: only integer tensors of a single element can be converted to an index
2025-08-27 15:12:34,617 - ERROR - Error in Adam iteration 141: only integer tensors of a single element can be converted to an index
2025-08-27 15:12:34,637 - ERROR - Error in Adam iteration 142: only integer tensors of a single element can be converted to an index
2025-08-27 15:12:34,649 - ERROR - Error in Adam iteration 143: only integer tensors of a single element can be converted to an index
2025-08-27 15:12:34,660 - ERROR - Error in Adam iteration 144: only integer tensors of a single element can be converted to an index
2025-08-27 15:12:34,670 - ERROR - Error in Adam iteration 145: only integer tensors of a single element can be converted to an index
2025-08-27 15:12:34,682 - ERROR - Error in Adam iteration 146: only integer tensors of a single element can be converted to an index
2025-08-27 15:12:34,701 - ERROR - Error in Adam iteration 147: only integer tensors of a single element can be converted to an index
2025-08-27 15:12:34,719 - ERROR - Error in Adam iteration 148: only integer tensors of a single element can be converted to an index
2025-08-27 15:12:34,738 - ERROR - Error in Adam iteration 149: only integer tensors of a single element can be converted to an index
2025-08-27 15:12:34,755 - ERROR - Error in Adam iteration 150: only integer tensors of a single element can be converted to an index
2025-08-27 15:12:34,767 - ERROR - Error in Adam iteration 151: only integer tensors of a single element can be converted to an index
2025-08-27 15:12:34,780 - ERROR - Error in Adam iteration 152: only integer tensors of a single element can be converted to an index
2025-08-27 15:12:34,792 - ERROR - Error in Adam iteration 153: only integer tensors of a single element can be converted to an index
2025-08-27 15:12:34,806 - ERROR - Error in Adam iteration 154: only integer tensors of a single element can be converted to an index
2025-08-27 15:12:34,816 - ERROR - Error in Adam iteration 155: only integer tensors of a single element can be converted to an index
2025-08-27 15:12:34,830 - ERROR - Error in Adam iteration 156: only integer tensors of a single element can be converted to an index
2025-08-27 15:12:34,841 - ERROR - Error in Adam iteration 157: only integer tensors of a single element can be converted to an index
2025-08-27 15:12:34,853 - ERROR - Error in Adam iteration 158: only integer tensors of a single element can be converted to an index
2025-08-27 15:12:34,868 - ERROR - Error in Adam iteration 159: only integer tensors of a single element can be converted to an index
2025-08-27 15:12:34,876 - ERROR - Error in Adam iteration 160: only integer tensors of a single element can be converted to an index
2025-08-27 15:12:34,886 - ERROR - Error in Adam iteration 161: only integer tensors of a single element can be converted to an index
2025-08-27 15:12:34,903 - ERROR - Error in Adam iteration 162: only integer tensors of a single element can be converted to an index
2025-08-27 15:12:34,911 - ERROR - Error in Adam iteration 163: only integer tensors of a single element can be converted to an index
2025-08-27 15:12:34,928 - ERROR - Error in Adam iteration 164: only integer tensors of a single element can be converted to an index
2025-08-27 15:12:34,938 - ERROR - Error in Adam iteration 165: only integer tensors of a single element can be converted to an index
2025-08-27 15:12:34,951 - ERROR - Error in Adam iteration 166: only integer tensors of a single element can be converted to an index
2025-08-27 15:12:34,961 - ERROR - Error in Adam iteration 167: only integer tensors of a single element can be converted to an index
2025-08-27 15:12:34,971 - ERROR - Error in Adam iteration 168: only integer tensors of a single element can be converted to an index
2025-08-27 15:12:34,980 - ERROR - Error in Adam iteration 169: only integer tensors of a single element can be converted to an index
2025-08-27 15:12:34,996 - ERROR - Error in Adam iteration 170: only integer tensors of a single element can be converted to an index
2025-08-27 15:12:35,007 - ERROR - Error in Adam iteration 171: only integer tensors of a single element can be converted to an index
2025-08-27 15:12:35,018 - ERROR - Error in Adam iteration 172: only integer tensors of a single element can be converted to an index
2025-08-27 15:12:35,030 - ERROR - Error in Adam iteration 173: only integer tensors of a single element can be converted to an index
2025-08-27 15:12:35,039 - ERROR - Error in Adam iteration 174: only integer tensors of a single element can be converted to an index
2025-08-27 15:12:35,049 - ERROR - Error in Adam iteration 175: only integer tensors of a single element can be converted to an index
2025-08-27 15:12:35,058 - ERROR - Error in Adam iteration 176: only integer tensors of a single element can be converted to an index
2025-08-27 15:12:35,071 - ERROR - Error in Adam iteration 177: only integer tensors of a single element can be converted to an index
2025-08-27 15:12:35,082 - ERROR - Error in Adam iteration 178: only integer tensors of a single element can be converted to an index
2025-08-27 15:12:35,091 - ERROR - Error in Adam iteration 179: only integer tensors of a single element can be converted to an index
2025-08-27 15:12:35,100 - ERROR - Error in Adam iteration 180: only integer tensors of a single element can be converted to an index
2025-08-27 15:12:35,109 - ERROR - Error in Adam iteration 181: only integer tensors of a single element can be converted to an index
2025-08-27 15:12:35,119 - ERROR - Error in Adam iteration 182: only integer tensors of a single element can be converted to an index
2025-08-27 15:12:35,131 - ERROR - Error in Adam iteration 183: only integer tensors of a single element can be converted to an index
2025-08-27 15:12:35,146 - ERROR - Error in Adam iteration 184: only integer tensors of a single element can be converted to an index
2025-08-27 15:12:35,155 - ERROR - Error in Adam iteration 185: only integer tensors of a single element can be converted to an index
2025-08-27 15:12:35,172 - ERROR - Error in Adam iteration 186: only integer tensors of a single element can be converted to an index
2025-08-27 15:12:35,180 - ERROR - Error in Adam iteration 187: only integer tensors of a single element can be converted to an index
2025-08-27 15:12:35,190 - ERROR - Error in Adam iteration 188: only integer tensors of a single element can be converted to an index
2025-08-27 15:12:35,204 - ERROR - Error in Adam iteration 189: only integer tensors of a single element can be converted to an index
2025-08-27 15:12:35,217 - ERROR - Error in Adam iteration 190: only integer tensors of a single element can be converted to an index
2025-08-27 15:12:35,227 - ERROR - Error in Adam iteration 191: only integer tensors of a single element can be converted to an index
2025-08-27 15:12:35,236 - ERROR - Error in Adam iteration 192: only integer tensors of a single element can be converted to an index
2025-08-27 15:12:35,244 - ERROR - Error in Adam iteration 193: only integer tensors of a single element can be converted to an index
2025-08-27 15:12:35,253 - ERROR - Error in Adam iteration 194: only integer tensors of a single element can be converted to an index
2025-08-27 15:12:35,262 - ERROR - Error in Adam iteration 195: only integer tensors of a single element can be converted to an index
2025-08-27 15:12:35,273 - ERROR - Error in Adam iteration 196: only integer tensors of a single element can be converted to an index
2025-08-27 15:12:35,289 - ERROR - Error in Adam iteration 197: only integer tensors of a single element can be converted to an index
2025-08-27 15:12:35,300 - ERROR - Error in Adam iteration 198: only integer tensors of a single element can be converted to an index
2025-08-27 15:12:35,315 - ERROR - Error in Adam iteration 199: only integer tensors of a single element can be converted to an index
2025-08-27 15:12:35,324 - ERROR - Error in Adam iteration 200: only integer tensors of a single element can be converted to an index
2025-08-27 15:12:35,333 - ERROR - Error in Adam iteration 201: only integer tensors of a single element can be converted to an index
2025-08-27 15:12:35,345 - ERROR - Error in Adam iteration 202: only integer tensors of a single element can be converted to an index
2025-08-27 15:12:35,355 - ERROR - Error in Adam iteration 203: only integer tensors of a single element can be converted to an index
2025-08-27 15:12:35,364 - ERROR - Error in Adam iteration 204: only integer tensors of a single element can be converted to an index
2025-08-27 15:12:35,372 - ERROR - Error in Adam iteration 205: only integer tensors of a single element can be converted to an index
2025-08-27 15:12:35,381 - ERROR - Error in Adam iteration 206: only integer tensors of a single element can be converted to an index
2025-08-27 15:12:35,390 - ERROR - Error in Adam iteration 207: only integer tensors of a single element can be converted to an index
2025-08-27 15:12:35,405 - ERROR - Error in Adam iteration 208: only integer tensors of a single element can be converted to an index
2025-08-27 15:12:35,415 - ERROR - Error in Adam iteration 209: only integer tensors of a single element can be converted to an index
2025-08-27 15:12:35,423 - ERROR - Error in Adam iteration 210: only integer tensors of a single element can be converted to an index
2025-08-27 15:12:35,439 - ERROR - Error in Adam iteration 211: only integer tensors of a single element can be converted to an index
2025-08-27 15:12:35,449 - ERROR - Error in Adam iteration 212: only integer tensors of a single element can be converted to an index
2025-08-27 15:12:35,459 - ERROR - Error in Adam iteration 213: only integer tensors of a single element can be converted to an index
2025-08-27 15:12:35,475 - ERROR - Error in Adam iteration 214: only integer tensors of a single element can be converted to an index
2025-08-27 15:12:35,485 - ERROR - Error in Adam iteration 215: only integer tensors of a single element can be converted to an index
2025-08-27 15:12:35,494 - ERROR - Error in Adam iteration 216: only integer tensors of a single element can be converted to an index
2025-08-27 15:12:35,501 - ERROR - Error in Adam iteration 217: only integer tensors of a single element can be converted to an index
2025-08-27 15:12:35,509 - ERROR - Error in Adam iteration 218: only integer tensors of a single element can be converted to an index
2025-08-27 15:12:35,517 - ERROR - Error in Adam iteration 219: only integer tensors of a single element can be converted to an index
2025-08-27 15:12:35,527 - ERROR - Error in Adam iteration 220: only integer tensors of a single element can be converted to an index
2025-08-27 15:12:35,535 - ERROR - Error in Adam iteration 221: only integer tensors of a single element can be converted to an index
2025-08-27 15:12:35,544 - ERROR - Error in Adam iteration 222: only integer tensors of a single element can be converted to an index
2025-08-27 15:12:35,552 - ERROR - Error in Adam iteration 223: only integer tensors of a single element can be converted to an index
2025-08-27 15:12:35,561 - ERROR - Error in Adam iteration 224: only integer tensors of a single element can be converted to an index
2025-08-27 15:12:35,574 - ERROR - Error in Adam iteration 225: only integer tensors of a single element can be converted to an index
2025-08-27 15:12:35,584 - ERROR - Error in Adam iteration 226: only integer tensors of a single element can be converted to an index
2025-08-27 15:12:35,595 - ERROR - Error in Adam iteration 227: only integer tensors of a single element can be converted to an index
2025-08-27 15:12:35,604 - ERROR - Error in Adam iteration 228: only integer tensors of a single element can be converted to an index
2025-08-27 15:12:35,615 - ERROR - Error in Adam iteration 229: only integer tensors of a single element can be converted to an index
2025-08-27 15:12:35,625 - ERROR - Error in Adam iteration 230: only integer tensors of a single element can be converted to an index
2025-08-27 15:12:35,640 - ERROR - Error in Adam iteration 231: only integer tensors of a single element can be converted to an index
2025-08-27 15:12:35,653 - ERROR - Error in Adam iteration 232: only integer tensors of a single element can be converted to an index
2025-08-27 15:12:35,661 - ERROR - Error in Adam iteration 233: only integer tensors of a single element can be converted to an index
2025-08-27 15:12:35,675 - ERROR - Error in Adam iteration 234: only integer tensors of a single element can be converted to an index
2025-08-27 15:12:35,685 - ERROR - Error in Adam iteration 235: only integer tensors of a single element can be converted to an index
2025-08-27 15:12:35,695 - ERROR - Error in Adam iteration 236: only integer tensors of a single element can be converted to an index
2025-08-27 15:12:35,705 - ERROR - Error in Adam iteration 237: only integer tensors of a single element can be converted to an index
2025-08-27 15:12:35,717 - ERROR - Error in Adam iteration 238: only integer tensors of a single element can be converted to an index
2025-08-27 15:12:35,726 - ERROR - Error in Adam iteration 239: only integer tensors of a single element can be converted to an index
2025-08-27 15:12:35,735 - ERROR - Error in Adam iteration 240: only integer tensors of a single element can be converted to an index
2025-08-27 15:12:35,745 - ERROR - Error in Adam iteration 241: only integer tensors of a single element can be converted to an index
2025-08-27 15:12:35,753 - ERROR - Error in Adam iteration 242: only integer tensors of a single element can be converted to an index
2025-08-27 15:12:35,762 - ERROR - Error in Adam iteration 243: only integer tensors of a single element can be converted to an index
2025-08-27 15:12:35,772 - ERROR - Error in Adam iteration 244: only integer tensors of a single element can be converted to an index
2025-08-27 15:12:35,781 - ERROR - Error in Adam iteration 245: only integer tensors of a single element can be converted to an index
2025-08-27 15:12:35,799 - ERROR - Error in Adam iteration 246: only integer tensors of a single element can be converted to an index
2025-08-27 15:12:35,808 - ERROR - Error in Adam iteration 247: only integer tensors of a single element can be converted to an index
2025-08-27 15:12:35,817 - ERROR - Error in Adam iteration 248: only integer tensors of a single element can be converted to an index
2025-08-27 15:12:35,825 - ERROR - Error in Adam iteration 249: only integer tensors of a single element can be converted to an index
2025-08-27 15:12:35,836 - ERROR - Error in Adam iteration 250: only integer tensors of a single element can be converted to an index
2025-08-27 15:12:35,851 - ERROR - Error in Adam iteration 251: only integer tensors of a single element can be converted to an index
2025-08-27 15:12:35,862 - ERROR - Error in Adam iteration 252: only integer tensors of a single element can be converted to an index
2025-08-27 15:12:35,870 - ERROR - Error in Adam iteration 253: only integer tensors of a single element can be converted to an index
2025-08-27 15:12:35,881 - ERROR - Error in Adam iteration 254: only integer tensors of a single element can be converted to an index
2025-08-27 15:12:35,890 - ERROR - Error in Adam iteration 255: only integer tensors of a single element can be converted to an index
2025-08-27 15:12:35,902 - ERROR - Error in Adam iteration 256: only integer tensors of a single element can be converted to an index
2025-08-27 15:12:35,913 - ERROR - Error in Adam iteration 257: only integer tensors of a single element can be converted to an index
2025-08-27 15:12:35,922 - ERROR - Error in Adam iteration 258: only integer tensors of a single element can be converted to an index
2025-08-27 15:12:35,931 - ERROR - Error in Adam iteration 259: only integer tensors of a single element can be converted to an index
2025-08-27 15:12:35,947 - ERROR - Error in Adam iteration 260: only integer tensors of a single element can be converted to an index
2025-08-27 15:12:35,957 - ERROR - Error in Adam iteration 261: only integer tensors of a single element can be converted to an index
2025-08-27 15:12:35,968 - ERROR - Error in Adam iteration 262: only integer tensors of a single element can be converted to an index
2025-08-27 15:12:35,979 - ERROR - Error in Adam iteration 263: only integer tensors of a single element can be converted to an index
2025-08-27 15:12:35,990 - ERROR - Error in Adam iteration 264: only integer tensors of a single element can be converted to an index
2025-08-27 15:12:36,000 - ERROR - Error in Adam iteration 265: only integer tensors of a single element can be converted to an index
2025-08-27 15:12:36,015 - ERROR - Error in Adam iteration 266: only integer tensors of a single element can be converted to an index
2025-08-27 15:12:36,030 - ERROR - Error in Adam iteration 267: only integer tensors of a single element can be converted to an index
2025-08-27 15:12:36,042 - ERROR - Error in Adam iteration 268: only integer tensors of a single element can be converted to an index
2025-08-27 15:12:36,056 - ERROR - Error in Adam iteration 269: only integer tensors of a single element can be converted to an index
2025-08-27 15:12:36,066 - ERROR - Error in Adam iteration 270: only integer tensors of a single element can be converted to an index
2025-08-27 15:12:36,076 - ERROR - Error in Adam iteration 271: only integer tensors of a single element can be converted to an index
2025-08-27 15:12:36,083 - ERROR - Error in Adam iteration 272: only integer tensors of a single element can be converted to an index
2025-08-27 15:12:36,095 - ERROR - Error in Adam iteration 273: only integer tensors of a single element can be converted to an index
2025-08-27 15:12:36,105 - ERROR - Error in Adam iteration 274: only integer tensors of a single element can be converted to an index
2025-08-27 15:12:36,116 - ERROR - Error in Adam iteration 275: only integer tensors of a single element can be converted to an index
2025-08-27 15:12:36,125 - ERROR - Error in Adam iteration 276: only integer tensors of a single element can be converted to an index
2025-08-27 15:12:36,135 - ERROR - Error in Adam iteration 277: only integer tensors of a single element can be converted to an index
2025-08-27 15:12:36,150 - ERROR - Error in Adam iteration 278: only integer tensors of a single element can be converted to an index
2025-08-27 15:12:36,162 - ERROR - Error in Adam iteration 279: only integer tensors of a single element can be converted to an index
2025-08-27 15:12:36,178 - ERROR - Error in Adam iteration 280: only integer tensors of a single element can be converted to an index
2025-08-27 15:12:36,187 - ERROR - Error in Adam iteration 281: only integer tensors of a single element can be converted to an index
2025-08-27 15:12:36,196 - ERROR - Error in Adam iteration 282: only integer tensors of a single element can be converted to an index
2025-08-27 15:12:36,205 - ERROR - Error in Adam iteration 283: only integer tensors of a single element can be converted to an index
2025-08-27 15:12:36,220 - ERROR - Error in Adam iteration 284: only integer tensors of a single element can be converted to an index
2025-08-27 15:12:36,230 - ERROR - Error in Adam iteration 285: only integer tensors of a single element can be converted to an index
2025-08-27 15:12:36,240 - ERROR - Error in Adam iteration 286: only integer tensors of a single element can be converted to an index
2025-08-27 15:12:36,249 - ERROR - Error in Adam iteration 287: only integer tensors of a single element can be converted to an index
2025-08-27 15:12:36,259 - ERROR - Error in Adam iteration 288: only integer tensors of a single element can be converted to an index
2025-08-27 15:12:36,269 - ERROR - Error in Adam iteration 289: only integer tensors of a single element can be converted to an index
2025-08-27 15:12:36,281 - ERROR - Error in Adam iteration 290: only integer tensors of a single element can be converted to an index
2025-08-27 15:12:36,291 - ERROR - Error in Adam iteration 291: only integer tensors of a single element can be converted to an index
2025-08-27 15:12:36,299 - ERROR - Error in Adam iteration 292: only integer tensors of a single element can be converted to an index
2025-08-27 15:12:36,309 - ERROR - Error in Adam iteration 293: only integer tensors of a single element can be converted to an index
2025-08-27 15:12:36,318 - ERROR - Error in Adam iteration 294: only integer tensors of a single element can be converted to an index
2025-08-27 15:12:36,327 - ERROR - Error in Adam iteration 295: only integer tensors of a single element can be converted to an index
2025-08-27 15:12:36,338 - ERROR - Error in Adam iteration 296: only integer tensors of a single element can be converted to an index
2025-08-27 15:12:36,349 - ERROR - Error in Adam iteration 297: only integer tensors of a single element can be converted to an index
2025-08-27 15:12:36,360 - ERROR - Error in Adam iteration 298: only integer tensors of a single element can be converted to an index
2025-08-27 15:12:36,371 - ERROR - Error in Adam iteration 299: only integer tensors of a single element can be converted to an index
2025-08-27 15:12:36,382 - ERROR - Error in Adam iteration 300: only integer tensors of a single element can be converted to an index
2025-08-27 15:12:36,394 - ERROR - Error in Adam iteration 301: only integer tensors of a single element can be converted to an index
2025-08-27 15:12:36,403 - ERROR - Error in Adam iteration 302: only integer tensors of a single element can be converted to an index
2025-08-27 15:12:36,412 - ERROR - Error in Adam iteration 303: only integer tensors of a single element can be converted to an index
2025-08-27 15:12:36,423 - ERROR - Error in Adam iteration 304: only integer tensors of a single element can be converted to an index
2025-08-27 15:12:36,436 - ERROR - Error in Adam iteration 305: only integer tensors of a single element can be converted to an index
2025-08-27 15:12:36,446 - ERROR - Error in Adam iteration 306: only integer tensors of a single element can be converted to an index
2025-08-27 15:12:36,455 - ERROR - Error in Adam iteration 307: only integer tensors of a single element can be converted to an index
2025-08-27 15:12:36,467 - ERROR - Error in Adam iteration 308: only integer tensors of a single element can be converted to an index
2025-08-27 15:12:36,479 - ERROR - Error in Adam iteration 309: only integer tensors of a single element can be converted to an index
2025-08-27 15:12:36,491 - ERROR - Error in Adam iteration 310: only integer tensors of a single element can be converted to an index
2025-08-27 15:12:36,500 - ERROR - Error in Adam iteration 311: only integer tensors of a single element can be converted to an index
2025-08-27 15:12:36,509 - ERROR - Error in Adam iteration 312: only integer tensors of a single element can be converted to an index
2025-08-27 15:12:36,519 - ERROR - Error in Adam iteration 313: only integer tensors of a single element can be converted to an index
2025-08-27 15:12:36,529 - ERROR - Error in Adam iteration 314: only integer tensors of a single element can be converted to an index
2025-08-27 15:12:36,537 - ERROR - Error in Adam iteration 315: only integer tensors of a single element can be converted to an index
2025-08-27 15:12:36,547 - ERROR - Error in Adam iteration 316: only integer tensors of a single element can be converted to an index
2025-08-27 15:12:36,554 - ERROR - Error in Adam iteration 317: only integer tensors of a single element can be converted to an index
2025-08-27 15:12:36,563 - ERROR - Error in Adam iteration 318: only integer tensors of a single element can be converted to an index
2025-08-27 15:12:36,571 - ERROR - Error in Adam iteration 319: only integer tensors of a single element can be converted to an index
2025-08-27 15:12:36,580 - ERROR - Error in Adam iteration 320: only integer tensors of a single element can be converted to an index
2025-08-27 15:12:36,589 - ERROR - Error in Adam iteration 321: only integer tensors of a single element can be converted to an index
2025-08-27 15:12:36,600 - ERROR - Error in Adam iteration 322: only integer tensors of a single element can be converted to an index
2025-08-27 15:12:36,612 - ERROR - Error in Adam iteration 323: only integer tensors of a single element can be converted to an index
2025-08-27 15:12:36,627 - ERROR - Error in Adam iteration 324: only integer tensors of a single element can be converted to an index
2025-08-27 15:12:36,637 - ERROR - Error in Adam iteration 325: only integer tensors of a single element can be converted to an index
2025-08-27 15:12:36,646 - ERROR - Error in Adam iteration 326: only integer tensors of a single element can be converted to an index
2025-08-27 15:12:36,655 - ERROR - Error in Adam iteration 327: only integer tensors of a single element can be converted to an index
2025-08-27 15:12:36,667 - ERROR - Error in Adam iteration 328: only integer tensors of a single element can be converted to an index
2025-08-27 15:12:36,677 - ERROR - Error in Adam iteration 329: only integer tensors of a single element can be converted to an index
2025-08-27 15:12:36,686 - ERROR - Error in Adam iteration 330: only integer tensors of a single element can be converted to an index
2025-08-27 15:12:36,696 - ERROR - Error in Adam iteration 331: only integer tensors of a single element can be converted to an index
2025-08-27 15:12:36,706 - ERROR - Error in Adam iteration 332: only integer tensors of a single element can be converted to an index
2025-08-27 15:12:36,716 - ERROR - Error in Adam iteration 333: only integer tensors of a single element can be converted to an index
2025-08-27 15:12:36,729 - ERROR - Error in Adam iteration 334: only integer tensors of a single element can be converted to an index
2025-08-27 15:12:36,743 - ERROR - Error in Adam iteration 335: only integer tensors of a single element can be converted to an index
2025-08-27 15:12:36,754 - ERROR - Error in Adam iteration 336: only integer tensors of a single element can be converted to an index
2025-08-27 15:12:36,764 - ERROR - Error in Adam iteration 337: only integer tensors of a single element can be converted to an index
2025-08-27 15:12:36,771 - ERROR - Error in Adam iteration 338: only integer tensors of a single element can be converted to an index
2025-08-27 15:12:36,780 - ERROR - Error in Adam iteration 339: only integer tensors of a single element can be converted to an index
2025-08-27 15:12:36,790 - ERROR - Error in Adam iteration 340: only integer tensors of a single element can be converted to an index
2025-08-27 15:12:36,799 - ERROR - Error in Adam iteration 341: only integer tensors of a single element can be converted to an index
2025-08-27 15:12:36,806 - ERROR - Error in Adam iteration 342: only integer tensors of a single element can be converted to an index
2025-08-27 15:12:36,818 - ERROR - Error in Adam iteration 343: only integer tensors of a single element can be converted to an index
2025-08-27 15:12:36,829 - ERROR - Error in Adam iteration 344: only integer tensors of a single element can be converted to an index
2025-08-27 15:12:36,839 - ERROR - Error in Adam iteration 345: only integer tensors of a single element can be converted to an index
2025-08-27 15:12:36,852 - ERROR - Error in Adam iteration 346: only integer tensors of a single element can be converted to an index
2025-08-27 15:12:36,863 - ERROR - Error in Adam iteration 347: only integer tensors of a single element can be converted to an index
2025-08-27 15:12:36,873 - ERROR - Error in Adam iteration 348: only integer tensors of a single element can be converted to an index
2025-08-27 15:12:36,886 - ERROR - Error in Adam iteration 349: only integer tensors of a single element can be converted to an index
2025-08-27 15:12:36,904 - ERROR - Error in Adam iteration 350: only integer tensors of a single element can be converted to an index
2025-08-27 15:12:36,913 - ERROR - Error in Adam iteration 351: only integer tensors of a single element can be converted to an index
2025-08-27 15:12:36,922 - ERROR - Error in Adam iteration 352: only integer tensors of a single element can be converted to an index
2025-08-27 15:12:36,930 - ERROR - Error in Adam iteration 353: only integer tensors of a single element can be converted to an index
2025-08-27 15:12:36,942 - ERROR - Error in Adam iteration 354: only integer tensors of a single element can be converted to an index
2025-08-27 15:12:36,959 - ERROR - Error in Adam iteration 355: only integer tensors of a single element can be converted to an index
2025-08-27 15:12:36,969 - ERROR - Error in Adam iteration 356: only integer tensors of a single element can be converted to an index
2025-08-27 15:12:36,978 - ERROR - Error in Adam iteration 357: only integer tensors of a single element can be converted to an index
2025-08-27 15:12:36,989 - ERROR - Error in Adam iteration 358: only integer tensors of a single element can be converted to an index
2025-08-27 15:12:37,002 - ERROR - Error in Adam iteration 359: only integer tensors of a single element can be converted to an index
2025-08-27 15:12:37,018 - ERROR - Error in Adam iteration 360: only integer tensors of a single element can be converted to an index
2025-08-27 15:12:37,030 - ERROR - Error in Adam iteration 361: only integer tensors of a single element can be converted to an index
2025-08-27 15:12:37,041 - ERROR - Error in Adam iteration 362: only integer tensors of a single element can be converted to an index
2025-08-27 15:12:37,057 - ERROR - Error in Adam iteration 363: only integer tensors of a single element can be converted to an index
2025-08-27 15:12:37,065 - ERROR - Error in Adam iteration 364: only integer tensors of a single element can be converted to an index
2025-08-27 15:12:37,073 - ERROR - Error in Adam iteration 365: only integer tensors of a single element can be converted to an index
2025-08-27 15:12:37,090 - ERROR - Error in Adam iteration 366: only integer tensors of a single element can be converted to an index
2025-08-27 15:12:37,099 - ERROR - Error in Adam iteration 367: only integer tensors of a single element can be converted to an index
2025-08-27 15:12:37,108 - ERROR - Error in Adam iteration 368: only integer tensors of a single element can be converted to an index
2025-08-27 15:12:37,125 - ERROR - Error in Adam iteration 369: only integer tensors of a single element can be converted to an index
2025-08-27 15:12:37,134 - ERROR - Error in Adam iteration 370: only integer tensors of a single element can be converted to an index
2025-08-27 15:12:37,145 - ERROR - Error in Adam iteration 371: only integer tensors of a single element can be converted to an index
2025-08-27 15:12:37,154 - ERROR - Error in Adam iteration 372: only integer tensors of a single element can be converted to an index
2025-08-27 15:12:37,164 - ERROR - Error in Adam iteration 373: only integer tensors of a single element can be converted to an index
2025-08-27 15:12:37,175 - ERROR - Error in Adam iteration 374: only integer tensors of a single element can be converted to an index
2025-08-27 15:12:37,184 - ERROR - Error in Adam iteration 375: only integer tensors of a single element can be converted to an index
2025-08-27 15:12:37,191 - ERROR - Error in Adam iteration 376: only integer tensors of a single element can be converted to an index
2025-08-27 15:12:37,201 - ERROR - Error in Adam iteration 377: only integer tensors of a single element can be converted to an index
2025-08-27 15:12:37,211 - ERROR - Error in Adam iteration 378: only integer tensors of a single element can be converted to an index
2025-08-27 15:12:37,221 - ERROR - Error in Adam iteration 379: only integer tensors of a single element can be converted to an index
2025-08-27 15:12:37,230 - ERROR - Error in Adam iteration 380: only integer tensors of a single element can be converted to an index
2025-08-27 15:12:37,240 - ERROR - Error in Adam iteration 381: only integer tensors of a single element can be converted to an index
2025-08-27 15:12:37,248 - ERROR - Error in Adam iteration 382: only integer tensors of a single element can be converted to an index
2025-08-27 15:12:37,259 - ERROR - Error in Adam iteration 383: only integer tensors of a single element can be converted to an index
2025-08-27 15:12:37,269 - ERROR - Error in Adam iteration 384: only integer tensors of a single element can be converted to an index
2025-08-27 15:12:37,278 - ERROR - Error in Adam iteration 385: only integer tensors of a single element can be converted to an index
2025-08-27 15:12:37,290 - ERROR - Error in Adam iteration 386: only integer tensors of a single element can be converted to an index
2025-08-27 15:12:37,300 - ERROR - Error in Adam iteration 387: only integer tensors of a single element can be converted to an index
2025-08-27 15:12:37,308 - ERROR - Error in Adam iteration 388: only integer tensors of a single element can be converted to an index
2025-08-27 15:12:37,317 - ERROR - Error in Adam iteration 389: only integer tensors of a single element can be converted to an index
2025-08-27 15:12:37,331 - ERROR - Error in Adam iteration 390: only integer tensors of a single element can be converted to an index
2025-08-27 15:12:37,341 - ERROR - Error in Adam iteration 391: only integer tensors of a single element can be converted to an index
2025-08-27 15:12:37,350 - ERROR - Error in Adam iteration 392: only integer tensors of a single element can be converted to an index
2025-08-27 15:12:37,361 - ERROR - Error in Adam iteration 393: only integer tensors of a single element can be converted to an index
2025-08-27 15:12:37,369 - ERROR - Error in Adam iteration 394: only integer tensors of a single element can be converted to an index
2025-08-27 15:12:37,378 - ERROR - Error in Adam iteration 395: only integer tensors of a single element can be converted to an index
2025-08-27 15:12:37,387 - ERROR - Error in Adam iteration 396: only integer tensors of a single element can be converted to an index
2025-08-27 15:12:37,398 - ERROR - Error in Adam iteration 397: only integer tensors of a single element can be converted to an index
2025-08-27 15:12:37,409 - ERROR - Error in Adam iteration 398: only integer tensors of a single element can be converted to an index
2025-08-27 15:12:37,425 - ERROR - Error in Adam iteration 399: only integer tensors of a single element can be converted to an index
2025-08-27 15:12:37,437 - ERROR - Error in Adam iteration 400: only integer tensors of a single element can be converted to an index
2025-08-27 15:12:37,456 - ERROR - Error in Adam iteration 401: only integer tensors of a single element can be converted to an index
2025-08-27 15:12:37,469 - ERROR - Error in Adam iteration 402: only integer tensors of a single element can be converted to an index
2025-08-27 15:12:37,481 - ERROR - Error in Adam iteration 403: only integer tensors of a single element can be converted to an index
2025-08-27 15:12:37,492 - ERROR - Error in Adam iteration 404: only integer tensors of a single element can be converted to an index
2025-08-27 15:12:37,502 - ERROR - Error in Adam iteration 405: only integer tensors of a single element can be converted to an index
2025-08-27 15:12:37,512 - ERROR - Error in Adam iteration 406: only integer tensors of a single element can be converted to an index
2025-08-27 15:12:37,523 - ERROR - Error in Adam iteration 407: only integer tensors of a single element can be converted to an index
2025-08-27 15:12:37,533 - ERROR - Error in Adam iteration 408: only integer tensors of a single element can be converted to an index
2025-08-27 15:12:37,543 - ERROR - Error in Adam iteration 409: only integer tensors of a single element can be converted to an index
2025-08-27 15:12:37,553 - ERROR - Error in Adam iteration 410: only integer tensors of a single element can be converted to an index
2025-08-27 15:12:37,563 - ERROR - Error in Adam iteration 411: only integer tensors of a single element can be converted to an index
2025-08-27 15:12:37,577 - ERROR - Error in Adam iteration 412: only integer tensors of a single element can be converted to an index
2025-08-27 15:12:37,590 - ERROR - Error in Adam iteration 413: only integer tensors of a single element can be converted to an index
2025-08-27 15:12:37,602 - ERROR - Error in Adam iteration 414: only integer tensors of a single element can be converted to an index
2025-08-27 15:12:37,611 - ERROR - Error in Adam iteration 415: only integer tensors of a single element can be converted to an index
2025-08-27 15:12:37,621 - ERROR - Error in Adam iteration 416: only integer tensors of a single element can be converted to an index
2025-08-27 15:12:37,629 - ERROR - Error in Adam iteration 417: only integer tensors of a single element can be converted to an index
2025-08-27 15:12:37,640 - ERROR - Error in Adam iteration 418: only integer tensors of a single element can be converted to an index
2025-08-27 15:12:37,657 - ERROR - Error in Adam iteration 419: only integer tensors of a single element can be converted to an index
2025-08-27 15:12:37,669 - ERROR - Error in Adam iteration 420: only integer tensors of a single element can be converted to an index
2025-08-27 15:12:37,679 - ERROR - Error in Adam iteration 421: only integer tensors of a single element can be converted to an index
2025-08-27 15:12:37,689 - ERROR - Error in Adam iteration 422: only integer tensors of a single element can be converted to an index
2025-08-27 15:12:37,698 - ERROR - Error in Adam iteration 423: only integer tensors of a single element can be converted to an index
2025-08-27 15:12:37,708 - ERROR - Error in Adam iteration 424: only integer tensors of a single element can be converted to an index
2025-08-27 15:12:37,723 - ERROR - Error in Adam iteration 425: only integer tensors of a single element can be converted to an index
2025-08-27 15:12:37,733 - ERROR - Error in Adam iteration 426: only integer tensors of a single element can be converted to an index
2025-08-27 15:12:37,740 - ERROR - Error in Adam iteration 427: only integer tensors of a single element can be converted to an index
2025-08-27 15:12:37,757 - ERROR - Error in Adam iteration 428: only integer tensors of a single element can be converted to an index
2025-08-27 15:12:37,771 - ERROR - Error in Adam iteration 429: only integer tensors of a single element can be converted to an index
2025-08-27 15:12:37,787 - ERROR - Error in Adam iteration 430: only integer tensors of a single element can be converted to an index
2025-08-27 15:12:37,797 - ERROR - Error in Adam iteration 431: only integer tensors of a single element can be converted to an index
2025-08-27 15:12:37,807 - ERROR - Error in Adam iteration 432: only integer tensors of a single element can be converted to an index
2025-08-27 15:12:37,823 - ERROR - Error in Adam iteration 433: only integer tensors of a single element can be converted to an index
2025-08-27 15:12:37,832 - ERROR - Error in Adam iteration 434: only integer tensors of a single element can be converted to an index
2025-08-27 15:12:37,841 - ERROR - Error in Adam iteration 435: only integer tensors of a single element can be converted to an index
2025-08-27 15:12:37,857 - ERROR - Error in Adam iteration 436: only integer tensors of a single element can be converted to an index
2025-08-27 15:12:37,866 - ERROR - Error in Adam iteration 437: only integer tensors of a single element can be converted to an index
2025-08-27 15:12:37,876 - ERROR - Error in Adam iteration 438: only integer tensors of a single element can be converted to an index
2025-08-27 15:12:37,888 - ERROR - Error in Adam iteration 439: only integer tensors of a single element can be converted to an index
2025-08-27 15:12:37,898 - ERROR - Error in Adam iteration 440: only integer tensors of a single element can be converted to an index
2025-08-27 15:12:37,906 - ERROR - Error in Adam iteration 441: only integer tensors of a single element can be converted to an index
2025-08-27 15:12:37,915 - ERROR - Error in Adam iteration 442: only integer tensors of a single element can be converted to an index
2025-08-27 15:12:37,925 - ERROR - Error in Adam iteration 443: only integer tensors of a single element can be converted to an index
2025-08-27 15:12:37,933 - ERROR - Error in Adam iteration 444: only integer tensors of a single element can be converted to an index
2025-08-27 15:12:37,940 - ERROR - Error in Adam iteration 445: only integer tensors of a single element can be converted to an index
2025-08-27 15:12:37,956 - ERROR - Error in Adam iteration 446: only integer tensors of a single element can be converted to an index
2025-08-27 15:12:37,965 - ERROR - Error in Adam iteration 447: only integer tensors of a single element can be converted to an index
2025-08-27 15:12:37,973 - ERROR - Error in Adam iteration 448: only integer tensors of a single element can be converted to an index
2025-08-27 15:12:37,985 - ERROR - Error in Adam iteration 449: only integer tensors of a single element can be converted to an index
2025-08-27 15:12:37,994 - ERROR - Error in Adam iteration 450: only integer tensors of a single element can be converted to an index
2025-08-27 15:12:38,003 - ERROR - Error in Adam iteration 451: only integer tensors of a single element can be converted to an index
2025-08-27 15:12:38,018 - ERROR - Error in Adam iteration 452: only integer tensors of a single element can be converted to an index
2025-08-27 15:12:38,028 - ERROR - Error in Adam iteration 453: only integer tensors of a single element can be converted to an index
2025-08-27 15:12:38,040 - ERROR - Error in Adam iteration 454: only integer tensors of a single element can be converted to an index
2025-08-27 15:12:38,050 - ERROR - Error in Adam iteration 455: only integer tensors of a single element can be converted to an index
2025-08-27 15:12:38,062 - ERROR - Error in Adam iteration 456: only integer tensors of a single element can be converted to an index
2025-08-27 15:12:38,072 - ERROR - Error in Adam iteration 457: only integer tensors of a single element can be converted to an index
2025-08-27 15:12:38,087 - ERROR - Error in Adam iteration 458: only integer tensors of a single element can be converted to an index
2025-08-27 15:12:38,097 - ERROR - Error in Adam iteration 459: only integer tensors of a single element can be converted to an index
2025-08-27 15:12:38,105 - ERROR - Error in Adam iteration 460: only integer tensors of a single element can be converted to an index
2025-08-27 15:12:38,114 - ERROR - Error in Adam iteration 461: only integer tensors of a single element can be converted to an index
2025-08-27 15:12:38,123 - ERROR - Error in Adam iteration 462: only integer tensors of a single element can be converted to an index
2025-08-27 15:12:38,133 - ERROR - Error in Adam iteration 463: only integer tensors of a single element can be converted to an index
2025-08-27 15:12:38,142 - ERROR - Error in Adam iteration 464: only integer tensors of a single element can be converted to an index
2025-08-27 15:12:38,151 - ERROR - Error in Adam iteration 465: only integer tensors of a single element can be converted to an index
2025-08-27 15:12:38,164 - ERROR - Error in Adam iteration 466: only integer tensors of a single element can be converted to an index
2025-08-27 15:12:38,172 - ERROR - Error in Adam iteration 467: only integer tensors of a single element can be converted to an index
2025-08-27 15:12:38,183 - ERROR - Error in Adam iteration 468: only integer tensors of a single element can be converted to an index
2025-08-27 15:12:38,191 - ERROR - Error in Adam iteration 469: only integer tensors of a single element can be converted to an index
2025-08-27 15:12:38,199 - ERROR - Error in Adam iteration 470: only integer tensors of a single element can be converted to an index
2025-08-27 15:12:38,209 - ERROR - Error in Adam iteration 471: only integer tensors of a single element can be converted to an index
2025-08-27 15:12:38,220 - ERROR - Error in Adam iteration 472: only integer tensors of a single element can be converted to an index
2025-08-27 15:12:38,236 - ERROR - Error in Adam iteration 473: only integer tensors of a single element can be converted to an index
2025-08-27 15:12:38,244 - ERROR - Error in Adam iteration 474: only integer tensors of a single element can be converted to an index
2025-08-27 15:12:38,260 - ERROR - Error in Adam iteration 475: only integer tensors of a single element can be converted to an index
2025-08-27 15:12:38,269 - ERROR - Error in Adam iteration 476: only integer tensors of a single element can be converted to an index
2025-08-27 15:12:38,277 - INFO - Training interrupted by user
2025-08-27 15:12:38,279 - INFO - Checkpoint saved: checkpoints\checkpoint_interrupted_0.pth
2025-08-27 15:12:38,280 - INFO - Training completed in 6.07 seconds
2025-08-27 15:12:38,280 - INFO - Final best loss: inf
2025-08-27 15:13:25,668 - INFO - Using GPU: cuda:0
2025-08-27 15:13:25,736 - WARNING - Found NaN values in outputs, filling with zeros
2025-08-27 15:13:25,739 - INFO - Loaded 100000 samples from data\train_data.csv
2025-08-27 15:13:25,756 - WARNING - Found NaN values in outputs, filling with zeros
2025-08-27 15:13:25,756 - INFO - Loaded 20000 samples from data\test_data.csv
2025-08-27 15:13:25,896 - INFO - Loaded datasets: train=100000, test=20000, physics=10000
2025-08-27 15:13:25,966 - INFO - PINN trainer initialized on device: cuda:0
2025-08-27 15:13:25,967 - INFO - Starting Adam optimization phase...
2025-08-27 15:13:26,671 - ERROR - Error in Adam iteration 0: only integer tensors of a single element can be converted to an index
2025-08-27 15:13:26,749 - ERROR - Error in Adam iteration 1: only integer tensors of a single element can be converted to an index
2025-08-27 15:13:26,762 - ERROR - Error in Adam iteration 2: only integer tensors of a single element can be converted to an index
2025-08-27 15:13:26,777 - ERROR - Error in Adam iteration 3: only integer tensors of a single element can be converted to an index
2025-08-27 15:13:26,790 - ERROR - Error in Adam iteration 4: only integer tensors of a single element can be converted to an index
2025-08-27 15:13:26,807 - ERROR - Error in Adam iteration 5: only integer tensors of a single element can be converted to an index
2025-08-27 15:13:26,819 - ERROR - Error in Adam iteration 6: only integer tensors of a single element can be converted to an index
2025-08-27 15:13:26,832 - ERROR - Error in Adam iteration 7: only integer tensors of a single element can be converted to an index
2025-08-27 15:13:26,843 - ERROR - Error in Adam iteration 8: only integer tensors of a single element can be converted to an index
2025-08-27 15:13:26,853 - ERROR - Error in Adam iteration 9: only integer tensors of a single element can be converted to an index
2025-08-27 15:13:26,861 - ERROR - Error in Adam iteration 10: only integer tensors of a single element can be converted to an index
2025-08-27 15:13:26,879 - ERROR - Error in Adam iteration 11: only integer tensors of a single element can be converted to an index
2025-08-27 15:13:26,889 - ERROR - Error in Adam iteration 12: only integer tensors of a single element can be converted to an index
2025-08-27 15:13:26,907 - ERROR - Error in Adam iteration 13: only integer tensors of a single element can be converted to an index
2025-08-27 15:13:26,920 - ERROR - Error in Adam iteration 14: only integer tensors of a single element can be converted to an index
2025-08-27 15:13:26,931 - ERROR - Error in Adam iteration 15: only integer tensors of a single element can be converted to an index
2025-08-27 15:13:26,949 - ERROR - Error in Adam iteration 16: only integer tensors of a single element can be converted to an index
2025-08-27 15:13:26,960 - ERROR - Error in Adam iteration 17: only integer tensors of a single element can be converted to an index
2025-08-27 15:13:26,978 - ERROR - Error in Adam iteration 18: only integer tensors of a single element can be converted to an index
2025-08-27 15:13:26,994 - ERROR - Error in Adam iteration 19: only integer tensors of a single element can be converted to an index
2025-08-27 15:13:27,011 - ERROR - Error in Adam iteration 20: only integer tensors of a single element can be converted to an index
2025-08-27 15:13:27,025 - ERROR - Error in Adam iteration 21: only integer tensors of a single element can be converted to an index
2025-08-27 15:13:27,042 - ERROR - Error in Adam iteration 22: only integer tensors of a single element can be converted to an index
2025-08-27 15:13:27,054 - ERROR - Error in Adam iteration 23: only integer tensors of a single element can be converted to an index
2025-08-27 15:13:27,067 - ERROR - Error in Adam iteration 24: only integer tensors of a single element can be converted to an index
2025-08-27 15:13:27,085 - ERROR - Error in Adam iteration 25: only integer tensors of a single element can be converted to an index
2025-08-27 15:13:27,102 - ERROR - Error in Adam iteration 26: only integer tensors of a single element can be converted to an index
2025-08-27 15:13:27,117 - ERROR - Error in Adam iteration 27: only integer tensors of a single element can be converted to an index
2025-08-27 15:13:27,131 - ERROR - Error in Adam iteration 28: only integer tensors of a single element can be converted to an index
2025-08-27 15:13:27,149 - ERROR - Error in Adam iteration 29: only integer tensors of a single element can be converted to an index
2025-08-27 15:13:27,164 - ERROR - Error in Adam iteration 30: only integer tensors of a single element can be converted to an index
2025-08-27 15:13:27,172 - ERROR - Error in Adam iteration 31: only integer tensors of a single element can be converted to an index
2025-08-27 15:13:27,184 - ERROR - Error in Adam iteration 32: only integer tensors of a single element can be converted to an index
2025-08-27 15:13:27,198 - ERROR - Error in Adam iteration 33: only integer tensors of a single element can be converted to an index
2025-08-27 15:13:27,209 - ERROR - Error in Adam iteration 34: only integer tensors of a single element can be converted to an index
2025-08-27 15:13:27,228 - ERROR - Error in Adam iteration 35: only integer tensors of a single element can be converted to an index
2025-08-27 15:13:27,239 - ERROR - Error in Adam iteration 36: only integer tensors of a single element can be converted to an index
2025-08-27 15:13:27,257 - ERROR - Error in Adam iteration 37: only integer tensors of a single element can be converted to an index
2025-08-27 15:13:27,275 - ERROR - Error in Adam iteration 38: only integer tensors of a single element can be converted to an index
2025-08-27 15:13:27,292 - ERROR - Error in Adam iteration 39: only integer tensors of a single element can be converted to an index
2025-08-27 15:13:27,310 - ERROR - Error in Adam iteration 40: only integer tensors of a single element can be converted to an index
2025-08-27 15:13:27,322 - ERROR - Error in Adam iteration 41: only integer tensors of a single element can be converted to an index
2025-08-27 15:13:27,337 - ERROR - Error in Adam iteration 42: only integer tensors of a single element can be converted to an index
2025-08-27 15:13:27,349 - ERROR - Error in Adam iteration 43: only integer tensors of a single element can be converted to an index
2025-08-27 15:13:27,358 - ERROR - Error in Adam iteration 44: only integer tensors of a single element can be converted to an index
2025-08-27 15:13:27,375 - ERROR - Error in Adam iteration 45: only integer tensors of a single element can be converted to an index
2025-08-27 15:13:27,385 - ERROR - Error in Adam iteration 46: only integer tensors of a single element can be converted to an index
2025-08-27 15:13:27,400 - ERROR - Error in Adam iteration 47: only integer tensors of a single element can be converted to an index
2025-08-27 15:13:27,411 - ERROR - Error in Adam iteration 48: only integer tensors of a single element can be converted to an index
2025-08-27 15:13:27,421 - ERROR - Error in Adam iteration 49: only integer tensors of a single element can be converted to an index
2025-08-27 15:13:27,433 - ERROR - Error in Adam iteration 50: only integer tensors of a single element can be converted to an index
2025-08-27 15:13:27,442 - ERROR - Error in Adam iteration 51: only integer tensors of a single element can be converted to an index
2025-08-27 15:13:27,453 - ERROR - Error in Adam iteration 52: only integer tensors of a single element can be converted to an index
2025-08-27 15:13:27,472 - ERROR - Error in Adam iteration 53: only integer tensors of a single element can be converted to an index
2025-08-27 15:13:27,489 - ERROR - Error in Adam iteration 54: only integer tensors of a single element can be converted to an index
2025-08-27 15:13:27,501 - ERROR - Error in Adam iteration 55: only integer tensors of a single element can be converted to an index
2025-08-27 15:13:27,510 - ERROR - Error in Adam iteration 56: only integer tensors of a single element can be converted to an index
2025-08-27 15:13:27,527 - ERROR - Error in Adam iteration 57: only integer tensors of a single element can be converted to an index
2025-08-27 15:13:27,546 - ERROR - Error in Adam iteration 58: only integer tensors of a single element can be converted to an index
2025-08-27 15:13:27,559 - ERROR - Error in Adam iteration 59: only integer tensors of a single element can be converted to an index
2025-08-27 15:13:27,571 - ERROR - Error in Adam iteration 60: only integer tensors of a single element can be converted to an index
2025-08-27 15:13:27,594 - ERROR - Error in Adam iteration 61: only integer tensors of a single element can be converted to an index
2025-08-27 15:13:27,606 - ERROR - Error in Adam iteration 62: only integer tensors of a single element can be converted to an index
2025-08-27 15:13:27,625 - ERROR - Error in Adam iteration 63: only integer tensors of a single element can be converted to an index
2025-08-27 15:13:27,643 - ERROR - Error in Adam iteration 64: only integer tensors of a single element can be converted to an index
2025-08-27 15:13:27,659 - ERROR - Error in Adam iteration 65: only integer tensors of a single element can be converted to an index
2025-08-27 15:13:27,670 - ERROR - Error in Adam iteration 66: only integer tensors of a single element can be converted to an index
2025-08-27 15:13:27,687 - ERROR - Error in Adam iteration 67: only integer tensors of a single element can be converted to an index
2025-08-27 15:13:27,705 - ERROR - Error in Adam iteration 68: only integer tensors of a single element can be converted to an index
2025-08-27 15:13:27,716 - ERROR - Error in Adam iteration 69: only integer tensors of a single element can be converted to an index
2025-08-27 15:13:27,725 - ERROR - Error in Adam iteration 70: only integer tensors of a single element can be converted to an index
2025-08-27 15:13:27,743 - ERROR - Error in Adam iteration 71: only integer tensors of a single element can be converted to an index
2025-08-27 15:13:27,759 - ERROR - Error in Adam iteration 72: only integer tensors of a single element can be converted to an index
2025-08-27 15:13:27,771 - ERROR - Error in Adam iteration 73: only integer tensors of a single element can be converted to an index
2025-08-27 15:13:27,789 - ERROR - Error in Adam iteration 74: only integer tensors of a single element can be converted to an index
2025-08-27 15:13:27,804 - ERROR - Error in Adam iteration 75: only integer tensors of a single element can be converted to an index
2025-08-27 15:13:27,823 - ERROR - Error in Adam iteration 76: only integer tensors of a single element can be converted to an index
2025-08-27 15:13:27,834 - ERROR - Error in Adam iteration 77: only integer tensors of a single element can be converted to an index
2025-08-27 15:13:27,847 - ERROR - Error in Adam iteration 78: only integer tensors of a single element can be converted to an index
2025-08-27 15:13:27,856 - ERROR - Error in Adam iteration 79: only integer tensors of a single element can be converted to an index
2025-08-27 15:13:27,865 - ERROR - Error in Adam iteration 80: only integer tensors of a single element can be converted to an index
2025-08-27 15:13:27,877 - ERROR - Error in Adam iteration 81: only integer tensors of a single element can be converted to an index
2025-08-27 15:13:27,886 - ERROR - Error in Adam iteration 82: only integer tensors of a single element can be converted to an index
2025-08-27 15:13:27,899 - ERROR - Error in Adam iteration 83: only integer tensors of a single element can be converted to an index
2025-08-27 15:13:27,913 - ERROR - Error in Adam iteration 84: only integer tensors of a single element can be converted to an index
2025-08-27 15:13:27,929 - ERROR - Error in Adam iteration 85: only integer tensors of a single element can be converted to an index
2025-08-27 15:13:27,943 - ERROR - Error in Adam iteration 86: only integer tensors of a single element can be converted to an index
2025-08-27 15:13:27,957 - ERROR - Error in Adam iteration 87: only integer tensors of a single element can be converted to an index
2025-08-27 15:13:27,968 - ERROR - Error in Adam iteration 88: only integer tensors of a single element can be converted to an index
2025-08-27 15:13:27,978 - ERROR - Error in Adam iteration 89: only integer tensors of a single element can be converted to an index
2025-08-27 15:13:27,995 - ERROR - Error in Adam iteration 90: only integer tensors of a single element can be converted to an index
2025-08-27 15:13:28,005 - ERROR - Error in Adam iteration 91: only integer tensors of a single element can be converted to an index
2025-08-27 15:13:28,015 - ERROR - Error in Adam iteration 92: only integer tensors of a single element can be converted to an index
2025-08-27 15:13:28,033 - ERROR - Error in Adam iteration 93: only integer tensors of a single element can be converted to an index
2025-08-27 15:13:28,050 - ERROR - Error in Adam iteration 94: only integer tensors of a single element can be converted to an index
2025-08-27 15:13:28,067 - ERROR - Error in Adam iteration 95: only integer tensors of a single element can be converted to an index
2025-08-27 15:13:28,076 - ERROR - Error in Adam iteration 96: only integer tensors of a single element can be converted to an index
2025-08-27 15:13:28,088 - ERROR - Error in Adam iteration 97: only integer tensors of a single element can be converted to an index
2025-08-27 15:13:28,097 - ERROR - Error in Adam iteration 98: only integer tensors of a single element can be converted to an index
2025-08-27 15:13:28,110 - ERROR - Error in Adam iteration 99: only integer tensors of a single element can be converted to an index
2025-08-27 15:13:28,126 - ERROR - Error in Adam iteration 100: only integer tensors of a single element can be converted to an index
2025-08-27 15:13:28,140 - ERROR - Error in Adam iteration 101: only integer tensors of a single element can be converted to an index
2025-08-27 15:13:28,153 - ERROR - Error in Adam iteration 102: only integer tensors of a single element can be converted to an index
2025-08-27 15:13:28,164 - ERROR - Error in Adam iteration 103: only integer tensors of a single element can be converted to an index
2025-08-27 15:13:28,182 - ERROR - Error in Adam iteration 104: only integer tensors of a single element can be converted to an index
2025-08-27 15:13:28,199 - ERROR - Error in Adam iteration 105: only integer tensors of a single element can be converted to an index
2025-08-27 15:13:28,208 - ERROR - Error in Adam iteration 106: only integer tensors of a single element can be converted to an index
2025-08-27 15:13:28,219 - ERROR - Error in Adam iteration 107: only integer tensors of a single element can be converted to an index
2025-08-27 15:13:28,236 - ERROR - Error in Adam iteration 108: only integer tensors of a single element can be converted to an index
2025-08-27 15:13:28,246 - ERROR - Error in Adam iteration 109: only integer tensors of a single element can be converted to an index
2025-08-27 15:13:28,264 - ERROR - Error in Adam iteration 110: only integer tensors of a single element can be converted to an index
2025-08-27 15:13:28,280 - ERROR - Error in Adam iteration 111: only integer tensors of a single element can be converted to an index
2025-08-27 15:13:28,297 - ERROR - Error in Adam iteration 112: only integer tensors of a single element can be converted to an index
2025-08-27 15:13:28,308 - ERROR - Error in Adam iteration 113: only integer tensors of a single element can be converted to an index
2025-08-27 15:13:28,319 - ERROR - Error in Adam iteration 114: only integer tensors of a single element can be converted to an index
2025-08-27 15:13:28,339 - ERROR - Error in Adam iteration 115: only integer tensors of a single element can be converted to an index
2025-08-27 15:13:28,351 - ERROR - Error in Adam iteration 116: only integer tensors of a single element can be converted to an index
2025-08-27 15:13:28,363 - ERROR - Error in Adam iteration 117: only integer tensors of a single element can be converted to an index
2025-08-27 15:13:28,375 - ERROR - Error in Adam iteration 118: only integer tensors of a single element can be converted to an index
2025-08-27 15:13:28,386 - ERROR - Error in Adam iteration 119: only integer tensors of a single element can be converted to an index
2025-08-27 15:13:28,401 - ERROR - Error in Adam iteration 120: only integer tensors of a single element can be converted to an index
2025-08-27 15:13:28,419 - ERROR - Error in Adam iteration 121: only integer tensors of a single element can be converted to an index
2025-08-27 15:13:28,431 - ERROR - Error in Adam iteration 122: only integer tensors of a single element can be converted to an index
2025-08-27 15:13:28,443 - ERROR - Error in Adam iteration 123: only integer tensors of a single element can be converted to an index
2025-08-27 15:13:28,456 - ERROR - Error in Adam iteration 124: only integer tensors of a single element can be converted to an index
2025-08-27 15:13:28,465 - ERROR - Error in Adam iteration 125: only integer tensors of a single element can be converted to an index
2025-08-27 15:13:28,480 - ERROR - Error in Adam iteration 126: only integer tensors of a single element can be converted to an index
2025-08-27 15:13:28,491 - ERROR - Error in Adam iteration 127: only integer tensors of a single element can be converted to an index
2025-08-27 15:13:28,501 - ERROR - Error in Adam iteration 128: only integer tensors of a single element can be converted to an index
2025-08-27 15:13:28,510 - ERROR - Error in Adam iteration 129: only integer tensors of a single element can be converted to an index
2025-08-27 15:13:28,518 - ERROR - Error in Adam iteration 130: only integer tensors of a single element can be converted to an index
2025-08-27 15:13:28,537 - ERROR - Error in Adam iteration 131: only integer tensors of a single element can be converted to an index
2025-08-27 15:13:28,553 - ERROR - Error in Adam iteration 132: only integer tensors of a single element can be converted to an index
2025-08-27 15:13:28,563 - ERROR - Error in Adam iteration 133: only integer tensors of a single element can be converted to an index
2025-08-27 15:13:28,576 - ERROR - Error in Adam iteration 134: only integer tensors of a single element can be converted to an index
2025-08-27 15:13:28,587 - ERROR - Error in Adam iteration 135: only integer tensors of a single element can be converted to an index
2025-08-27 15:13:28,599 - ERROR - Error in Adam iteration 136: only integer tensors of a single element can be converted to an index
2025-08-27 15:13:28,611 - ERROR - Error in Adam iteration 137: only integer tensors of a single element can be converted to an index
2025-08-27 15:13:28,624 - ERROR - Error in Adam iteration 138: only integer tensors of a single element can be converted to an index
2025-08-27 15:13:28,636 - ERROR - Error in Adam iteration 139: only integer tensors of a single element can be converted to an index
2025-08-27 15:13:28,652 - ERROR - Error in Adam iteration 140: only integer tensors of a single element can be converted to an index
2025-08-27 15:13:28,663 - ERROR - Error in Adam iteration 141: only integer tensors of a single element can be converted to an index
2025-08-27 15:13:28,680 - ERROR - Error in Adam iteration 142: only integer tensors of a single element can be converted to an index
2025-08-27 15:13:28,697 - ERROR - Error in Adam iteration 143: only integer tensors of a single element can be converted to an index
2025-08-27 15:13:28,713 - ERROR - Error in Adam iteration 144: only integer tensors of a single element can be converted to an index
2025-08-27 15:13:28,729 - ERROR - Error in Adam iteration 145: only integer tensors of a single element can be converted to an index
2025-08-27 15:13:28,740 - ERROR - Error in Adam iteration 146: only integer tensors of a single element can be converted to an index
2025-08-27 15:13:28,754 - ERROR - Error in Adam iteration 147: only integer tensors of a single element can be converted to an index
2025-08-27 15:13:28,769 - ERROR - Error in Adam iteration 148: only integer tensors of a single element can be converted to an index
2025-08-27 15:13:28,783 - ERROR - Error in Adam iteration 149: only integer tensors of a single element can be converted to an index
2025-08-27 15:13:28,792 - ERROR - Error in Adam iteration 150: only integer tensors of a single element can be converted to an index
2025-08-27 15:13:28,803 - ERROR - Error in Adam iteration 151: only integer tensors of a single element can be converted to an index
2025-08-27 15:13:28,814 - ERROR - Error in Adam iteration 152: only integer tensors of a single element can be converted to an index
2025-08-27 15:13:28,833 - ERROR - Error in Adam iteration 153: only integer tensors of a single element can be converted to an index
2025-08-27 15:13:28,841 - ERROR - Error in Adam iteration 154: only integer tensors of a single element can be converted to an index
2025-08-27 15:13:28,853 - ERROR - Error in Adam iteration 155: only integer tensors of a single element can be converted to an index
2025-08-27 15:13:28,873 - ERROR - Error in Adam iteration 156: only integer tensors of a single element can be converted to an index
2025-08-27 15:13:28,893 - ERROR - Error in Adam iteration 157: only integer tensors of a single element can be converted to an index
2025-08-27 15:13:28,911 - ERROR - Error in Adam iteration 158: only integer tensors of a single element can be converted to an index
2025-08-27 15:13:28,922 - ERROR - Error in Adam iteration 159: only integer tensors of a single element can be converted to an index
2025-08-27 15:13:28,939 - ERROR - Error in Adam iteration 160: only integer tensors of a single element can be converted to an index
2025-08-27 15:13:28,954 - ERROR - Error in Adam iteration 161: only integer tensors of a single element can be converted to an index
2025-08-27 15:13:28,964 - ERROR - Error in Adam iteration 162: only integer tensors of a single element can be converted to an index
2025-08-27 15:13:28,975 - ERROR - Error in Adam iteration 163: only integer tensors of a single element can be converted to an index
2025-08-27 15:13:28,986 - ERROR - Error in Adam iteration 164: only integer tensors of a single element can be converted to an index
2025-08-27 15:13:28,996 - ERROR - Error in Adam iteration 165: only integer tensors of a single element can be converted to an index
2025-08-27 15:13:29,006 - ERROR - Error in Adam iteration 166: only integer tensors of a single element can be converted to an index
2025-08-27 15:13:29,019 - ERROR - Error in Adam iteration 167: only integer tensors of a single element can be converted to an index
2025-08-27 15:13:29,030 - ERROR - Error in Adam iteration 168: only integer tensors of a single element can be converted to an index
2025-08-27 15:13:29,041 - ERROR - Error in Adam iteration 169: only integer tensors of a single element can be converted to an index
2025-08-27 15:13:29,051 - ERROR - Error in Adam iteration 170: only integer tensors of a single element can be converted to an index
2025-08-27 15:13:29,063 - ERROR - Error in Adam iteration 171: only integer tensors of a single element can be converted to an index
2025-08-27 15:13:29,075 - ERROR - Error in Adam iteration 172: only integer tensors of a single element can be converted to an index
2025-08-27 15:13:29,084 - ERROR - Error in Adam iteration 173: only integer tensors of a single element can be converted to an index
2025-08-27 15:13:29,096 - ERROR - Error in Adam iteration 174: only integer tensors of a single element can be converted to an index
2025-08-27 15:13:29,115 - ERROR - Error in Adam iteration 175: only integer tensors of a single element can be converted to an index
2025-08-27 15:13:29,127 - ERROR - Error in Adam iteration 176: only integer tensors of a single element can be converted to an index
2025-08-27 15:13:29,146 - ERROR - Error in Adam iteration 177: only integer tensors of a single element can be converted to an index
2025-08-27 15:13:29,161 - ERROR - Error in Adam iteration 178: only integer tensors of a single element can be converted to an index
2025-08-27 15:13:29,171 - ERROR - Error in Adam iteration 179: only integer tensors of a single element can be converted to an index
2025-08-27 15:13:29,185 - ERROR - Error in Adam iteration 180: only integer tensors of a single element can be converted to an index
2025-08-27 15:13:29,198 - ERROR - Error in Adam iteration 181: only integer tensors of a single element can be converted to an index
2025-08-27 15:13:29,209 - ERROR - Error in Adam iteration 182: only integer tensors of a single element can be converted to an index
2025-08-27 15:13:29,227 - ERROR - Error in Adam iteration 183: only integer tensors of a single element can be converted to an index
2025-08-27 15:13:29,240 - ERROR - Error in Adam iteration 184: only integer tensors of a single element can be converted to an index
2025-08-27 15:13:29,251 - ERROR - Error in Adam iteration 185: only integer tensors of a single element can be converted to an index
2025-08-27 15:13:29,264 - ERROR - Error in Adam iteration 186: only integer tensors of a single element can be converted to an index
2025-08-27 15:13:29,276 - ERROR - Error in Adam iteration 187: only integer tensors of a single element can be converted to an index
2025-08-27 15:13:29,288 - ERROR - Error in Adam iteration 188: only integer tensors of a single element can be converted to an index
2025-08-27 15:13:29,304 - ERROR - Error in Adam iteration 189: only integer tensors of a single element can be converted to an index
2025-08-27 15:13:29,316 - ERROR - Error in Adam iteration 190: only integer tensors of a single element can be converted to an index
2025-08-27 15:13:29,330 - ERROR - Error in Adam iteration 191: only integer tensors of a single element can be converted to an index
2025-08-27 15:13:29,341 - ERROR - Error in Adam iteration 192: only integer tensors of a single element can be converted to an index
2025-08-27 15:13:29,357 - ERROR - Error in Adam iteration 193: only integer tensors of a single element can be converted to an index
2025-08-27 15:13:29,370 - ERROR - Error in Adam iteration 194: only integer tensors of a single element can be converted to an index
2025-08-27 15:13:29,382 - ERROR - Error in Adam iteration 195: only integer tensors of a single element can be converted to an index
2025-08-27 15:13:29,391 - ERROR - Error in Adam iteration 196: only integer tensors of a single element can be converted to an index
2025-08-27 15:13:29,403 - ERROR - Error in Adam iteration 197: only integer tensors of a single element can be converted to an index
2025-08-27 15:13:29,421 - ERROR - Error in Adam iteration 198: only integer tensors of a single element can be converted to an index
2025-08-27 15:13:29,434 - ERROR - Error in Adam iteration 199: only integer tensors of a single element can be converted to an index
2025-08-27 15:13:29,446 - ERROR - Error in Adam iteration 200: only integer tensors of a single element can be converted to an index
2025-08-27 15:13:29,455 - ERROR - Error in Adam iteration 201: only integer tensors of a single element can be converted to an index
2025-08-27 15:13:29,468 - ERROR - Error in Adam iteration 202: only integer tensors of a single element can be converted to an index
2025-08-27 15:13:29,481 - ERROR - Error in Adam iteration 203: only integer tensors of a single element can be converted to an index
2025-08-27 15:13:29,491 - ERROR - Error in Adam iteration 204: only integer tensors of a single element can be converted to an index
2025-08-27 15:13:29,509 - ERROR - Error in Adam iteration 205: only integer tensors of a single element can be converted to an index
2025-08-27 15:13:29,519 - ERROR - Error in Adam iteration 206: only integer tensors of a single element can be converted to an index
2025-08-27 15:13:29,530 - ERROR - Error in Adam iteration 207: only integer tensors of a single element can be converted to an index
2025-08-27 15:13:29,542 - ERROR - Error in Adam iteration 208: only integer tensors of a single element can be converted to an index
2025-08-27 15:13:29,556 - ERROR - Error in Adam iteration 209: only integer tensors of a single element can be converted to an index
2025-08-27 15:13:29,568 - ERROR - Error in Adam iteration 210: only integer tensors of a single element can be converted to an index
2025-08-27 15:13:29,578 - ERROR - Error in Adam iteration 211: only integer tensors of a single element can be converted to an index
2025-08-27 15:13:29,589 - ERROR - Error in Adam iteration 212: only integer tensors of a single element can be converted to an index
2025-08-27 15:13:29,598 - ERROR - Error in Adam iteration 213: only integer tensors of a single element can be converted to an index
2025-08-27 15:13:29,607 - ERROR - Error in Adam iteration 214: only integer tensors of a single element can be converted to an index
2025-08-27 15:13:29,618 - ERROR - Error in Adam iteration 215: only integer tensors of a single element can be converted to an index
2025-08-27 15:13:29,630 - ERROR - Error in Adam iteration 216: only integer tensors of a single element can be converted to an index
2025-08-27 15:13:29,640 - ERROR - Error in Adam iteration 217: only integer tensors of a single element can be converted to an index
2025-08-27 15:13:29,650 - ERROR - Error in Adam iteration 218: only integer tensors of a single element can be converted to an index
2025-08-27 15:13:29,660 - ERROR - Error in Adam iteration 219: only integer tensors of a single element can be converted to an index
2025-08-27 15:13:29,669 - ERROR - Error in Adam iteration 220: only integer tensors of a single element can be converted to an index
2025-08-27 15:13:29,686 - ERROR - Error in Adam iteration 221: only integer tensors of a single element can be converted to an index
2025-08-27 15:13:29,697 - ERROR - Error in Adam iteration 222: only integer tensors of a single element can be converted to an index
2025-08-27 15:13:29,707 - ERROR - Error in Adam iteration 223: only integer tensors of a single element can be converted to an index
2025-08-27 15:13:29,724 - ERROR - Error in Adam iteration 224: only integer tensors of a single element can be converted to an index
2025-08-27 15:13:29,740 - ERROR - Error in Adam iteration 225: only integer tensors of a single element can be converted to an index
2025-08-27 15:13:29,749 - ERROR - Error in Adam iteration 226: only integer tensors of a single element can be converted to an index
2025-08-27 15:13:29,764 - ERROR - Error in Adam iteration 227: only integer tensors of a single element can be converted to an index
2025-08-27 15:13:29,777 - ERROR - Error in Adam iteration 228: only integer tensors of a single element can be converted to an index
2025-08-27 15:13:29,794 - ERROR - Error in Adam iteration 229: only integer tensors of a single element can be converted to an index
2025-08-27 15:13:29,805 - ERROR - Error in Adam iteration 230: only integer tensors of a single element can be converted to an index
2025-08-27 15:13:29,815 - ERROR - Error in Adam iteration 231: only integer tensors of a single element can be converted to an index
2025-08-27 15:13:29,826 - ERROR - Error in Adam iteration 232: only integer tensors of a single element can be converted to an index
2025-08-27 15:13:29,839 - ERROR - Error in Adam iteration 233: only integer tensors of a single element can be converted to an index
2025-08-27 15:13:29,854 - ERROR - Error in Adam iteration 234: only integer tensors of a single element can be converted to an index
2025-08-27 15:13:29,866 - ERROR - Error in Adam iteration 235: only integer tensors of a single element can be converted to an index
2025-08-27 15:13:29,878 - ERROR - Error in Adam iteration 236: only integer tensors of a single element can be converted to an index
2025-08-27 15:13:29,888 - ERROR - Error in Adam iteration 237: only integer tensors of a single element can be converted to an index
2025-08-27 15:13:29,896 - ERROR - Error in Adam iteration 238: only integer tensors of a single element can be converted to an index
2025-08-27 15:13:29,908 - ERROR - Error in Adam iteration 239: only integer tensors of a single element can be converted to an index
2025-08-27 15:13:29,926 - ERROR - Error in Adam iteration 240: only integer tensors of a single element can be converted to an index
2025-08-27 15:13:29,938 - ERROR - Error in Adam iteration 241: only integer tensors of a single element can be converted to an index
2025-08-27 15:13:29,951 - ERROR - Error in Adam iteration 242: only integer tensors of a single element can be converted to an index
2025-08-27 15:13:29,962 - ERROR - Error in Adam iteration 243: only integer tensors of a single element can be converted to an index
2025-08-27 15:13:29,970 - ERROR - Error in Adam iteration 244: only integer tensors of a single element can be converted to an index
2025-08-27 15:13:29,981 - ERROR - Error in Adam iteration 245: only integer tensors of a single element can be converted to an index
2025-08-27 15:13:29,994 - ERROR - Error in Adam iteration 246: only integer tensors of a single element can be converted to an index
2025-08-27 15:13:30,005 - ERROR - Error in Adam iteration 247: only integer tensors of a single element can be converted to an index
2025-08-27 15:13:30,014 - ERROR - Error in Adam iteration 248: only integer tensors of a single element can be converted to an index
2025-08-27 15:13:30,030 - ERROR - Error in Adam iteration 249: only integer tensors of a single element can be converted to an index
2025-08-27 15:13:30,039 - ERROR - Error in Adam iteration 250: only integer tensors of a single element can be converted to an index
2025-08-27 15:13:30,057 - ERROR - Error in Adam iteration 251: only integer tensors of a single element can be converted to an index
2025-08-27 15:13:30,075 - ERROR - Error in Adam iteration 252: only integer tensors of a single element can be converted to an index
2025-08-27 15:13:30,092 - ERROR - Error in Adam iteration 253: only integer tensors of a single element can be converted to an index
2025-08-27 15:13:30,102 - ERROR - Error in Adam iteration 254: only integer tensors of a single element can be converted to an index
2025-08-27 15:13:30,114 - ERROR - Error in Adam iteration 255: only integer tensors of a single element can be converted to an index
2025-08-27 15:13:30,128 - ERROR - Error in Adam iteration 256: only integer tensors of a single element can be converted to an index
2025-08-27 15:13:30,139 - ERROR - Error in Adam iteration 257: only integer tensors of a single element can be converted to an index
2025-08-27 15:13:30,156 - ERROR - Error in Adam iteration 258: only integer tensors of a single element can be converted to an index
2025-08-27 15:13:30,165 - ERROR - Error in Adam iteration 259: only integer tensors of a single element can be converted to an index
2025-08-27 15:13:30,180 - ERROR - Error in Adam iteration 260: only integer tensors of a single element can be converted to an index
2025-08-27 15:13:30,191 - ERROR - Error in Adam iteration 261: only integer tensors of a single element can be converted to an index
2025-08-27 15:13:30,200 - ERROR - Error in Adam iteration 262: only integer tensors of a single element can be converted to an index
2025-08-27 15:13:30,210 - ERROR - Error in Adam iteration 263: only integer tensors of a single element can be converted to an index
2025-08-27 15:13:30,220 - ERROR - Error in Adam iteration 264: only integer tensors of a single element can be converted to an index
2025-08-27 15:13:30,233 - ERROR - Error in Adam iteration 265: only integer tensors of a single element can be converted to an index
2025-08-27 15:13:30,245 - ERROR - Error in Adam iteration 266: only integer tensors of a single element can be converted to an index
2025-08-27 15:13:30,262 - ERROR - Error in Adam iteration 267: only integer tensors of a single element can be converted to an index
2025-08-27 15:13:30,271 - ERROR - Error in Adam iteration 268: only integer tensors of a single element can be converted to an index
2025-08-27 15:13:30,282 - ERROR - Error in Adam iteration 269: only integer tensors of a single element can be converted to an index
2025-08-27 15:13:30,294 - ERROR - Error in Adam iteration 270: only integer tensors of a single element can be converted to an index
2025-08-27 15:13:30,307 - ERROR - Error in Adam iteration 271: only integer tensors of a single element can be converted to an index
2025-08-27 15:13:30,318 - ERROR - Error in Adam iteration 272: only integer tensors of a single element can be converted to an index
2025-08-27 15:13:30,329 - ERROR - Error in Adam iteration 273: only integer tensors of a single element can be converted to an index
2025-08-27 15:13:30,338 - ERROR - Error in Adam iteration 274: only integer tensors of a single element can be converted to an index
2025-08-27 15:13:30,351 - ERROR - Error in Adam iteration 275: only integer tensors of a single element can be converted to an index
2025-08-27 15:13:30,365 - ERROR - Error in Adam iteration 276: only integer tensors of a single element can be converted to an index
2025-08-27 15:13:30,383 - ERROR - Error in Adam iteration 277: only integer tensors of a single element can be converted to an index
2025-08-27 15:13:30,396 - ERROR - Error in Adam iteration 278: only integer tensors of a single element can be converted to an index
2025-08-27 15:13:30,412 - ERROR - Error in Adam iteration 279: only integer tensors of a single element can be converted to an index
2025-08-27 15:13:30,427 - ERROR - Error in Adam iteration 280: only integer tensors of a single element can be converted to an index
2025-08-27 15:13:30,437 - ERROR - Error in Adam iteration 281: only integer tensors of a single element can be converted to an index
2025-08-27 15:13:30,449 - ERROR - Error in Adam iteration 282: only integer tensors of a single element can be converted to an index
2025-08-27 15:13:30,459 - ERROR - Error in Adam iteration 283: only integer tensors of a single element can be converted to an index
2025-08-27 15:13:30,473 - ERROR - Error in Adam iteration 284: only integer tensors of a single element can be converted to an index
2025-08-27 15:13:30,482 - ERROR - Error in Adam iteration 285: only integer tensors of a single element can be converted to an index
2025-08-27 15:13:30,493 - ERROR - Error in Adam iteration 286: only integer tensors of a single element can be converted to an index
2025-08-27 15:13:30,511 - ERROR - Error in Adam iteration 287: only integer tensors of a single element can be converted to an index
2025-08-27 15:13:30,523 - ERROR - Error in Adam iteration 288: only integer tensors of a single element can be converted to an index
2025-08-27 15:13:30,535 - ERROR - Error in Adam iteration 289: only integer tensors of a single element can be converted to an index
2025-08-27 15:13:30,552 - ERROR - Error in Adam iteration 290: only integer tensors of a single element can be converted to an index
2025-08-27 15:13:30,565 - ERROR - Error in Adam iteration 291: only integer tensors of a single element can be converted to an index
2025-08-27 15:13:30,577 - ERROR - Error in Adam iteration 292: only integer tensors of a single element can be converted to an index
2025-08-27 15:13:30,587 - ERROR - Error in Adam iteration 293: only integer tensors of a single element can be converted to an index
2025-08-27 15:13:30,599 - ERROR - Error in Adam iteration 294: only integer tensors of a single element can be converted to an index
2025-08-27 15:13:30,608 - ERROR - Error in Adam iteration 295: only integer tensors of a single element can be converted to an index
2025-08-27 15:13:30,618 - ERROR - Error in Adam iteration 296: only integer tensors of a single element can be converted to an index
2025-08-27 15:13:30,628 - ERROR - Error in Adam iteration 297: only integer tensors of a single element can be converted to an index
2025-08-27 15:13:30,638 - ERROR - Error in Adam iteration 298: only integer tensors of a single element can be converted to an index
2025-08-27 15:13:30,650 - ERROR - Error in Adam iteration 299: only integer tensors of a single element can be converted to an index
2025-08-27 15:13:30,663 - ERROR - Error in Adam iteration 300: only integer tensors of a single element can be converted to an index
2025-08-27 15:13:30,673 - ERROR - Error in Adam iteration 301: only integer tensors of a single element can be converted to an index
2025-08-27 15:13:30,685 - ERROR - Error in Adam iteration 302: only integer tensors of a single element can be converted to an index
2025-08-27 15:13:30,702 - ERROR - Error in Adam iteration 303: only integer tensors of a single element can be converted to an index
2025-08-27 15:13:30,714 - ERROR - Error in Adam iteration 304: only integer tensors of a single element can be converted to an index
2025-08-27 15:13:30,733 - ERROR - Error in Adam iteration 305: only integer tensors of a single element can be converted to an index
2025-08-27 15:13:30,744 - ERROR - Error in Adam iteration 306: only integer tensors of a single element can be converted to an index
2025-08-27 15:13:30,754 - ERROR - Error in Adam iteration 307: only integer tensors of a single element can be converted to an index
2025-08-27 15:13:30,770 - ERROR - Error in Adam iteration 308: only integer tensors of a single element can be converted to an index
2025-08-27 15:13:30,780 - ERROR - Error in Adam iteration 309: only integer tensors of a single element can be converted to an index
2025-08-27 15:13:30,792 - ERROR - Error in Adam iteration 310: only integer tensors of a single element can be converted to an index
2025-08-27 15:13:30,804 - ERROR - Error in Adam iteration 311: only integer tensors of a single element can be converted to an index
2025-08-27 15:13:30,817 - ERROR - Error in Adam iteration 312: only integer tensors of a single element can be converted to an index
2025-08-27 15:13:30,835 - ERROR - Error in Adam iteration 313: only integer tensors of a single element can be converted to an index
2025-08-27 15:13:30,846 - ERROR - Error in Adam iteration 314: only integer tensors of a single element can be converted to an index
2025-08-27 15:13:30,857 - ERROR - Error in Adam iteration 315: only integer tensors of a single element can be converted to an index
2025-08-27 15:13:30,868 - ERROR - Error in Adam iteration 316: only integer tensors of a single element can be converted to an index
2025-08-27 15:13:30,879 - ERROR - Error in Adam iteration 317: only integer tensors of a single element can be converted to an index
2025-08-27 15:13:30,893 - ERROR - Error in Adam iteration 318: only integer tensors of a single element can be converted to an index
2025-08-27 15:13:30,905 - ERROR - Error in Adam iteration 319: only integer tensors of a single element can be converted to an index
2025-08-27 15:13:30,917 - ERROR - Error in Adam iteration 320: only integer tensors of a single element can be converted to an index
2025-08-27 15:13:30,926 - ERROR - Error in Adam iteration 321: only integer tensors of a single element can be converted to an index
2025-08-27 15:13:30,942 - ERROR - Error in Adam iteration 322: only integer tensors of a single element can be converted to an index
2025-08-27 15:13:30,958 - ERROR - Error in Adam iteration 323: only integer tensors of a single element can be converted to an index
2025-08-27 15:13:30,969 - INFO - Training interrupted by user
2025-08-27 15:13:30,973 - INFO - Checkpoint saved: checkpoints\checkpoint_interrupted_0.pth
2025-08-27 15:13:30,973 - INFO - Training completed in 5.01 seconds
2025-08-27 15:13:30,973 - INFO - Final best loss: inf
2025-08-27 15:13:47,270 - INFO - Using GPU: cuda:0
2025-08-27 15:13:47,338 - WARNING - Found NaN values in outputs, filling with zeros
2025-08-27 15:13:47,341 - INFO - Loaded 100000 samples from data\train_data.csv
2025-08-27 15:13:47,358 - WARNING - Found NaN values in outputs, filling with zeros
2025-08-27 15:13:47,359 - INFO - Loaded 20000 samples from data\test_data.csv
2025-08-27 15:13:47,494 - INFO - Loaded datasets: train=100000, test=20000, physics=10000
2025-08-27 15:13:47,570 - INFO - PINN trainer initialized on device: cuda:0
2025-08-27 15:13:47,571 - INFO - Starting Adam optimization phase...
2025-08-27 15:13:48,292 - ERROR - Training failed with error: only integer tensors of a single element can be converted to an index
2025-08-27 15:13:48,293 - INFO - Training completed in 0.72 seconds
2025-08-27 15:13:48,293 - INFO - Final best loss: inf
2025-08-27 15:17:01,817 - INFO - Using GPU: cuda:0
2025-08-27 15:17:01,890 - WARNING - Found NaN values in outputs, filling with zeros
2025-08-27 15:17:01,893 - INFO - Loaded 100000 samples from data\train_data.csv
2025-08-27 15:17:01,911 - WARNING - Found NaN values in outputs, filling with zeros
2025-08-27 15:17:01,911 - INFO - Loaded 20000 samples from data\test_data.csv
2025-08-27 15:17:02,078 - INFO - Loaded datasets: train=100000, test=20000, physics=10000
2025-08-27 15:17:02,164 - INFO - PINN trainer initialized on device: cuda:0
2025-08-27 15:17:02,165 - INFO - Starting Adam optimization phase...
2025-08-27 15:18:39,253 - INFO - Using GPU: cuda:0
2025-08-27 15:18:39,322 - WARNING - Found NaN values in outputs, filling with zeros
2025-08-27 15:18:39,324 - INFO - Loaded 100000 samples from data\train_data.csv
2025-08-27 15:18:39,341 - WARNING - Found NaN values in outputs, filling with zeros
2025-08-27 15:18:39,341 - INFO - Loaded 20000 samples from data\test_data.csv
2025-08-27 15:18:39,477 - INFO - Loaded datasets: train=100000, test=20000, physics=10000
2025-08-27 15:18:39,552 - INFO - PINN trainer initialized on device: cuda:0
2025-08-27 15:18:39,553 - INFO - Starting Adam optimization phase...
2025-08-27 15:18:40,548 - ERROR - Training failed with error: Trying to backward through the graph a second time (or directly access saved tensors after they have already been freed). Saved intermediate values of the graph are freed when you call .backward() or autograd.grad(). Specify retain_graph=True if you need to backward through the graph a second time or if you need to access saved tensors after calling backward.
2025-08-27 15:18:40,548 - INFO - Training completed in 0.99 seconds
2025-08-27 15:18:40,548 - INFO - Final best loss: inf
2025-08-27 15:34:51,953 - INFO - Using GPU: cuda:0
2025-08-27 15:34:52,022 - WARNING - Found NaN values in outputs, filling with zeros
2025-08-27 15:34:52,024 - INFO - Loaded 100000 samples from data\train_data.csv
2025-08-27 15:34:52,041 - WARNING - Found NaN values in outputs, filling with zeros
2025-08-27 15:34:52,041 - INFO - Loaded 20000 samples from data\test_data.csv
2025-08-27 15:34:52,177 - INFO - Loaded datasets: train=100000, test=20000, physics=10000
2025-08-27 15:34:52,252 - INFO - PINN trainer initialized on device: cuda:0
2025-08-27 15:34:52,253 - INFO - Starting Adam optimization phase...
2025-08-27 15:34:53,078 - INFO - Checkpoint saved: checkpoints\checkpoint_adam_0.pth
2025-08-27 15:36:43,201 - INFO - Checkpoint saved: checkpoints\checkpoint_adam_5000.pth
2025-08-27 15:38:36,225 - INFO - Checkpoint saved: checkpoints\checkpoint_adam_10000.pth
2025-08-27 15:40:27,002 - INFO - Checkpoint saved: checkpoints\checkpoint_adam_15000.pth
2025-08-27 15:42:19,966 - INFO - Adam phase completed. Best loss: 0.000064
2025-08-27 15:42:19,967 - INFO - Starting L-BFGS optimization phase...
2025-08-27 15:42:19,974 - INFO - L-BFGS phase completed. Final best loss: 0.000064
2025-08-27 15:42:20,009 - INFO - Final model saved: checkpoints\final_model.pth
